-- MySQL dump 10.14  Distrib 5.5.44-MariaDB, for Linux (x86_64)
--
-- Host: rdsh343i1t8554k730tg.mysql.rds.aliyuncs.com    Database: nebula
-- ------------------------------------------------------
-- Server version	5.6.16-log

/*!40101 SET @OLD_CHARACTER_SET_CLIENT=@@CHARACTER_SET_CLIENT */;
/*!40101 SET @OLD_CHARACTER_SET_RESULTS=@@CHARACTER_SET_RESULTS */;
/*!40101 SET @OLD_COLLATION_CONNECTION=@@COLLATION_CONNECTION */;
/*!40101 SET NAMES utf8 */;
/*!40103 SET @OLD_TIME_ZONE=@@TIME_ZONE */;
/*!40103 SET TIME_ZONE='+00:00' */;
/*!40014 SET @OLD_UNIQUE_CHECKS=@@UNIQUE_CHECKS, UNIQUE_CHECKS=0 */;
/*!40014 SET @OLD_FOREIGN_KEY_CHECKS=@@FOREIGN_KEY_CHECKS, FOREIGN_KEY_CHECKS=0 */;
/*!40101 SET @OLD_SQL_MODE=@@SQL_MODE, SQL_MODE='NO_AUTO_VALUE_ON_ZERO' */;
/*!40111 SET @OLD_SQL_NOTES=@@SQL_NOTES, SQL_NOTES=0 */;

--
-- Table structure for table `acl_permission`
--

DROP TABLE IF EXISTS `acl_permission`;
/*!40101 SET @saved_cs_client     = @@character_set_client */;
/*!40101 SET character_set_client = utf8 */;
CREATE TABLE `acl_permission` (
  `id` int(11) NOT NULL AUTO_INCREMENT,
  `permission_name` varchar(100) DEFAULT NULL COMMENT '权限名称',
  `permission_cname` varchar(100) DEFAULT NULL,
  `permission_desc` varchar(255) DEFAULT NULL COMMENT '权限描述',
  `permission` varchar(255) DEFAULT NULL COMMENT '权限',
  `permission_type` varchar(50) DEFAULT NULL COMMENT '类型',
  `url` varchar(255) DEFAULT NULL COMMENT 'url',
  `pid` int(11) DEFAULT NULL COMMENT '父id',
  `pids` varchar(100) DEFAULT NULL COMMENT '层级关系',
  `is_enable` varchar(5) DEFAULT NULL COMMENT '是否启用',
  PRIMARY KEY (`id`)
) ENGINE=InnoDB AUTO_INCREMENT=41 DEFAULT CHARSET=utf8 ROW_FORMAT=DYNAMIC;
/*!40101 SET character_set_client = @saved_cs_client */;

--
-- Dumping data for table `acl_permission`
--

LOCK TABLES `acl_permission` WRITE;
/*!40000 ALTER TABLE `acl_permission` DISABLE KEYS */;
INSERT INTO `acl_permission` VALUES (1,'user','用户管理','用户管理','user:page','menu','user/list.htm',0,NULL,'1'),(2,'user:add','用户添加','用户添加','user:add','button','',1,NULL,'1'),(4,'user:update','用户更新','用户更新','user:update','button','',1,NULL,'1'),(5,'user:delete','用户删除','用户删除','user:delete','button','',1,NULL,'1'),(6,'user:view','用户查询','用户查询','user:view','button','',1,NULL,'1'),(7,'permission','资源管理','资源管理','permission:page','menu','permission/list.htm',0,NULL,'1'),(8,'permission:add','资源添加','资源添加','permission:add','button','',7,NULL,'1'),(9,'permission:update','资源更新','资源更新','permission:update','button','',7,NULL,'1'),(10,'permission:delete','资源删除','资源删除','permission:delete','button','',7,NULL,'1'),(11,'permission:view','资源查询','资源查询','permission:view','button','',7,NULL,'1'),(12,'role','角色管理','角色管理','role:page','menu','role/list.htm',0,NULL,'1'),(13,'role:add','角色添加','角色添加','role:add','button','',12,NULL,'1'),(14,'role:delete','角色删除','角色删除','role:delete','button','',12,NULL,'1'),(15,'role:update','角色更新','角色更新','role:update','button','',12,NULL,'1'),(16,'role:view','角色查询','角色查询','role:view','button','',12,NULL,'1'),(21,'publishapply','发布申请','发布申请','publishapply:page','menu','/publish/event.htm',0,NULL,'1'),(22,'publishevent','发布操作','发布操作','publishevent:page','menu','/publish/list.htm',0,NULL,'1'),(24,'publishapply:commit','发布提交','发布提交','publishapply:commit','button','',21,NULL,'1'),(25,'publishevent:view','发布查看','发布查看','publishevent:view','button','',22,NULL,'1'),(26,'publishevnt:prePublishMaster','准备发布','准备发布','publishevnt:prePublishMaster','button','',22,NULL,'1'),(27,'publishevnt:prePublishMinion','启动预发布','启动预发布','publishevnt:prePublishMinion','button','',22,NULL,'1'),(28,'publishevnt:publishReal','启动正式发布','启动正式发布','publishevnt:publishReal','button','',22,NULL,'1'),(29,'publishevnt:publishContinue','发布重试','发布重试','publishevnt:publishContinue','button','',22,NULL,'1'),(30,'publishevnt:publishSuccessEnd','确认发布成功','确认发布成功','publishevnt:publishSuccessEnd','button','',22,NULL,'1'),(31,'publishevnt:publishFailEnd','回滚','回滚','publishevnt:publishFailEnd','button','',22,NULL,'1'),(32,'publishevnt:retryPublishRollback','重新发布','重新发布','publishevnt:retryPublishRollback','button','',22,NULL,'1'),(33,'publishevnt:updateEtcEnd','Etc编辑完成','Etc编辑完成','publishevnt:updateEtcEnd','button','',22,NULL,'1'),(34,'publishevnt:addnextpublish','发布升级','发布升级','publishevnt:addnextpublish','button','',22,NULL,'1'),(35,'publishevnt:fileEdit','编辑etc','编辑etc','publishevnt:updateEtc','button','',22,'','1'),(36,'publishevnt:delete','发布事件删除','发布事件删除','publishevnt:delete','button','',22,'','1'),(37,'publishevent:approval','发布审批','发布审批','publishevent:approval','button','',22,NULL,'1'),(40,'user:updatePassword','修改密码','修改密码','user:updatePassword','button','',1,NULL,'1');
/*!40000 ALTER TABLE `acl_permission` ENABLE KEYS */;
UNLOCK TABLES;

--
-- Table structure for table `acl_role`
--

DROP TABLE IF EXISTS `acl_role`;
/*!40101 SET @saved_cs_client     = @@character_set_client */;
/*!40101 SET character_set_client = utf8 */;
CREATE TABLE `acl_role` (
  `id` int(11) NOT NULL AUTO_INCREMENT,
  `role_name` varchar(100) DEFAULT NULL COMMENT '角色名称',
  `role_cname` varchar(100) DEFAULT NULL,
  `role_desc` varchar(255) DEFAULT NULL COMMENT '角色描述',
  `is_enable` int(5) DEFAULT NULL,
  PRIMARY KEY (`id`)
) ENGINE=InnoDB AUTO_INCREMENT=9 DEFAULT CHARSET=utf8 ROW_FORMAT=DYNAMIC;
/*!40101 SET character_set_client = @saved_cs_client */;

--
-- Dumping data for table `acl_role`
--

LOCK TABLES `acl_role` WRITE;
/*!40000 ALTER TABLE `acl_role` DISABLE KEYS */;
INSERT INTO `acl_role` VALUES (1,'root','超级管理员','超级管理员',1),(2,'committer','提交人','提交人',1),(3,'publisher','发布人','发布人',1),(4,'observer','观察者','观察者',1),(5,'admin','管理员','管理员',1),(8,'examine','部门主管','发布人+审批人',1);
/*!40000 ALTER TABLE `acl_role` ENABLE KEYS */;
UNLOCK TABLES;

--
-- Table structure for table `acl_role_permission`
--

DROP TABLE IF EXISTS `acl_role_permission`;
/*!40101 SET @saved_cs_client     = @@character_set_client */;
/*!40101 SET character_set_client = utf8 */;
CREATE TABLE `acl_role_permission` (
  `id` int(11) NOT NULL AUTO_INCREMENT,
  `role_id` int(11) DEFAULT NULL COMMENT '角色id',
  `permission_id` int(11) DEFAULT NULL COMMENT '权限id',
  PRIMARY KEY (`id`)
) ENGINE=InnoDB AUTO_INCREMENT=377 DEFAULT CHARSET=utf8 ROW_FORMAT=DYNAMIC;
/*!40101 SET character_set_client = @saved_cs_client */;

--
-- Dumping data for table `acl_role_permission`
--

LOCK TABLES `acl_role_permission` WRITE;
/*!40000 ALTER TABLE `acl_role_permission` DISABLE KEYS */;
INSERT INTO `acl_role_permission` VALUES (145,4,22),(146,4,25),(152,2,21),(153,2,24),(217,1,22),(218,1,37),(219,1,36),(220,1,35),(221,1,34),(222,1,33),(223,1,32),(224,1,31),(225,1,30),(226,1,29),(227,1,28),(228,1,27),(229,1,26),(230,1,25),(231,1,21),(232,1,24),(233,1,12),(234,1,16),(235,1,15),(236,1,14),(237,1,13),(238,1,7),(239,1,11),(240,1,10),(241,1,9),(242,1,8),(243,1,1),(244,1,40),(245,1,6),(246,1,5),(247,1,4),(248,1,2),(275,7,22),(276,7,37),(277,7,35),(278,7,33),(279,7,30),(280,7,25),(281,7,21),(282,7,24),(294,6,22),(295,6,37),(296,6,36),(297,6,33),(319,3,22),(320,3,35),(321,3,34),(322,3,33),(323,3,32),(324,3,31),(325,3,30),(326,3,29),(327,3,28),(328,3,27),(329,3,26),(330,3,25),(331,3,21),(332,3,24),(333,8,22),(334,8,37),(335,8,36),(336,8,35),(337,8,34),(338,8,33),(339,8,32),(340,8,31),(341,8,30),(342,8,29),(343,8,28),(344,8,27),(345,8,26),(346,8,25),(347,8,21),(348,8,24),(349,5,22),(350,5,37),(351,5,36),(352,5,35),(353,5,34),(354,5,33),(355,5,32),(356,5,31),(357,5,30),(358,5,29),(359,5,28),(360,5,27),(361,5,26),(362,5,25),(363,5,21),(364,5,24),(365,5,12),(366,5,16),(367,5,7),(368,5,11),(369,5,10),(370,5,9),(371,5,8),(372,5,1),(373,5,40),(374,5,6),(375,5,4),(376,5,2);
/*!40000 ALTER TABLE `acl_role_permission` ENABLE KEYS */;
UNLOCK TABLES;

--
-- Table structure for table `acl_user_role`
--

DROP TABLE IF EXISTS `acl_user_role`;
/*!40101 SET @saved_cs_client     = @@character_set_client */;
/*!40101 SET character_set_client = utf8 */;
CREATE TABLE `acl_user_role` (
  `id` int(11) NOT NULL AUTO_INCREMENT,
  `emp_id` int(11) DEFAULT NULL COMMENT '工号',
  `role_id` int(11) DEFAULT NULL COMMENT '角色id',
  PRIMARY KEY (`id`)
) ENGINE=InnoDB AUTO_INCREMENT=221 DEFAULT CHARSET=utf8 ROW_FORMAT=DYNAMIC;
/*!40101 SET character_set_client = @saved_cs_client */;

--
-- Dumping data for table `acl_user_role`
--

LOCK TABLES `acl_user_role` WRITE;
/*!40000 ALTER TABLE `acl_user_role` DISABLE KEYS */;
INSERT INTO `acl_user_role` VALUES (10,1,5),(20,6,1),(135,47,1),(162,75,3),(163,75,2),(169,5,8),(171,18,3),(172,18,2),(173,28,3),(174,28,2),(176,216,5),(177,269,5),(178,246,5),(179,77,8),(184,79,8),(185,88,8),(186,74,3),(187,74,2),(188,87,3),(189,87,2),(190,100,4),(191,100,3),(192,100,2),(193,101,4),(194,101,3),(195,101,2),(196,102,4),(197,102,3),(198,102,2),(199,103,4),(200,103,3),(201,103,2),(203,71,8),(206,49,5),(213,7,3),(214,7,2),(215,29,3),(216,29,2),(217,202,3),(218,202,2),(219,134,3),(220,134,2);
/*!40000 ALTER TABLE `acl_user_role` ENABLE KEYS */;
UNLOCK TABLES;

--
-- Table structure for table `nebula_publish_app`
--

DROP TABLE IF EXISTS `nebula_publish_app`;
/*!40101 SET @saved_cs_client     = @@character_set_client */;
/*!40101 SET character_set_client = utf8 */;
CREATE TABLE `nebula_publish_app` (
  `id` int(11) NOT NULL AUTO_INCREMENT,
  `publish_event_id` int(11) DEFAULT NULL COMMENT '发布事件id',
  `publish_module_id` int(11) DEFAULT NULL COMMENT '发布模块id',
  `publish_app_name` varchar(50) DEFAULT NULL COMMENT '发布工程',
  PRIMARY KEY (`id`),
  UNIQUE KEY `unique_module_id_app_name` (`publish_module_id`,`publish_app_name`)
) ENGINE=InnoDB AUTO_INCREMENT=577 DEFAULT CHARSET=utf8 ROW_FORMAT=DYNAMIC;
/*!40101 SET character_set_client = @saved_cs_client */;

--
-- Dumping data for table `nebula_publish_app`
--

LOCK TABLES `nebula_publish_app` WRITE;
/*!40000 ALTER TABLE `nebula_publish_app` DISABLE KEYS */;
INSERT INTO `nebula_publish_app` VALUES (1,2,1,'arsenal-web'),(2,2,1,'arsenal-api'),(3,3,2,'arsenal-web'),(4,3,2,'arsenal-api'),(5,5,3,'arsenal-web'),(6,5,3,'arsenal-api'),(9,7,5,'arsenal-web'),(10,7,5,'arsenal-api'),(11,8,6,'arsenal-web'),(12,8,6,'arsenal-api'),(13,9,7,'buyer-rest'),(14,9,7,'front'),(15,9,7,'dzg-system-rest'),(16,9,7,'webim-rest'),(17,9,7,'evaluation-rest'),(18,9,7,'seller-rest'),(19,9,7,'freight-enquiry-rest'),(20,9,7,'freight-quote-front'),(21,9,7,'fx'),(22,9,7,'point-web'),(23,9,7,'membership-rest'),(24,9,7,'freight-quote-rest'),(25,9,7,'dzg-theme'),(26,9,8,'dcas2'),(27,9,9,'efcl-enquiry-ds'),(28,9,9,'point-ds'),(29,9,9,'dzg-analysis-ds'),(30,9,9,'evaluation-ds'),(31,9,9,'dzg-system-ds'),(32,9,9,'mmembership'),(33,9,9,'efcl-quote-ds'),(34,9,9,'exchange-buyer-ds'),(35,9,9,'elcl-enquiry-ds'),(36,9,9,'webim-ds'),(37,9,9,'elcl-quote-ds'),(38,9,9,'exchange-seller-ds'),(39,13,10,'arsenal-web'),(40,13,10,'arsenal-api'),(67,22,14,'buyer-rest'),(68,22,14,'front'),(69,22,14,'dzg-system-rest'),(70,22,14,'webim-rest'),(71,22,14,'evaluation-rest'),(72,22,14,'seller-rest'),(73,22,14,'freight-enquiry-rest'),(74,22,14,'freight-quote-front'),(75,22,14,'fx'),(76,22,14,'point-web'),(77,22,14,'membership-rest'),(78,22,14,'freight-quote-rest'),(79,22,14,'dzg-theme'),(80,22,15,'dcas2'),(81,22,16,'efcl-enquiry-ds'),(82,22,16,'point-ds'),(83,22,16,'dzg-analysis-ds'),(84,22,16,'evaluation-ds'),(85,22,16,'dzg-system-ds'),(86,22,16,'mmembership'),(87,22,16,'efcl-quote-ds'),(88,22,16,'exchange-buyer-ds'),(89,22,16,'elcl-enquiry-ds'),(90,22,16,'webim-ds'),(91,22,16,'elcl-quote-ds'),(92,22,16,'exchange-seller-ds'),(93,23,17,'arsenal-web'),(94,23,17,'arsenal-api'),(95,25,18,'buyer-rest'),(96,25,18,'front'),(97,25,18,'dzg-system-rest'),(98,25,18,'webim-rest'),(99,25,18,'evaluation-rest'),(100,25,18,'seller-rest'),(101,25,18,'freight-enquiry-rest'),(102,25,18,'freight-quote-front'),(103,25,18,'fx'),(104,25,18,'point-web'),(105,25,18,'membership-rest'),(106,25,18,'freight-quote-rest'),(107,25,18,'dzg-theme'),(108,25,19,'dcas2'),(109,25,20,'efcl-enquiry-ds'),(110,25,20,'point-ds'),(111,25,20,'dzg-analysis-ds'),(112,25,20,'evaluation-ds'),(113,25,20,'dzg-system-ds'),(114,25,20,'mmembership'),(115,25,20,'efcl-quote-ds'),(116,25,20,'exchange-buyer-ds'),(117,25,20,'elcl-enquiry-ds'),(118,25,20,'webim-ds'),(119,25,20,'elcl-quote-ds'),(120,25,20,'exchange-seller-ds'),(125,28,23,'arsenal-web'),(126,28,23,'arsenal-api'),(127,29,24,'arsenal-web'),(128,29,24,'arsenal-api'),(129,30,25,'buyer-rest'),(130,30,25,'front'),(131,30,25,'dzg-system-rest'),(132,30,25,'webim-rest'),(133,30,25,'evaluation-rest'),(134,30,25,'seller-rest'),(135,30,25,'freight-enquiry-rest'),(136,30,25,'freight-quote-front'),(137,30,25,'fx'),(138,30,25,'point-web'),(139,30,25,'membership-rest'),(140,30,25,'freight-quote-rest'),(141,30,25,'dzg-theme'),(142,30,26,'dcas2'),(143,30,27,'efcl-enquiry-ds'),(144,30,27,'point-ds'),(145,30,27,'dzg-analysis-ds'),(146,30,27,'evaluation-ds'),(147,30,27,'dzg-system-ds'),(148,30,27,'mmembership'),(149,30,27,'efcl-quote-ds'),(150,30,27,'exchange-buyer-ds'),(151,30,27,'elcl-enquiry-ds'),(152,30,27,'webim-ds'),(153,30,27,'elcl-quote-ds'),(154,30,27,'exchange-seller-ds'),(155,31,28,'arsenal-web'),(156,31,28,'arsenal-api'),(157,32,29,'arsenal-web'),(158,32,29,'arsenal-api'),(159,35,30,'arsenal-web'),(160,35,30,'arsenal-api'),(161,36,31,'arsenal-web'),(162,36,31,'arsenal-api'),(163,37,32,'arsenal-web'),(164,37,32,'arsenal-api'),(165,38,33,'arsenal-web'),(166,38,33,'arsenal-api'),(167,39,34,'arsenal-web'),(168,39,34,'arsenal-api'),(169,40,35,'arsenal-web'),(170,40,35,'arsenal-api'),(171,41,36,'arsenal-web'),(172,41,36,'arsenal-api'),(173,42,37,'buyer-rest'),(174,42,37,'front'),(175,42,37,'dzg-system-rest'),(176,42,37,'webim-rest'),(177,42,37,'evaluation-rest'),(178,42,37,'seller-rest'),(179,42,37,'freight-enquiry-rest'),(180,42,37,'freight-quote-front'),(181,42,37,'fx'),(182,42,37,'point-web'),(183,42,37,'membership-rest'),(184,42,37,'freight-quote-rest'),(185,42,37,'dzg-theme'),(186,42,38,'dcas2'),(187,42,39,'efcl-enquiry-ds'),(188,42,39,'point-ds'),(189,42,39,'dzg-analysis-ds'),(190,42,39,'evaluation-ds'),(191,42,39,'dzg-system-ds'),(192,42,39,'mmembership'),(193,42,39,'efcl-quote-ds'),(194,42,39,'exchange-buyer-ds'),(195,42,39,'elcl-enquiry-ds'),(196,42,39,'webim-ds'),(197,42,39,'elcl-quote-ds'),(198,42,39,'exchange-seller-ds'),(199,43,40,'buyer-rest'),(200,43,40,'front'),(201,43,40,'dzg-system-rest'),(202,43,40,'webim-rest'),(203,43,40,'evaluation-rest'),(204,43,40,'seller-rest'),(205,43,40,'freight-enquiry-rest'),(206,43,40,'freight-quote-front'),(207,43,40,'fx'),(208,43,40,'point-web'),(209,43,40,'membership-rest'),(210,43,40,'freight-quote-rest'),(211,43,40,'dzg-theme'),(212,43,41,'dcas2'),(213,43,42,'efcl-enquiry-ds'),(214,43,42,'point-ds'),(215,43,42,'dzg-analysis-ds'),(216,43,42,'evaluation-ds'),(217,43,42,'dzg-system-ds'),(218,43,42,'mmembership'),(219,43,42,'efcl-quote-ds'),(220,43,42,'exchange-buyer-ds'),(221,43,42,'elcl-enquiry-ds'),(222,43,42,'webim-ds'),(223,43,42,'elcl-quote-ds'),(224,43,42,'exchange-seller-ds'),(225,44,43,'buyer-rest'),(226,44,43,'front'),(227,44,43,'dzg-system-rest'),(228,44,43,'webim-rest'),(229,44,43,'evaluation-rest'),(230,44,43,'seller-rest'),(231,44,43,'freight-enquiry-rest'),(232,44,43,'freight-quote-front'),(233,44,43,'fx'),(234,44,43,'point-web'),(235,44,43,'membership-rest'),(236,44,43,'freight-quote-rest'),(237,44,43,'dzg-theme'),(238,44,44,'dcas2'),(239,44,45,'efcl-enquiry-ds'),(240,44,45,'point-ds'),(241,44,45,'dzg-analysis-ds'),(242,44,45,'evaluation-ds'),(243,44,45,'dzg-system-ds'),(244,44,45,'mmembership'),(245,44,45,'efcl-quote-ds'),(246,44,45,'exchange-buyer-ds'),(247,44,45,'elcl-enquiry-ds'),(248,44,45,'webim-ds'),(249,44,45,'elcl-quote-ds'),(250,44,45,'exchange-seller-ds'),(251,45,46,'front'),(252,45,46,'freight-enquiry-rest'),(253,45,47,'efcl-enquiry-ds'),(254,45,47,'mmembership'),(255,45,47,'efcl-quote-ds'),(256,46,48,'front'),(257,46,48,'freight-enquiry-rest'),(258,46,49,'efcl-enquiry-ds'),(259,46,49,'mmembership'),(260,46,49,'efcl-quote-ds'),(261,47,50,'arsenal-web'),(262,47,50,'arsenal-api'),(263,48,51,'arsenal-web'),(264,48,51,'arsenal-api'),(265,50,52,'freight-enquiry-rest'),(266,50,53,'efcl-enquiry-ds'),(267,51,54,'front'),(268,52,55,'front'),(269,53,56,'buyer-rest'),(270,53,56,'front'),(271,53,56,'dzg-system-rest'),(272,53,56,'evaluation-rest'),(273,53,56,'seller-rest'),(274,53,56,'freight-enquiry-rest'),(275,53,56,'point-web'),(276,53,56,'freight-quote-rest'),(277,53,57,'efcl-enquiry-ds'),(278,53,57,'point-ds'),(279,53,57,'dzg-analysis-ds'),(280,53,57,'evaluation-ds'),(281,53,57,'dzg-system-ds'),(282,53,57,'efcl-quote-ds'),(283,53,57,'elcl-enquiry-ds'),(284,53,57,'elcl-quote-ds'),(285,54,58,'buyer-rest'),(286,54,58,'front'),(287,54,58,'dzg-system-rest'),(288,54,58,'evaluation-rest'),(289,54,58,'seller-rest'),(290,54,58,'freight-enquiry-rest'),(291,54,58,'point-web'),(292,54,58,'freight-quote-rest'),(293,54,59,'efcl-enquiry-ds'),(294,54,59,'point-ds'),(295,54,59,'dzg-analysis-ds'),(296,54,59,'evaluation-ds'),(297,54,59,'dzg-system-ds'),(298,54,59,'efcl-quote-ds'),(299,54,59,'elcl-enquiry-ds'),(300,54,59,'elcl-quote-ds'),(301,56,60,'arsenal-web'),(302,56,60,'arsenal-api'),(303,57,61,'front'),(304,58,62,'front'),(305,59,63,'front'),(306,60,64,'front'),(307,61,65,'front'),(308,62,66,'front'),(309,63,67,'front'),(310,64,68,'front'),(311,65,69,'front'),(312,65,69,'freight-enquiry-rest'),(313,66,70,'front'),(314,66,70,'freight-enquiry-rest'),(315,67,71,'freight-enquiry-rest'),(316,67,72,'elcl-quote-ds'),(317,70,73,'exam'),(318,71,74,'exam'),(319,72,75,'exam'),(320,73,76,'exam'),(321,74,77,'exam'),(322,75,78,'exam'),(323,76,79,'exam'),(324,77,80,'front'),(325,77,80,'freight-enquiry-rest'),(326,77,80,'freight-quote-rest'),(327,77,81,'efcl-enquiry-ds'),(328,77,81,'efcl-quote-ds'),(329,78,82,'mci'),(330,78,82,'msg'),(331,79,83,'front'),(332,79,83,'freight-enquiry-rest'),(333,79,83,'freight-quote-rest'),(334,79,84,'efcl-enquiry-ds'),(335,79,84,'efcl-quote-ds'),(336,80,85,'front'),(337,80,85,'freight-enquiry-rest'),(338,80,85,'freight-quote-rest'),(339,80,86,'efcl-enquiry-ds'),(340,80,86,'efcl-quote-ds'),(341,81,87,'mci'),(342,81,87,'msg'),(343,82,88,'front'),(344,82,88,'freight-enquiry-rest'),(345,82,88,'freight-quote-rest'),(346,82,89,'efcl-enquiry-ds'),(347,82,89,'efcl-quote-ds'),(348,83,90,'front'),(349,83,90,'freight-enquiry-rest'),(350,83,90,'freight-quote-rest'),(351,83,91,'efcl-enquiry-ds'),(352,83,91,'efcl-quote-ds'),(353,84,92,'front'),(354,84,92,'freight-enquiry-rest'),(355,84,92,'freight-quote-rest'),(356,84,93,'efcl-enquiry-ds'),(357,84,93,'efcl-quote-ds'),(358,85,94,'efcl-quote-ds'),(359,86,95,'efcl-quote-ds'),(361,87,97,'efcl-quote-ds'),(362,88,98,'efcl-quote-ds'),(363,89,99,'qy-main'),(364,89,99,'qy-manage'),(365,89,99,'useranalysis-wx'),(366,90,100,'qy-main'),(367,90,100,'qy-manage'),(368,90,100,'useranalysis-wx'),(369,91,101,'qy-main'),(370,91,101,'qy-manage'),(371,91,101,'useranalysis-wx'),(372,92,102,'freight-main-rest'),(373,92,102,'freight-efcl-ds'),(374,92,102,'freight-efcl-rest'),(375,93,103,'freight-main-rest'),(376,93,103,'freight-efcl-ds'),(377,93,103,'freight-efcl-rest'),(378,94,104,'freight-main-rest'),(379,94,104,'freight-efcl-ds'),(380,94,104,'freight-efcl-rest'),(381,95,105,'weixinwall-front'),(382,95,105,'share-front'),(383,96,106,'weixinwall-front'),(384,96,106,'share-front'),(385,97,107,'weixinwall-front'),(386,97,107,'share-front'),(387,97,107,'weixin-main'),(388,98,108,'weixinwall-front'),(389,98,108,'share-front'),(390,98,108,'weixin-main'),(391,101,109,'weixinwall-front'),(392,101,109,'share-front'),(393,101,109,'weixin-main'),(394,102,110,'weixinwall-front'),(395,102,110,'share-front'),(396,102,110,'weixin-main'),(397,103,111,'freight-main-rest'),(398,103,111,'freight-efcl-ds'),(399,103,111,'freight-efcl-rest'),(400,104,112,'freight-main-rest'),(401,104,112,'freight-efcl-ds'),(402,104,112,'freight-efcl-rest'),(403,105,113,'freight-main-rest'),(404,105,113,'freight-efcl-ds'),(405,105,113,'freight-efcl-rest'),(406,106,114,'freight-main-rest'),(407,106,114,'freight-efcl-ds'),(408,106,114,'freight-efcl-rest'),(409,107,115,'weixinwall-front'),(410,107,115,'share-front'),(411,107,115,'weixin-main'),(412,108,116,'arsenal-web'),(413,108,116,'arsenal-api'),(414,109,117,'freight-main-rest'),(415,109,117,'freight-efcl-ds'),(416,109,117,'freight-efcl-rest'),(419,111,119,'im-common-history'),(420,111,119,'im-common'),(421,112,120,'im-common-history'),(422,112,120,'im-common'),(423,113,121,'serviceportal-weixin'),(424,114,122,'serviceportal-weixin'),(425,115,123,'base-datads-front'),(426,115,123,'bdatads'),(427,115,123,'bdatadsrest'),(428,116,124,'diamond-server'),(429,117,125,'early-warning-ds'),(430,118,126,'dcas2'),(431,119,127,'buyer-rest'),(432,119,127,'front'),(433,119,127,'dzg-system-rest'),(434,119,127,'seller-rest'),(435,119,127,'freight-enquiry-rest'),(436,119,127,'membership-rest'),(437,119,127,'freight-quote-rest'),(438,119,128,'efcl-enquiry-ds'),(439,119,128,'dzg-system-ds'),(440,119,128,'mmembership'),(441,119,128,'efcl-quote-ds'),(442,119,128,'elcl-enquiry-ds'),(443,119,128,'elcl-quote-ds'),(444,120,129,'dcas2'),(445,121,130,'bmp'),(446,121,130,'crmweb'),(447,122,131,'bmp'),(448,122,131,'crmweb'),(449,123,132,'front'),(450,123,133,'efcl-quote-ds'),(451,124,134,'bmp'),(452,124,134,'crmweb'),(453,125,135,'dcas2'),(454,126,136,'exam'),(455,127,137,'exam'),(456,128,138,'exam'),(457,129,139,'exam'),(458,130,140,'exam'),(459,131,141,'buyer-rest'),(460,131,141,'front'),(461,131,141,'dzg-system-rest'),(462,131,141,'freight-enquiry-rest'),(463,131,141,'membership-rest'),(464,131,142,'efcl-enquiry-ds'),(465,131,142,'dzg-analysis-ds'),(466,131,142,'mmembership'),(467,131,142,'efcl-quote-ds'),(468,131,142,'elcl-enquiry-ds'),(469,132,143,'serviceportal-weixin'),(470,133,144,'exam'),(471,134,145,'bmp'),(472,134,145,'ommember'),(473,134,145,'crmweb'),(474,136,146,'base-datads-front'),(475,136,146,'bdatads'),(476,136,146,'bdatadsrest'),(477,135,147,'im-common-history'),(478,135,147,'im-common'),(479,137,148,'bmp'),(480,137,148,'ommember'),(481,137,148,'crmweb'),(484,139,150,'base-membershipds'),(485,140,151,'qy-manage'),(486,140,151,'qy-message'),(489,138,153,'im-common-history'),(490,138,153,'im-common'),(491,141,154,'base-membershipds'),(492,142,155,'im-common-history'),(493,142,155,'im-common'),(494,143,156,'im-common-history'),(495,143,156,'im-common'),(496,144,157,'im-common-history'),(497,144,157,'im-common'),(498,145,158,'im-common-history'),(499,145,158,'im-common'),(500,146,159,'base-membershipds'),(501,147,160,'base-membershipds'),(502,148,161,'qy-manage'),(503,148,161,'qy-message'),(504,149,162,'diamond-server'),(505,150,163,'ommember'),(506,151,164,'arsenal-web'),(507,151,164,'arsenal-api'),(508,152,165,'diamond-server'),(509,153,166,'diamond-server'),(510,154,167,'diamond-server'),(511,155,168,'diamond-server'),(512,156,169,'front'),(513,157,170,'front'),(514,159,171,'front'),(515,160,172,'front'),(516,161,173,'freight-eair-ds'),(517,161,173,'freight-elcl-ds'),(518,162,174,'base-freightds-efcl'),(519,163,175,'inner-freight'),(520,164,176,'qy-main'),(521,164,176,'meetinginfo-wx'),(522,164,176,'qy-manage'),(523,164,176,'meetinginfo-ds'),(524,165,177,'freight-eair-ds'),(525,165,177,'freight-main-rest'),(526,165,177,'marketing-portal-rest'),(527,165,177,'freight-elcl-rest'),(528,165,177,'freight-efcl-ds'),(529,165,177,'freight-efcl-rest'),(530,165,177,'freight-eair-rest'),(531,165,177,'freight-elcl-ds'),(532,166,178,'base-freightds-efcl'),(533,166,178,'base-freightds-elcl'),(534,167,179,'inner-freight'),(535,168,180,'qy-main'),(536,168,180,'meetinginfo-wx'),(537,168,180,'qy-manage'),(538,168,180,'meetinginfo-ds'),(539,169,181,'marketing-portal-rest'),(540,170,182,'freight-eair-ds'),(541,170,182,'freight-main-rest'),(542,170,182,'marketing-portal-rest'),(543,170,182,'freight-elcl-rest'),(544,170,182,'freight-efcl-ds'),(545,170,182,'freight-efcl-rest'),(546,170,182,'freight-eair-rest'),(547,170,182,'freight-elcl-ds'),(548,172,183,'im-common'),(549,173,184,'arsenal-web'),(550,173,184,'arsenal-api'),(551,174,185,'arsenal-web'),(552,174,185,'arsenal-api'),(553,175,186,'arsenal-web'),(554,175,186,'arsenal-api'),(555,177,187,'arsenal-web'),(556,177,187,'arsenal-api'),(557,178,188,'sso'),(558,178,188,'infoservice-wx'),(559,178,188,'wxmenu-front'),(560,178,188,'weixin-manage'),(561,178,188,'pay-front'),(562,178,188,'weixin-main'),(563,179,189,'weixin-main'),(564,180,190,'weixin-main'),(565,181,191,'weixin-main'),(566,182,192,'im-common'),(567,183,193,'weixin-main'),(568,184,194,'weixin-main'),(569,185,195,'im-common'),(570,186,196,'im-common-history'),(571,186,196,'im-common'),(572,187,197,'qy-main'),(573,187,197,'qy-manage'),(574,187,197,'qy-message'),(575,188,198,'qy-manage'),(576,189,199,'qy-manage');
/*!40000 ALTER TABLE `nebula_publish_app` ENABLE KEYS */;
UNLOCK TABLES;

--
-- Table structure for table `nebula_publish_base`
--

DROP TABLE IF EXISTS `nebula_publish_base`;
/*!40101 SET @saved_cs_client     = @@character_set_client */;
/*!40101 SET character_set_client = utf8 */;
CREATE TABLE `nebula_publish_base` (
  `id` int(11) NOT NULL AUTO_INCREMENT,
  `publish_event_id` int(11) DEFAULT NULL COMMENT '发布事件id',
  `publish_product_env` varchar(50) DEFAULT NULL COMMENT '发布环境',
  `publish_product_name` varchar(100) DEFAULT NULL COMMENT '发布产品',
  `publish_module_name` varchar(100) DEFAULT NULL COMMENT '发布模块',
  `publish_module_key` varchar(255) DEFAULT NULL COMMENT '发布模块key',
  PRIMARY KEY (`id`)
) ENGINE=InnoDB AUTO_INCREMENT=158 DEFAULT CHARSET=utf8 ROW_FORMAT=DYNAMIC;
/*!40101 SET character_set_client = @saved_cs_client */;

--
-- Dumping data for table `nebula_publish_base`
--

LOCK TABLES `nebula_publish_base` WRITE;
/*!40000 ALTER TABLE `nebula_publish_base` DISABLE KEYS */;
INSERT INTO `nebula_publish_base` VALUES (1,2,'test','ywpt','publish','test.ywpt.publish.20151201.133625'),(2,3,'test','ywpt','publish','test.ywpt.publish.20151201.135659'),(3,7,'test','ywpt','publish','test.ywpt.publish.20151202.155020'),(4,8,'test','ywpt','publish','test.ywpt.publish.20151202.161710'),(5,13,'test','ywpt','publish','test.ywpt.publish.20151203.111041'),(6,9,'stage','p','p_web','stage.p.p_web.20151202.171350'),(7,9,'stage','p','p_dcas','stage.p.p_dcas.20151202.171350'),(8,9,'stage','p','p_ds','stage.p.p_ds.20151202.171350'),(9,23,'test','ywpt','publish','test.ywpt.publish.20151203.143601'),(10,28,'test','ywpt','publish','test.ywpt.publish.20151203.171306'),(11,29,'test','ywpt','publish','test.ywpt.publish.20151203.175719'),(12,25,'stage','p','p_web','stage.p.p_web.20151203.161544'),(13,25,'stage','p','p_dcas','stage.p.p_dcas.20151203.161544'),(14,25,'stage','p','p_ds','stage.p.p_ds.20151203.161544'),(15,31,'test','ywpt','publish','test.ywpt.publish.20151204.130225'),(16,35,'test','ywpt','publish','test.ywpt.publish.20151204.155601'),(17,36,'test','ywpt','publish','test.ywpt.publish.20151209.103705'),(18,37,'test','ywpt','publish','test.ywpt.publish.20151209.110030'),(19,39,'test','ywpt','publish','test.ywpt.publish.20151215.103753'),(20,40,'test','ywpt','publish','test.ywpt.publish.20151215.112546'),(21,41,'test','ywpt','publish','test.ywpt.publish.20151215.132242'),(22,42,'stage','p','p_web','stage.p.p_web.20151215.152404'),(23,42,'stage','p','p_dcas','stage.p.p_dcas.20151215.152404'),(24,42,'stage','p','p_ds','stage.p.p_ds.20151215.152404'),(25,43,'stage','p','p_web','stage.p.p_web.20151215.155532'),(26,43,'stage','p','p_dcas','stage.p.p_dcas.20151215.155532'),(27,43,'stage','p','p_ds','stage.p.p_ds.20151215.155532'),(28,44,'stage','p','p_web','stage.p.p_web.20151215.165350'),(29,44,'stage','p','p_dcas','stage.p.p_dcas.20151215.165350'),(30,44,'stage','p','p_ds','stage.p.p_ds.20151215.165350'),(31,46,'stage','p','p_web','stage.p.p_web.20151215.220344'),(32,46,'stage','p','p_ds','stage.p.p_ds.20151215.220344'),(34,48,'test','ywpt','publish','test.ywpt.publish.20151216.111519'),(37,52,'stage','p','p_web','stage.p.p_web.20151216.173156'),(38,56,'test','ywpt','publish','test.ywpt.publish.20151222.144906'),(39,54,'stage','p','p_web','stage.p.p_web.20151217.173439'),(40,54,'stage','p','p_ds','stage.p.p_ds.20151217.173439'),(41,60,'stage','p','p_web','stage.p.p_web.20151222.170553'),(42,61,'stage','p','p_web','stage.p.p_web.20151224.104932'),(43,62,'stage','p','p_web','stage.p.p_web.20151224.215657'),(44,63,'stage','p','p_web','stage.p.p_web.20151224.230545'),(45,64,'stage','p','p_web','stage.p.p_web.20151225.002447'),(46,66,'stage','p','p_web','stage.p.p_web.20151225.163312'),(47,67,'stage','p','p_web','stage.p.p_web.20151228.160433'),(48,67,'stage','p','p_ds','stage.p.p_ds.20151228.160433'),(49,70,'stage','monitor','log','stage.monitor.log.20151230.120231'),(50,71,'stage','monitor','log','stage.monitor.log.20151230.132320'),(51,72,'stage','monitor','log','stage.monitor.log.20151230.135715'),(52,73,'stage','monitor','log','stage.monitor.log.20151230.142827'),(53,74,'stage','monitor','log','stage.monitor.log.20151230.171526'),(54,75,'stage','monitor','log','stage.monitor.log.20151230.175622'),(55,76,'stage','monitor','log','stage.monitor.log.20151230.181515'),(58,78,'stage','message_center','message_center_m','stage.message_center.message_center_m.20151231.111742'),(59,81,'stage','message_center','message_center_m','stage.message_center.message_center_m.20151231.162022'),(66,84,'stage','p','p_web','stage.p.p_web.20160104.210448'),(67,84,'stage','p','p_ds','stage.p.p_ds.20160104.210448'),(68,88,'stage','p','p_ds','stage.p.p_ds.20160104.235036'),(69,89,'stage','wxqy','wxqy_m','stage.wxqy.wxqy_m.20160106.144847'),(70,90,'stage','wxqy','wxqy_m','stage.wxqy.wxqy_m.20160106.150739'),(71,91,'stage','wxqy','wxqy_m','stage.wxqy.wxqy_m.20160106.152649'),(72,92,'stage','yjt2015','yjt2015_m','stage.yjt2015.yjt2015_m.20160107.105340'),(73,93,'stage','yjt2015','yjt2015_m','stage.yjt2015.yjt2015_m.20160107.110134'),(75,95,'stage','wx','dzg_wx','stage.wx.dzg_wx.20160107.141810'),(76,96,'stage','wx','dzg_wx','stage.wx.dzg_wx.20160107.144524'),(77,97,'stage','wx','dzg_wx','stage.wx.dzg_wx.20160107.164419'),(78,103,'stage','yjt2015','yjt2015_m','stage.yjt2015.yjt2015_m.20160107.204905'),(79,104,'stage','yjt2015','yjt2015_m','stage.yjt2015.yjt2015_m.20160108.105239'),(80,105,'stage','yjt2015','yjt2015_m','stage.yjt2015.yjt2015_m.20160108.143707'),(81,102,'stage','wx','dzg_wx','stage.wx.dzg_wx.20160107.191413'),(82,107,'stage','wx','dzg_wx','stage.wx.dzg_wx.20160108.154342'),(83,106,'stage','yjt2015','yjt2015_m','stage.yjt2015.yjt2015_m.20160108.144238'),(84,109,'stage','yjt2015','yjt2015_m','stage.yjt2015.yjt2015_m.20160108.163752'),(85,108,'test','ywpt','publish','test.ywpt.publish.20160108.162139'),(86,111,'stage','webim','webim_service','stage.webim.webim_service.20160111.095102'),(87,112,'stage','webim','webim_service','stage.webim.webim_service.20160111.095629'),(88,113,'stage','pmwxcn','pmwxcn_m','stage.pmwxcn.pmwxcn_m.20160111.124212'),(89,114,'stage','pmwxen','pmwxen_m','stage.pmwxen.pmwxen_m.20160111.125152'),(90,115,'stage','base','base_m','stage.base.base_m.20160111.134143'),(91,116,'stage','diamond','diamond_m','stage.diamond.diamond_m.20160111.160550'),(92,117,'stage','gm_impdata','impdata_monitor','stage.gm_impdata.impdata_monitor.20160112.111725'),(93,118,'stage','gmdcas2','gmdcas2_m','stage.gmdcas2.gmdcas2_m.20160112.132643'),(94,119,'stage','p','p_web','stage.p.p_web.20160112.135153'),(95,119,'stage','p','p_ds','stage.p.p_ds.20160112.135153'),(96,121,'stage','hq_yypt','hq_yypt_m','stage.hq_yypt.hq_yypt_m.20160112.160420'),(97,120,'stage','gmdcas2','gmdcas2_m','stage.gmdcas2.gmdcas2_m.20160112.145533'),(98,122,'stage','pm_yypt','pm_yypt_m','stage.pm_yypt.pm_yypt_m.20160112.162913'),(99,124,'stage','yypt_adv','yypt_adv_m','stage.yypt_adv.yypt_adv_m.20160112.170952'),(100,126,'stage','monitor','log','stage.monitor.log.20160112.215832'),(101,123,'stage','p','p_web','stage.p.p_web.20160112.164341'),(102,123,'stage','p','p_ds','stage.p.p_ds.20160112.164341'),(104,128,'stage','monitor','log','stage.monitor.log.20160113.133312'),(105,129,'stage','monitor','log','stage.monitor.log.20160113.175630'),(106,130,'stage','monitor','log','stage.monitor.log.20160113.204732'),(107,131,'stage','p','p_web','stage.p.p_web.20160114.103509'),(108,131,'stage','p','p_ds','stage.p.p_ds.20160114.103509'),(109,132,'stage','pmwxcn','pmwxcn_m','stage.pmwxcn.pmwxcn_m.20160114.105035'),(110,134,'stage','pm_yypt','pm_yypt_m','stage.pm_yypt.pm_yypt_m.20160114.114751'),(111,133,'stage','monitor','log','stage.monitor.log.20160114.110049'),(112,136,'stage','base','base_m','stage.base.base_m.20160114.163930'),(113,137,'stage','pm_yypt','pm_yypt_m','stage.pm_yypt.pm_yypt_m.20160114.174010'),(114,135,'stage','webim','webim_service','stage.webim.webim_service.20160114.161835'),(115,138,'stage','webim','webim_service','stage.webim.webim_service.20160114.180435'),(116,139,'stage','wx','dzg_wx','stage.wx.dzg_wx.20160114.182504'),(117,140,'stage','wxqy','wxqy_m','stage.wxqy.wxqy_m.20160114.182700'),(118,142,'stage','webim','webim_service','stage.webim.webim_service.20160114.195850'),(119,144,'stage','webim','webim_service','stage.webim.webim_service.20160114.201635'),(120,141,'stage','wx','dzg_wx','stage.wx.dzg_wx.20160114.191433'),(121,146,'stage','wx','dzg_wx','stage.wx.dzg_wx.20160114.215942'),(122,147,'stage','wx','dzg_wx','stage.wx.dzg_wx.20160114.221520'),(123,148,'stage','wxqy','wxqy_m','stage.wxqy.wxqy_m.20160114.232321'),(124,149,'stage','diamond','diamond_m','stage.diamond.diamond_m.20160115.111718'),(125,150,'stage','yypt_adv','yypt_adv_m','stage.yypt_adv.yypt_adv_m.20160115.160921'),(127,152,'stage','diamond','diamond_m','stage.diamond.diamond_m.20160115.174223'),(128,153,'stage','diamond','diamond_m','stage.diamond.diamond_m.20160115.191010'),(129,154,'stage','diamond','diamond_m','stage.diamond.diamond_m.20160115.193307'),(130,155,'stage','diamond','diamond_m','stage.diamond.diamond_m.20160118.111318'),(131,160,'stage','p','p_web','stage.p.p_web.20160118.174745'),(132,163,'stage','wxqy','wxqy_m','stage.wxqy.wxqy_m.20160119.160617'),(133,161,'stage','yjt2015','yjt2015_m','stage.yjt2015.yjt2015_m.20160119.155853'),(134,162,'stage','wx','dzg_wx','stage.wx.dzg_wx.20160119.160238'),(135,166,'stage','wx','dzg_wx','stage.wx.dzg_wx.20160119.193659'),(136,165,'stage','yjt2015','yjt2015_m','stage.yjt2015.yjt2015_m.20160119.192916'),(137,164,'stage','wxqy','wxqy_m','stage.wxqy.wxqy_m.20160119.164252'),(138,167,'stage','wxqy','wxqy_m','stage.wxqy.wxqy_m.20160120.100951'),(140,170,'stage','yjt2015','yjt2015_m','stage.yjt2015.yjt2015_m.20160120.161934'),(141,145,'stage','webim','webim_service','stage.webim.webim_service.20160114.205957'),(142,173,'test','ywpt','publish','test.ywpt.publish.20160121.150400'),(143,174,'test','ywpt','publish','test.ywpt.publish.20160121.152715'),(144,175,'test','ywpt','publish','test.ywpt.publish.20160121.153951'),(145,172,'stage','webim','webim_service','stage.webim.webim_service.20160121.141840'),(146,177,'test','ywpt','publish','test.ywpt.publish.20160121.192731'),(147,178,'stage','wx','dzg_wx','stage.wx.dzg_wx.20160122.104358'),(148,179,'stage','wx','dzg_wx','stage.wx.dzg_wx.20160122.151740'),(149,180,'stage','wx','dzg_wx','stage.wx.dzg_wx.20160122.153548'),(150,181,'stage','wx','dzg_wx','stage.wx.dzg_wx.20160122.154828'),(151,183,'stage','wx','dzg_wx','stage.wx.dzg_wx.20160122.195449'),(152,184,'stage','wx','dzg_wx','stage.wx.dzg_wx.20160122.202117'),(153,182,'stage','webim','webim_service','stage.webim.webim_service.20160122.183422'),(154,185,'stage','webim','webim_service','stage.webim.webim_service.20160122.204446'),(155,168,'stage','wxqy','wxqy_m','stage.wxqy.wxqy_m.20160120.131747'),(156,187,'stage','wxqy','wxqy_m','stage.wxqy.wxqy_m.20160123.124240'),(157,188,'stage','wxqy','wxqy_m','stage.wxqy.wxqy_m.20160123.143522');
/*!40000 ALTER TABLE `nebula_publish_base` ENABLE KEYS */;
UNLOCK TABLES;

--
-- Table structure for table `nebula_publish_event`
--

DROP TABLE IF EXISTS `nebula_publish_event`;
/*!40101 SET @saved_cs_client     = @@character_set_client */;
/*!40101 SET character_set_client = utf8 */;
CREATE TABLE `nebula_publish_event` (
  `id` int(11) NOT NULL AUTO_INCREMENT COMMENT '发布事件id',
  `publish_subject` varchar(100) DEFAULT NULL COMMENT '标题',
  `publish_bu_name` varchar(50) DEFAULT NULL COMMENT '事业部名称',
  `publish_bu_cname` varchar(50) DEFAULT NULL COMMENT '事业部中文名称',
  `publish_product_name` varchar(50) DEFAULT NULL COMMENT '发布产品英文名称',
  `publish_product_cname` varchar(50) DEFAULT NULL COMMENT '发布产品中文名称',
  `publish_env` varchar(50) DEFAULT NULL COMMENT '发布环境，test/stage/product',
  `publish_svn` varchar(255) DEFAULT NULL COMMENT '发布提交的svn地址',
  `product_src_svn` varchar(255) DEFAULT NULL COMMENT '产品源svn地址',
  `publish_product_key` varchar(255) DEFAULT NULL COMMENT '发布产品key，test.产品.20151012.130305',
  `publish_datetime` datetime DEFAULT NULL COMMENT '发布时间',
  `submit_datetime` datetime DEFAULT NULL COMMENT '提交的时间',
  `submit_emp_id` int(10) DEFAULT NULL COMMENT '发布事件提交人',
  `publish_emp_id` int(10) DEFAULT NULL COMMENT '发布人empid',
  `is_success_publish` int(11) DEFAULT NULL COMMENT '发布是否成功，0/1  失败/成功',
  `is_delete` int(5) DEFAULT NULL COMMENT '是否被删除  1 ：是删除的',
  `publish_status` varchar(50) DEFAULT NULL COMMENT '发布状态',
  `is_approved` int(5) DEFAULT NULL COMMENT '1: 已经审批   默认是0',
  PRIMARY KEY (`id`)
) ENGINE=InnoDB AUTO_INCREMENT=190 DEFAULT CHARSET=utf8 ROW_FORMAT=DYNAMIC;
/*!40101 SET character_set_client = @saved_cs_client */;

--
-- Dumping data for table `nebula_publish_event`
--

LOCK TABLES `nebula_publish_event` WRITE;
/*!40000 ALTER TABLE `nebula_publish_event` DISABLE KEYS */;
INSERT INTO `nebula_publish_event` VALUES (1,'测试','group','集团','ywpt','运维平台','test','svn://svn.olymtech.com/warspace/ywpt/20151116/','svn://10.162.21.208/group/ywpt','test.ywpt.20151201.114332',NULL,'2015-12-01 11:43:32',1,NULL,NULL,0,'PENDING_PUBLISH',1),(2,'测试','group','集团','ywpt','运维平台','test','svn://svn.olymtech.com/warspace/ywpt/20151116/','svn://10.162.21.208/group/ywpt','test.ywpt.20151201.133625','2015-12-01 13:37:14','2015-12-01 13:36:25',1,NULL,1,1,'PUBLISHED',1),(3,'测试','group','集团','ywpt','运维平台','test','svn://svn.olymtech.com/warspace/ywpt/20151116/','svn://10.162.21.208/group/ywpt','test.ywpt.20151201.135658','2015-12-01 13:57:45','2015-12-01 13:56:59',1,NULL,1,0,'PUBLISHED',1),(4,'测试','group','集团','monitor','监控','test','svn://svn.olymtech.com/warspace/ywpt/20151116/','svn://10.162.21.208/group/monitor','test.monitor.20151201.135947','2015-12-01 14:00:34','2015-12-01 13:59:47',1,NULL,NULL,1,'PENDING_PUBLISH',1),(5,'测试','group','集团','ywpt','运维平台','test','svn://svn.olymtech.com/warspace/ywpt/20151116/','svn://10.162.21.208/group/ywpt','test.ywpt.20151201.140212','2015-12-01 14:03:01','2015-12-01 14:02:13',1,NULL,0,0,'ROLLBACK',1),(7,'测试','group','集团','ywpt','运维平台','test','svn://svn.olymtech.com/warspace/ywpt/20151116/','svn://10.162.21.208/group/ywpt','test.ywpt.20151202.155019','2015-12-02 15:51:06','2015-12-02 15:50:20',1,NULL,1,0,'PUBLISHED',1),(8,'运维测试','group','集团','ywpt','运维平台','test','svn://svn.olymtech.com/warspace/ywpt/20151116/','svn://10.162.21.208/group/ywpt','test.ywpt.20151202.161710','2015-12-02 16:18:57','2015-12-02 16:17:10',246,NULL,1,0,'PUBLISHED',1),(9,'咖狗准生产1','pm','PM','p','咖狗网','stage','svn://svn.olymtech.com/warspace/ywpt/20151126/','svn://10.162.21.208/pm/p','stage.p.20151202.171350','2015-12-02 17:29:01','2015-12-02 17:13:50',246,NULL,1,0,'PUBLISHED',1),(10,'咖狗准生产2','pm','PM','p','咖狗网','stage','svn://svn.olymtech.com/warspace/ywpt/20151126/','svn://10.162.21.208/pm/p','stage.p.20151202.171441',NULL,'2015-12-02 17:14:41',246,NULL,NULL,1,'PENDING_PRE',1),(11,'咖狗准生产3','pm','PM','p','咖狗网','stage','svn://svn.olymtech.com/warspace/ywpt/20151126/','svn://10.162.21.208/pm/p','stage.p.20151202.171533',NULL,'2015-12-02 17:15:33',246,NULL,NULL,1,'PENDING_PRE',1),(12,'运维平台发布20151202','group','集团','ywpt','运维平台','test','svn://svn.olymtech.com/warspace/ywpt/20151126/','svn://10.162.21.208/group/ywpt','test.ywpt.20151202.173702','2015-12-02 17:42:25','2015-12-02 17:37:03',1,NULL,NULL,0,'PENDING_PUBLISH',1),(13,'测试','group','集团','ywpt','运维平台','test','svn://svn.olymtech.com/warspace/ywpt/20151116/','svn://10.162.21.208/group/ywpt','test.ywpt.20151203.111041','2015-12-03 11:11:53','2015-12-03 11:10:41',1,NULL,1,0,'PUBLISHED',1),(14,'测试咖狗错误提交','group','集团','ywpt','运维平台','test','svn://svn.olymtech.com/warspace/ywpt/20151116/','svn://10.162.21.208/group/ywpt','test.ywpt.20151203.124617',NULL,'2015-12-03 12:46:17',1,NULL,NULL,1,'PENDING_APPROVE',0),(15,'测试咖狗错误提交1','pm','PM','p','咖狗网','stage','svn://svn.olymtech.com/warspace/ywpt/20151116/','svn://10.162.21.208/pm/p','stage.p.20151203.124715','2015-12-03 12:48:07','2015-12-03 12:47:16',1,NULL,NULL,0,'PENDING_PUBLISH',1),(16,'测试运维平台错误提交1','group','集团','ywpt','运维平台','test','svn://svn.olymtech.com/warspace/ywpt/20151126/','svn://10.162.21.208/group/ywpt','test.ywpt.20151203.125432','2015-12-03 13:00:02','2015-12-03 12:54:33',1,NULL,NULL,0,'PENDING_PUBLISH',1),(17,'咖狗准生产1','pm','PM','p','咖狗网','生产','svn://svn.olymtech.com/warspace/ywpt/20151126/','svn://10.162.21.208/pm/p','生产.p.20151203.132222','2015-12-02 17:29:01','2015-12-03 13:22:23',246,NULL,1,0,'PUBLISHED',1),(18,'咖狗准生产1','pm','PM','p','咖狗网','生产','svn://svn.olymtech.com/warspace/ywpt/20151126/','svn://10.162.21.208/pm/p','生产.p.20151203.132223','2015-12-02 17:29:01','2015-12-03 13:22:23',246,NULL,1,0,'PUBLISHED',1),(19,'咖狗准生产1','pm','PM','p','咖狗网','生产','svn://svn.olymtech.com/warspace/ywpt/20151126/','svn://10.162.21.208/pm/p','生产.p.20151203.132223','2015-12-02 17:29:01','2015-12-03 13:22:23',246,NULL,1,0,'PUBLISHED',1),(20,'咖狗准生产1','pm','PM','p','咖狗网','生产','svn://svn.olymtech.com/warspace/ywpt/20151126/','svn://10.162.21.208/pm/p','生产.p.20151203.132223','2015-12-02 17:29:01','2015-12-03 13:22:23',246,NULL,1,0,'PUBLISHED',1),(22,'咖狗准生产测试2','pm','PM','p','咖狗网','stage','svn://svn.olymtech.com/warspace/ywpt/20151126/','svn://10.162.21.208/pm/p','stage.p.20151203.141839','2015-12-03 14:24:11','2015-12-03 14:18:39',1,NULL,NULL,0,'PENDING_PUBLISH',1),(23,'测试','group','集团','ywpt','运维平台','test','svn://svn.olymtech.com/warspace/ywpt/20151116/','svn://10.162.21.208/group/ywpt','test.ywpt.20151203.143601','2015-12-03 14:36:57','2015-12-03 14:36:01',1,NULL,1,0,'PUBLISHED',1),(24,'咖狗错误提交','pm','PM','p','咖狗网','stage','svn://svn.olymtech.com/warspace/ywpt/20151116/','svn://10.162.21.208/pm/p','stage.p.20151203.160319','2015-12-03 16:04:07','2015-12-03 16:03:19',1,NULL,NULL,0,'PENDING_PUBLISH',1),(25,'咖狗201503','pm','PM','p','咖狗网','stage','svn://svn.olymtech.com/warspace/ywpt/20151126/','svn://10.162.21.208/pm/p','stage.p.20151203.161543','2015-12-03 16:21:14','2015-12-03 16:15:44',1,NULL,1,0,'PUBLISHED',1),(28,'测试','group','集团','ywpt','运维平台','test','svn://svn.olymtech.com/warspace/ywpt/20151116/','svn://10.162.21.208/group/ywpt','test.ywpt.20151203.171306','2015-12-03 17:13:52','2015-12-03 17:13:06',1,NULL,1,0,'PUBLISHED',1),(29,'测试','group','集团','ywpt','运维平台','test','svn://svn.olymtech.com/warspace/ywpt/20151116/','svn://10.162.21.208/group/ywpt','test.ywpt.20151203.175718','2015-12-03 17:58:10','2015-12-03 17:57:19',1,NULL,1,0,'PUBLISHED',1),(30,' 咖狗网2015031833','pm','PM','p','咖狗网','stage','svn://svn.olymtech.com/warspace/ywpt/20151126/','svn://10.162.21.208/pm/p','stage.p.20151203.183322','2015-12-03 18:38:46','2015-12-03 18:33:22',1,NULL,0,0,'ROLLBACK',1),(31,'测试','group','集团','ywpt','运维平台','test','svn://svn.olymtech.com/warspace/ywpt/20151116/','svn://10.162.21.208/group/ywpt','test.ywpt.20151204.130224','2015-12-04 13:03:17','2015-12-04 13:02:25',1,NULL,1,0,'PUBLISHED',1),(32,'测试','group','集团','ywpt','运维平台','test','svn://svn.olymtech.com/warspace/ywpt/20151116/','svn://10.162.21.208/group/ywpt','test.ywpt.20151204.130530','2015-12-04 13:06:18','2015-12-04 13:05:30',1,NULL,0,0,'ROLLBACK',1),(34,'测试','group','集团','ywpt','运维平台','test','svn://svn.olymtech.com/warspace/ywpt/20151116/','svn://10.162.21.208/group/ywpt','test.ywpt.20151204.132541',NULL,'2015-12-04 13:25:41',1,NULL,NULL,1,'PENDING_APPROVE',0),(35,'测试','group','集团','ywpt','运维平台','test','svn://svn.olymtech.com/warspace/ywpt/20151116/','svn://10.162.21.208/group/ywpt','test.ywpt.20151204.155600','2015-12-04 15:58:25','2015-12-04 15:56:01',1,NULL,1,0,'PUBLISHED',1),(36,'运维平台20151209','group','集团','ywpt','运维平台','test','svn://svn.olymtech.com/warspace/ywpt/20151116/','svn://10.162.21.208/group/ywpt','test.ywpt.20151209.103705','2015-12-09 10:44:38','2015-12-09 10:37:05',1,NULL,1,0,'PUBLISHED',1),(37,'123123123','group','集团','ywpt','运维平台','test','svn://svn.olymtech.com/warspace/ywpt/20151116/','svn://10.162.21.208/group/ywpt','test.ywpt.20151209.110029','2015-12-09 11:01:35','2015-12-09 11:00:30',1,NULL,1,0,'PUBLISHED',1),(38,'ywpt2015120902','group','集团','ywpt','运维平台','test','svn://svn.olymtech.com/warspace/ywpt/20151116/','svn://10.162.21.208/group/ywpt','test.ywpt.20151209.112205','2015-12-09 11:23:04','2015-12-09 11:22:05',1,NULL,0,0,'ROLLBACK',1),(39,'测试','group','集团','ywpt','运维平台','test','svn://svn.olymtech.com/warspace/ywpt/20151116/','svn://10.162.21.208/group/ywpt','test.ywpt.20151215.103753','2015-12-15 10:38:42','2015-12-15 10:37:53',1,NULL,1,0,'PUBLISHED',1),(40,'123','group','集团','ywpt','运维平台','test','svn://svn.olymtech.com/warspace/ywpt/20151116/','svn://10.162.21.208/group/ywpt','test.ywpt.20151215.112546','2015-12-15 11:26:40','2015-12-15 11:25:46',1,NULL,0,0,'ROLLBACK',1),(41,'测试','group','集团','ywpt','运维平台','test','svn://svn.olymtech.com/warspace/ywpt/20151116/','svn://10.162.21.208/group/ywpt','test.ywpt.20151215.132241','2015-12-15 13:23:27','2015-12-15 13:22:42',6,6,0,0,'ROLLBACK',1),(42,'咖狗网2015121523','pm','PM','p','咖狗网','stage','svn://svn.olymtech.com/warspace/p/20151215all','svn://10.162.21.208/pm/p','stage.p.20151215.152404','2015-12-15 15:30:15','2015-12-15 15:24:04',74,74,1,0,'PUBLISHED',1),(43,'咖狗网准生产20151215','pm','PM','p','咖狗网','stage','svn://svn.olymtech.com/warspace/p/20151215all','svn://10.162.21.208/pm/p','stage.p.20151215.155532','2015-12-15 16:01:17','2015-12-15 15:55:32',74,88,1,0,'PUBLISHED',1),(44,'咖狗网准生产201512152','pm','PM','p','咖狗网','stage','svn://svn.olymtech.com/warspace/p/20151215all','svn://10.162.21.208/pm/p','stage.p.20151215.165350','2015-12-15 17:01:20','2015-12-15 16:53:50',74,74,1,0,'PUBLISHED',1),(45,'咖狗网准生产-企业资质认证界面优化迭代-20151215','pm','PM','p','咖狗网','stage','svn://svn.olymtech.com/warspace/p/201512151830','svn://10.162.21.208/pm/p','stage.p.20151215.191908','2015-12-15 19:21:18','2015-12-15 19:19:08',87,87,0,0,'ROLLBACK',1),(46,'咖狗准生产201512152203','pm','PM','p','咖狗网','stage','svn://svn.olymtech.com/warspace/p/201512151830','svn://10.162.21.208/pm/p','stage.p.20151215.220344','2015-12-15 22:05:21','2015-12-15 22:03:44',6,6,1,0,'PUBLISHED',1),(47,'测试','group','集团','ywpt','运维平台','test','svn://svn.olymtech.com/warspace/ywpt/20151116/','svn://10.162.21.208/group/ywpt','test.ywpt.20151216.104604','2015-12-16 10:47:24','2015-12-16 10:46:04',6,6,0,0,'ROLLBACK',1),(48,'测试','group','集团','ywpt','运维平台','test','svn://svn.olymtech.com/warspace/ywpt/20151116/','svn://10.162.21.208/group/ywpt','test.ywpt.20151216.111519','2015-12-16 11:27:41','2015-12-16 11:15:19',6,6,1,0,'PUBLISHED',1),(49,'咖狗网准生产201512161111','pm','PM','p','咖狗网','stage','svn://svn.olymtech.com/warspace/p/201512161238','svn://10.162.21.208/pm/p','stage.p.20151216.125633',NULL,'2015-12-16 12:56:34',6,NULL,NULL,1,'PENDING_PRE',1),(50,'咖狗网准生产201512161111','pm','PM','p','咖狗网','stage','svn://svn.olymtech.com/warspace/p/201512161238','svn://10.162.21.208/pm/p','stage.p.20151216.134103','2015-12-16 13:42:20','2015-12-16 13:41:03',6,6,0,0,'ROLLBACK',1),(51,'cargo准生产','pm','PM','p','咖狗网','stage','svn://svn.olymtech.com/warspace/p/201512161700','svn://10.162.21.208/pm/p','stage.p.20151216.170753','2015-12-16 17:08:42','2015-12-16 17:07:53',6,6,0,0,'ROLLBACK',1),(52,'咖狗网front发布','pm','PM','p','咖狗网','stage','svn://svn.olymtech.com/warspace/p/201512161700','svn://10.162.21.208/pm/p','stage.p.20151216.173156','2015-12-16 17:32:52','2015-12-16 17:31:56',6,6,1,0,'PUBLISHED',1),(53,'买家组十二月份迭代','pm','PM','p','咖狗网','stage','svn://svn.olymtech.com/warspace/p/201512171630','svn://10.162.21.208/pm/p','stage.p.20151217.162103','2015-12-17 16:30:46','2015-12-17 16:21:03',101,101,0,0,'ROLLBACK',1),(54,'买家组十二月份迭代','pm','PM','p','咖狗网','stage','svn://svn.olymtech.com/warspace/p/201512171630','svn://10.162.21.208/pm/p','stage.p.20151217.173438','2015-12-17 17:39:56','2015-12-17 17:34:39',101,101,1,0,'PUBLISHED',1),(55,'测试','group','集团','ywpt','运维平台','test','svn://svn.olymtech.com/warspace/ywpt/20151126/','svn://10.162.21.208/group/ywpt','test.ywpt.20151222.144548','2015-12-22 14:51:55','2015-12-22 14:45:49',6,6,NULL,0,'PENDING_PUBLISH',1),(56,'测试','group','集团','ywpt','运维平台','test','svn://svn.olymtech.com/warspace/ywpt/20151116/','svn://10.162.21.208/group/ywpt','test.ywpt.20151222.144905','2015-12-22 14:50:38','2015-12-22 14:49:06',6,6,1,0,'PUBLISHED',1),(57,'咖狗网准生产发布','pm','PM','p','咖狗网','stage','svn://svn.olymtech.com/warspace/p/201512221417','svn://10.162.21.208/pm/p','stage.p.20151222.145438','2015-12-22 14:55:24','2015-12-22 14:54:39',6,6,0,0,'ROLLBACK',1),(58,'咖狗网卖家线圣诞节主题更新','pm','PM','p','咖狗网','stage','svn://svn.olymtech.com/warspace/p/201512221417','svn://10.162.21.208/pm/p','stage.p.20151222.145958','2015-12-22 15:00:43','2015-12-22 14:59:59',47,47,0,0,'CANCEL',1),(59,'咖狗网准生产圣诞发布front','pm','PM','p','咖狗网','stage','svn://svn.olymtech.com/warspace/p/201512221417','svn://10.162.21.208/pm/p','stage.p.20151222.162227','2015-12-22 16:23:11','2015-12-22 16:22:28',6,6,0,0,'ROLLBACK',1),(60,'咖狗网准生产圣诞发布front','pm','PM','p','咖狗网','stage','svn://svn.olymtech.com/warspace/p/201512221417','svn://10.162.21.208/pm/p','stage.p.20151222.170552','2015-12-22 17:06:58','2015-12-22 17:05:53',269,269,1,0,'PUBLISHED',1),(61,'gio行为采集','pm','PM','p','咖狗网','stage','svn://svn.olymtech.com/warspace/p/201512241046','svn://10.162.21.208/pm/p','stage.p.20151224.104931','2015-12-24 10:56:24','2015-12-24 10:49:32',101,101,1,0,'PUBLISHED',1),(62,'gio行为采集','pm','PM','p','咖狗网','stage','svn://svn.olymtech.com/warspace/p/201512242158','svn://10.162.21.208/pm/p','stage.p.20151224.215656','2015-12-24 21:58:54','2015-12-24 21:56:57',101,101,1,0,'PUBLISHED',1),(63,'gio行为采集','pm','PM','p','咖狗网','stage','svn://svn.olymtech.com/warspace/p/201512242306','svn://10.162.21.208/pm/p','stage.p.20151224.230545','2015-12-24 23:07:34','2015-12-24 23:05:45',101,101,1,0,'PUBLISHED',1),(64,'gio行为采集','pm','PM','p','咖狗网','stage','svn://svn.olymtech.com/warspace/p/201512240026','svn://10.162.21.208/pm/p','stage.p.20151225.002447','2015-12-25 00:26:21','2015-12-25 00:24:47',101,101,1,0,'PUBLISHED',1),(65,'12.25cargopm_运维施工单V3.0_20151225.准生产','pm','PM','p','咖狗网','stage','svn://svn.olymtech.com/warspace/p/201512251410','svn://10.162.21.208/pm/p','stage.p.20151225.155149','2015-12-25 15:52:49','2015-12-25 15:51:49',216,216,0,0,'ROLLBACK',1),(66,'cargo准生产发布','pm','PM','p','咖狗网','stage','svn://svn.olymtech.com/warspace/p/201512251620','svn://10.162.21.208/pm/p','stage.p.20151225.163312','2015-12-25 16:34:10','2015-12-25 16:33:12',216,216,1,0,'PUBLISHED',1),(67,'运维施工单V3.0咖狗网_本体库港口去重','pm','PM','p','咖狗网','stage','svn://svn.olymtech.com/warspace/p/201512281537','svn://10.162.21.208/pm/p','stage.p.20151228.160432','2015-12-28 16:05:04','2015-12-28 16:04:33',47,47,1,0,'PUBLISHED',1),(70,'日志监控发布20151230','group','集团','monitor','监控','stage','svn://svn.olymtech.com/warspace/exam/HotFix-20151229','svn://10.162.21.208/group/monitor','stage.monitor.20151230.120230','2015-12-30 12:03:13','2015-12-30 12:02:31',6,6,1,0,'PUBLISHED',1),(71,'日志报警','group','集团','monitor','监控','stage','svn://svn.olymtech.com/warspace/exam/HotFix-20151229','svn://10.162.21.208/group/monitor','stage.monitor.20151230.132320','2015-12-30 13:25:19','2015-12-30 13:23:20',5,5,1,0,'PUBLISHED',1),(72,'日志报警','group','集团','monitor','监控','stage','svn://svn.olymtech.com/warspace/exam/HotFix-20151229','svn://10.162.21.208/group/monitor','stage.monitor.20151230.135714','2015-12-30 13:57:52','2015-12-30 13:57:15',5,5,1,0,'PUBLISHED',1),(73,'健康检查','group','集团','monitor','监控','stage','svn://svn.olymtech.com/warspace/exam/HotFix-20151229','svn://10.162.21.208/group/monitor','stage.monitor.20151230.142826','2015-12-30 14:29:25','2015-12-30 14:28:27',5,5,1,0,'PUBLISHED',1),(74,'健康检查','group','集团','monitor','监控','stage','svn://svn.olymtech.com/warspace/exam/HotFix-20151229','svn://10.162.21.208/group/monitor','stage.monitor.20151230.171525','2015-12-30 17:16:05','2015-12-30 17:15:26',5,5,1,0,'PUBLISHED',1),(75,'健康检查','group','集团','monitor','监控','stage','svn://svn.olymtech.com/warspace/exam/HotFix-20151229','svn://10.162.21.208/group/monitor','stage.monitor.20151230.175622','2015-12-30 17:57:00','2015-12-30 17:56:22',5,5,1,0,'PUBLISHED',1),(76,'健康检查','group','集团','monitor','监控','stage','svn://svn.olymtech.com/warspace/exam/HotFix-20151229','svn://10.162.21.208/group/monitor','stage.monitor.20151230.181515','2015-12-30 18:15:57','2015-12-30 18:15:15',5,5,1,0,'PUBLISHED',1),(77,'咖狗网日贸通活动','pm','PM','p','咖狗网','stage','svn://svn.olymtech.com/warspace/p/201512310950','svn://10.162.21.208/pm/p','stage.p.20151231.105442','2015-12-31 10:59:24','2015-12-31 10:54:43',101,101,0,0,'ROLLBACK',1),(78,'消息中心20151231','group','集团','message_center','消息中心','stage','svn://svn.olymtech.com/warspace/messagecenter/20151230','svn://10.162.21.208/group/message_center','stage.message_center.20151231.111742','2015-12-31 11:19:47','2015-12-31 11:17:42',6,6,1,0,'PUBLISHED',1),(79,'咖狗网日贸通活动第二次','pm','PM','p','咖狗网','stage','svn://svn.olymtech.com/warspace/p/201512310950','svn://10.162.21.208/pm/p','stage.p.20151231.142949','2015-12-31 14:32:19','2015-12-31 14:29:50',101,101,0,0,'ROLLBACK',1),(80,'咖狗网日贸通活动第三次','pm','PM','p','咖狗网','stage','svn://svn.olymtech.com/warspace/p/201512310950','svn://10.162.21.208/pm/p','stage.p.20151231.151726','2015-12-31 15:19:16','2015-12-31 15:17:26',101,101,0,0,'ROLLBACK',1),(81,'消息中心','group','集团','message_center','消息中心','stage','svn://svn.olymtech.com/warspace/messagecenter/20151230/','svn://10.162.21.208/group/message_center','stage.message_center.20151231.162021','2015-12-31 16:20:56','2015-12-31 16:20:22',6,6,1,0,'PUBLISHED',1),(82,'咖狗网日贸通活动第四次','pm','PM','p','咖狗网','stage','svn://svn.olymtech.com/warspace/p/201512310950','svn://10.162.21.208/pm/p','stage.p.20151231.182203','2015-12-31 18:23:55','2015-12-31 18:22:03',101,101,0,0,'ROLLBACK',1),(83,'日贸通','pm','PM','p','咖狗网','stage','svn://svn.olymtech.com/warspace/p/201512310950','svn://10.162.21.208/pm/p','stage.p.20160104.205427','2016-01-04 20:59:02','2016-01-04 20:54:27',101,101,0,0,'ROLLBACK',1),(84,'日贸通2','pm','PM','p','咖狗网','stage','svn://svn.olymtech.com/warspace/p/201512310950','svn://10.162.21.208/pm/p','stage.p.20160104.210447','2016-01-04 21:06:48','2016-01-04 21:04:48',101,101,1,0,'PUBLISHED',1),(85,'运价规则BUG修复','pm','PM','p','咖狗网','stage','svn://svn.olymtech.com/warspace/p/201601042305','svn://10.162.21.208/pm/p','stage.p.20160104.230734','2016-01-04 23:08:48','2016-01-04 23:07:34',101,101,0,0,'ROLLBACK',1),(86,'运价规则BUG修复（增加拼箱）','pm','PM','p','咖狗网','stage','svn://svn.olymtech.com/warspace/p/201601042305','svn://10.162.21.208/pm/p','stage.p.20160104.233813','2016-01-04 23:39:43','2016-01-04 23:38:14',101,101,0,0,'CANCEL',1),(87,'运价规则覆盖（增加拼箱）','pm','PM','p','咖狗网','stage','svn://svn.olymtech.com/warspace/p/201601042345','svn://10.162.21.208/pm/p','stage.p.20160104.234446','2016-01-04 23:47:09','2016-01-04 23:44:46',101,101,0,0,'CANCEL',1),(88,'运价规则BUG修复2','pm','PM','p','咖狗网','stage','svn://svn.olymtech.com/warspace/p/201601042345','svn://10.162.21.208/pm/p','stage.p.20160104.235036','2016-01-04 23:51:14','2016-01-04 23:50:36',101,88,1,0,'PUBLISHED',1),(89,'微信企业号发布系统实施','gm','GM','wxqy','GM微信企业号','stage','svn://svn.olymtech.com/warspace/wxqy/201512291132','svn://10.162.21.208/gm/wxqy','stage.wxqy.20160106.144847','2016-01-06 14:49:28','2016-01-06 14:48:47',6,6,1,0,'PUBLISHED',1),(90,'微信企业号发布系统实施2','gm','GM','wxqy','GM微信企业号','stage','svn://svn.olymtech.com/warspace/wxqy/201512291132','svn://10.162.21.208/gm/wxqy','stage.wxqy.20160106.150739','2016-01-06 15:08:19','2016-01-06 15:07:39',6,6,1,0,'PUBLISHED',1),(91,'微信企业号发布测试','gm','GM','wxqy','GM微信企业号','stage','svn://svn.olymtech.com/warspace/wxqy/201512291132','svn://10.162.21.208/gm/wxqy','stage.wxqy.20160106.152649','2016-01-06 15:34:31','2016-01-06 15:26:49',75,75,1,0,'PUBLISHED',1),(92,'YJT2015发布系统实施','gm','GM','yjt2015','运价通2015','stage','svn://svn.olymtech.com/warspace/yjt2015/201512311015','svn://10.162.21.208/gm/yjt2015','stage.yjt2015.20160107.105340','2016-01-07 10:54:30','2016-01-07 10:53:40',6,6,1,0,'PUBLISHED',1),(93,'yjt2015-2','gm','GM','yjt2015','运价通2015','stage','svn://svn.olymtech.com/warspace/yjt2015/201512311015','svn://10.162.21.208/gm/yjt2015','stage.yjt2015.20160107.110134','2016-01-07 11:02:20','2016-01-07 11:01:34',6,6,1,0,'PUBLISHED',1),(94,'运价通2015','gm','GM','yjt2015','运价通2015','stage','svn://svn.olymtech.com/warspace/yjt2015/201512311015','svn://10.162.21.208/gm/yjt2015','stage.yjt2015.20160107.114057','2016-01-07 11:41:36','2016-01-07 11:40:57',6,6,0,0,'ROLLBACK',1),(95,'微信服务号','gm','GM','wx','GM微信服务号','stage','svn://svn.olymtech.com/warspace/wx/201601041926','svn://10.162.21.208/gm/wx','stage.wx.20160107.141809','2016-01-07 14:18:34','2016-01-07 14:18:10',6,6,1,0,'PUBLISHED',1),(96,'微信服务号','gm','GM','wx','GM微信服务号','stage','svn://svn.olymtech.com/warspace/wx/201601041926','svn://10.162.21.208/gm/wx','stage.wx.20160107.144523','2016-01-07 14:45:48','2016-01-07 14:45:24',6,6,1,0,'PUBLISHED',1),(97,'微信服务号','gm','GM','wx','GM微信服务号','stage','svn://svn.olymtech.com/warspace/wx/201601041926','svn://10.162.21.208/gm/wx','stage.wx.20160107.164419','2016-01-07 16:44:56','2016-01-07 16:44:19',216,216,1,0,'PUBLISHED',1),(98,'微信服务号','gm','GM','wx','GM微信服务号','stage','svn://svn.olymtech.com/warspace/wx/201601041926','svn://10.162.21.208/gm/wx','stage.wx.20160107.175335','2016-01-07 17:54:11','2016-01-07 17:53:35',216,216,0,0,'ROLLBACK',1),(99,'运价通2015','gm','GM','yjt2015','运价通2015','stage','svn://svn.olymtech.com/warspace/yjt2015','svn://10.162.21.208/gm/yjt2015','stage.yjt2015.20160107.183130',NULL,'2016-01-07 18:31:31',269,NULL,NULL,1,'PENDING_PRE',1),(100,'运价2015准生产','gm','GM','yjt2015','运价通2015','stage','svn://svn.olymtech.com/warspace/yjt2015','svn://10.162.21.208/gm/yjt2015','stage.yjt2015.20160107.183725',NULL,'2016-01-07 18:37:26',269,NULL,NULL,1,'PENDING_PRE',1),(101,'微信服务号','gm','GM','wx','GM微信服务号','stage','svn://svn.olymtech.com/warspace/wx/201601041926','svn://10.162.21.208/gm/wx','stage.wx.20160107.190353','2016-01-07 19:04:32','2016-01-07 19:03:53',269,269,0,0,'CANCEL',1),(102,'运价微信','gm','GM','wx','GM微信服务号','stage','svn://svn.olymtech.com/warspace/wx/201601041926','svn://10.162.21.208/gm/wx','stage.wx.20160107.191412','2016-01-07 19:14:49','2016-01-07 19:14:13',269,269,1,0,'PUBLISHED',1),(103,'运价通2015','gm','GM','yjt2015','运价通2015','stage','svn://svn.olymtech.com/warspace/yjt2015/201512311015','svn://10.162.21.208/gm/yjt2015','stage.yjt2015.20160107.204905','2016-01-07 20:49:46','2016-01-07 20:49:05',269,269,1,0,'PUBLISHED',1),(104,'运价通2015','gm','GM','yjt2015','运价通2015','stage','svn://svn.olymtech.com/warspace/yjt2015/201512311015','svn://10.162.21.208/gm/yjt2015','stage.yjt2015.20160108.105238','2016-01-08 10:53:18','2016-01-08 10:52:39',269,269,1,0,'PUBLISHED',1),(105,'运价通2015','gm','GM','yjt2015','运价通2015','stage','svn://svn.olymtech.com/warspace/yjt2015/201512311015','svn://10.162.21.208/gm/yjt2015','stage.yjt2015.20160108.143707','2016-01-08 14:37:47','2016-01-08 14:37:07',269,269,1,0,'PUBLISHED',1),(106,'准生产运价通2015发布','gm','GM','yjt2015','运价通2015','stage','svn://svn.olymtech.com/warspace/yjt2015/201512311015','svn://10.162.21.208/gm/yjt2015','stage.yjt2015.20160108.144238','2016-01-08 14:44:29','2016-01-08 14:42:38',28,28,1,0,'PUBLISHED',1),(107,'微信服务号','gm','GM','wx','GM微信服务号','stage','svn://svn.olymtech.com/warspace/wx/201601041926','svn://10.162.21.208/gm/wx','stage.wx.20160108.154341','2016-01-08 15:44:19','2016-01-08 15:43:42',47,47,1,0,'PUBLISHED',1),(108,'发布系统自测','group','集团','ywpt','运维平台','test','svn://svn.olymtech.com/warspace/ywpt/20151116/','svn://10.162.21.208/group/ywpt','test.ywpt.20160108.162138','2016-01-08 16:22:36','2016-01-08 16:21:39',6,6,1,0,'PUBLISHED',1),(109,'运价通准生产发布','gm','GM','yjt2015','运价通2015','stage','svn://svn.olymtech.com/warspace/yjt2015/201512311015','svn://10.162.21.208/gm/yjt2015','stage.yjt2015.20160108.163752','2016-01-08 16:41:15','2016-01-08 16:37:52',28,28,1,0,'PUBLISHED',1),(111,'im','gm','GM','webim','WEB_IM','stage','svn://svn.olymtech.com/warspace/imservice/20150108','svn://10.162.21.208/gm/webim','stage.webim.20160111.095101','2016-01-11 09:51:30','2016-01-11 09:51:02',6,6,1,0,'PUBLISHED',1),(112,'webim','gm','GM','webim','WEB_IM','stage','svn://svn.olymtech.com/warspace/imservice/20150108','svn://10.162.21.208/gm/webim','stage.webim.20160111.095628','2016-01-11 09:56:52','2016-01-11 09:56:29',6,6,1,0,'PUBLISHED',1),(113,'stage_p_wxcn','pm','PM','pmwxcn','PM微信中文','stage','svn://svn.olymtech.com/warspace/pwx/201512092000','svn://10.162.21.208/pm/pmwxcn','stage.pmwxcn.20160111.124211','2016-01-11 12:42:29','2016-01-11 12:42:12',6,6,1,0,'PUBLISHED',1),(114,'stage_pmwxen','pm','PM','pmwxen','PM微信英文','stage','svn://svn.olymtech.com/warspace/pwxen/201512092000','svn://10.162.21.208/pm/pmwxen','stage.pmwxen.20160111.125152','2016-01-11 12:52:09','2016-01-11 12:51:52',6,6,1,0,'PUBLISHED',1),(115,'stage_base实施','group','集团','base','本体库','stage','svn://svn.olymtech.com/warspace/base/201601081116','svn://10.162.21.208/group/base','stage.base.20160111.134143','2016-01-11 13:42:16','2016-01-11 13:41:43',6,6,1,0,'PUBLISHED',1),(116,'diamond准生产实施','group','集团','diamond','diamond','stage','svn://svn.olymtech.com/warspace/diamond/201510291308','svn://10.162.21.208/group/diamond','stage.diamond.20160111.160549','2016-01-11 16:06:25','2016-01-11 16:05:50',6,6,1,0,'PUBLISHED',1),(117,'impdata_monitor','gm','GM','gm_impdata','掌柜互联','stage','svn://svn.olymtech.com/warspace/impdata/201512111554','svn://10.162.21.208/gm/gm_impdata','stage.gm_impdata.20160112.111725','2016-01-12 11:18:01','2016-01-12 11:17:25',6,6,1,0,'PUBLISHED',1),(118,'gmdcas2实施','gm','GM','gmdcas2','GMDcas2','stage','svn://svn.olymtech.com/warspace/gmdcas2/201511E','svn://svn.ywpt.com/gm/gmdcas2','stage.gmdcas2.20160112.132642','2016-01-12 13:26:46','2016-01-12 13:26:43',6,6,1,0,'PUBLISHED',1),(119,'咖狗网运价覆盖规则修改','pm','PM','p','咖狗网','stage','svn://svn.olymtech.com/warspace/p/201601121336','svn://10.162.21.208/pm/p','stage.p.20160112.135152','2016-01-12 13:58:56','2016-01-12 13:51:53',87,87,1,0,'PUBLISHED',1),(120,'Dcas2紧急更新','gm','GM','gmdcas2','GMDcas2','stage','svn://svn.olymtech.com/warspace/gmdcas2/20160112','svn://10.162.21.208/gm/gmdcas2','stage.gmdcas2.20160112.145533','2016-01-12 15:12:51','2016-01-12 14:55:33',18,18,1,0,'PUBLISHED',1),(121,'stage_hq_yypt实施','group','集团','hq_yypt','平台部运营平台','stage','svn://svn.olymtech.com/warspace/gg/201512171600','svn://10.162.21.208/group/hq_yypt','stage.hq_yypt.20160112.160420','2016-01-12 16:04:44','2016-01-12 16:04:20',6,6,1,0,'PUBLISHED',1),(122,'stage_pm_yypt实施','pm','PM','pm_yypt','PM运营平台','stage','svn://svn.olymtech.com/warspace/gg/201512171600','svn://10.162.21.208/pm/pm_yypt','stage.pm_yypt.20160112.162913','2016-01-12 16:29:57','2016-01-12 16:29:13',6,6,1,0,'PUBLISHED',1),(123,'运价规则覆盖修改-日贸通GIO采集增加','pm','PM','p','咖狗网','stage','svn://svn.olymtech.com/warspace/p/201601121600','svn://10.162.21.208/pm/p','stage.p.20160112.164341','2016-01-12 16:45:59','2016-01-12 16:43:41',87,87,1,0,'PUBLISHED',1),(124,'stage_gm_yypt','gm','GM','yypt_adv','GM运营&广告','stage','svn://svn.olymtech.com/warspace/gg/201512171600','svn://10.162.21.208/gm/yypt_adv','stage.yypt_adv.20160112.170952','2016-01-12 17:10:17','2016-01-12 17:09:52',6,6,1,0,'PUBLISHED',1),(125,'测试','gm','GM','gmdcas2','GMDcas2','stage','svn://svn.olymtech.com/warspace/gmdcas2/20160112','svn://10.162.21.208/gm/gmdcas2','stage.gmdcas2.20160112.202643','2016-01-12 20:27:32','2016-01-12 20:26:44',6,6,0,0,'CANCEL',1),(126,'健康检查迭代4','group','集团','monitor','监控','stage','svn://svn.olymtech.com/warspace/exam/20160113','svn://10.162.21.208/group/monitor','stage.monitor.20160112.215831','2016-01-12 22:00:18','2016-01-12 21:58:32',18,18,1,0,'PUBLISHED',1),(127,'健康检查迭代4','group','集团','monitor','日志报警','stage','svn://svn.olymtech.com/warspace/exam/20160113','svn://10.162.21.208/group/monitor','stage.monitor.20160113.130831','2016-01-13 13:11:27','2016-01-13 13:08:32',18,18,1,0,'PUBLISHED',1),(128,'健康检查迭代4','group','集团','monitor','日志报警','stage','svn://svn.olymtech.com/warspace/exam/20160113','svn://10.162.21.208/group/monitor','stage.monitor.20160113.133312','2016-01-13 13:35:47','2016-01-13 13:33:12',18,18,1,0,'PUBLISHED',1),(129,'健康检查迭代4','group','集团','monitor','日志报警','stage','svn://svn.olymtech.com/warspace/exam/20160113','svn://10.162.21.208/group/monitor','stage.monitor.20160113.175630','2016-01-13 17:58:52','2016-01-13 17:56:30',18,18,1,0,'PUBLISHED',1),(130,'健康检查迭代4','group','集团','monitor','日志报警','stage','svn://svn.olymtech.com/warspace/exam/20160113','svn://10.162.21.208/group/monitor','stage.monitor.20160113.204731','2016-01-14 09:42:16','2016-01-13 20:47:32',18,5,1,0,'PUBLISHED',1),(131,'PM事业部-卖家线企业认证迭代','pm','PM','p','咖狗网','stage','svn://svn.olymtech.com/warspace/p/201601132000','svn://10.162.21.208/pm/p','stage.p.20160114.103509','2016-01-14 10:39:02','2016-01-14 10:35:09',269,269,1,0,'PUBLISHED',1),(132,'PM事业部-卖家线企业认证迭代','pm','PM','pmwxcn','PM微信中文','stage','svn://svn.olymtech.com/warspace/p/201601132000','svn://10.162.21.208/pm/pmwxcn','stage.pmwxcn.20160114.105035','2016-01-14 10:53:36','2016-01-14 10:50:35',269,269,1,0,'PUBLISHED',1),(133,'健康检查迭代4','group','集团','monitor','日志报警','stage','svn://svn.olymtech.com/warspace/exam/20160113','svn://10.162.21.208/group/monitor','stage.monitor.20160114.110049','2016-01-14 11:02:09','2016-01-14 11:00:49',18,18,1,0,'PUBLISHED',1),(134,'PM运营平台','pm','PM','pm_yypt','PM运营平台','stage','svn://svn.olymtech.com/warspace/gg/201601140920','svn://10.162.21.208/pm/pm_yypt','stage.pm_yypt.20160114.114751','2016-01-14 11:48:32','2016-01-14 11:47:51',269,269,1,0,'PUBLISHED',1),(135,'IM公共服务','gm','GM','webim','WEB_IM','stage','svn://svn.olymtech.com/warspace/imservice/20160114','svn://10.162.21.208/gm/webim','stage.webim.20160114.161834','2016-01-14 16:18:42','2016-01-14 16:18:35',216,216,1,0,'PUBLISHED',1),(136,'本体库紧急更新2006.1.14','group','集团','base','本体库','stage','svn://svn.olymtech.com/warspace/base/201601131614','svn://10.162.21.208/group/base','stage.base.20160114.163929','2016-01-14 16:41:15','2016-01-14 16:39:30',71,71,1,0,'PUBLISHED',1),(137,'PM运营平台准生产环境发布','pm','PM','pm_yypt','PM运营平台','stage','svn://svn.olymtech.com/warspace/gg/201601141718','svn://10.162.21.208/pm/pm_yypt','stage.pm_yypt.20160114.174009','2016-01-14 17:45:00','2016-01-14 17:40:10',101,101,1,0,'PUBLISHED',1),(138,'webim1.2准生产','gm','GM','webim','WEB_IM','stage','svn://svn.olymtech.com/warspace/imservice/20160114','svn://10.162.21.208/gm/webim','stage.webim.20160114.180435','2016-01-14 18:48:24','2016-01-14 18:04:35',7,7,1,0,'PUBLISHED',1),(139,'运价微信','gm','GM','wx','GM微信服务号','stage','svn://svn.olymtech.com/warspace/wx/201601141543','svn://10.162.21.208/gm/wx','stage.wx.20160114.182504','2016-01-14 18:25:46','2016-01-14 18:25:04',269,269,1,0,'PUBLISHED',1),(140,'微信企业号','gm','GM','wxqy','GM微信企业号','stage','svn://svn.olymtech.com/warspace/wxqy/201601141540','svn://10.162.21.208/gm/wxqy','stage.wxqy.20160114.182659','2016-01-14 18:27:30','2016-01-14 18:27:00',269,269,1,0,'PUBLISHED',1),(141,'运价微信','gm','GM','wx','GM微信服务号','stage','svn://svn.olymtech.com/warspace/wx/201601141543','svn://10.162.21.208/gm/wx','stage.wx.20160114.191432','2016-01-14 19:14:49','2016-01-14 19:14:33',269,269,1,0,'PUBLISHED',1),(142,'webim1.2','gm','GM','webim','WEB_IM','stage','svn://svn.olymtech.com/warspace/imservice/20160114','svn://10.162.21.208/gm/webim','stage.webim.20160114.195850','2016-01-14 19:59:15','2016-01-14 19:58:50',216,216,1,0,'PUBLISHED',1),(143,'webim','gm','GM','webim','WEB_IM','stage','svn://svn.olymtech.com/warspace/imservice/20160114','svn://10.162.21.208/gm/webim','stage.webim.20160114.200217','2016-01-14 20:03:25','2016-01-14 20:02:17',7,7,0,0,'CANCEL',1),(144,'webim1.2','gm','GM','webim','WEB_IM','stage','svn://svn.olymtech.com/warspace/imservice/20160114','svn://10.162.21.208/gm/webim','stage.webim.20160114.201634','2016-01-14 20:17:38','2016-01-14 20:16:35',7,7,1,0,'PUBLISHED',1),(145,'webim1.2准生产发布','gm','GM','webim','WEB_IM','stage','svn://svn.olymtech.com/warspace/imservice/20160114','svn://10.162.21.208/gm/webim','stage.webim.20160114.205957','2016-01-14 21:02:34','2016-01-14 20:59:57',7,7,1,0,'PUBLISHED',1),(146,'运价微信','gm','GM','wx','GM微信服务号','stage','svn://svn.olymtech.com/warspace/wx/201601141543','svn://10.162.21.208/gm/wx','stage.wx.20160114.215941','2016-01-14 21:59:58','2016-01-14 21:59:42',269,269,1,0,'PUBLISHED',1),(147,'运价微信','gm','GM','wx','GM微信服务号','stage','svn://svn.olymtech.com/warspace/wx/201601141543','svn://10.162.21.208/gm/wx','stage.wx.20160114.221520','2016-01-14 22:15:46','2016-01-14 22:15:20',269,269,1,0,'PUBLISHED',1),(148,'微信企业号准生产','gm','GM','wxqy','GM微信企业号','stage','svn://svn.olymtech.com/warspace/wxqy/201601141540','svn://10.162.21.208/gm/wxqy','stage.wxqy.20160114.232320','2016-01-14 23:23:51','2016-01-14 23:23:21',269,269,1,0,'PUBLISHED',1),(149,'Diamond V1.2','group','集团','diamond','diamond','stage','svn://svn.olymtech.com/warspace/diamond/201601141832','svn://10.162.21.208/group/diamond','stage.diamond.20160115.111717','2016-01-15 11:18:16','2016-01-15 11:17:18',71,71,1,0,'PUBLISHED',1),(150,'掌门人平台运营','gm','GM','yypt_adv','GM运营&广告','stage','svn://svn.olymtech.com/warspace/crm/201601152558','svn://10.162.21.208/gm/yypt_adv','stage.yypt_adv.20160115.160921','2016-01-15 16:09:37','2016-01-15 16:09:21',216,216,1,0,'PUBLISHED',1),(151,'svn文件过滤测试','group','集团','ywpt','运维平台','stage','svn://svn.olymtech.com/warspace/ywpt/20151116/','svn://10.162.21.208/group/ywpt','stage.ywpt.20160115.165747','2016-01-15 17:01:02','2016-01-15 16:57:48',6,6,0,0,'ROLLBACK',1),(152,'diamond V1.2','group','集团','diamond','diamond','stage','svn://svn.olymtech.com/warspace/diamond/201601151740','svn://10.162.21.208/group/diamond','stage.diamond.20160115.174223','2016-01-15 17:42:47','2016-01-15 17:42:23',71,71,1,0,'PUBLISHED',1),(153,'diamond Ver1.2','group','集团','diamond','diamond','stage','svn://svn.olymtech.com/warspace/diamond/201601141832','svn://10.162.21.208/group/diamond','stage.diamond.20160115.191009','2016-01-15 19:10:33','2016-01-15 19:10:10',71,71,1,0,'PUBLISHED',1),(154,'diamond Ver1.2','group','集团','diamond','diamond','stage','svn://svn.olymtech.com/warspace/diamond/201601151740','svn://10.162.21.208/group/diamond','stage.diamond.20160115.193306','2016-01-15 19:33:29','2016-01-15 19:33:07',71,71,1,0,'PUBLISHED',1),(155,'Diamond Ver1.2','group','集团','diamond','diamond','stage','svn://svn.olymtech.com/warspace/diamond/201601161111','svn://10.162.21.208/group/diamond','stage.diamond.20160118.111318','2016-01-18 11:13:40','2016-01-18 11:13:18',71,71,1,0,'PUBLISHED',1),(156,'日贸通图片替换和GIO采集','pm','PM','p','咖狗网','stage','svn://svn.olymtech.com/warspace/p/201601181530','svn://10.162.21.208/pm/p','stage.p.20160118.152822','2016-01-18 15:31:10','2016-01-18 15:28:22',101,101,0,0,'ROLLBACK',1),(157,'日贸通图片替换和GIO采集第二次','pm','PM','p','咖狗网','stage','svn://svn.olymtech.com/warspace/p/201601181530','svn://10.162.21.208/pm/p','stage.p.20160118.155919','2016-01-18 16:01:22','2016-01-18 15:59:20',101,101,0,0,'ROLLBACK',1),(158,'日贸通图片替换和GIO采集第三次','pm','PM','p','咖狗网','stage','svn://svn.olymtech.com/warspace/p/201601181530','svn://10.162.21.208/pm/p','stage.p.20160118.164444',NULL,'2016-01-18 16:44:45',88,NULL,NULL,1,'PENDING_APPROVE',0),(159,'日贸通图片替换和GIO采集第三次','pm','PM','p','咖狗网','stage','svn://svn.olymtech.com/warspace/p/201601181530','svn://10.162.21.208/pm/p','stage.p.20160118.164539','2016-01-18 16:47:13','2016-01-18 16:45:39',101,101,0,0,'ROLLBACK',1),(160,'日贸通图片替换和GIO采集第四次','pm','PM','p','咖狗网','stage','svn://svn.olymtech.com/warspace/p/201601181530','svn://10.162.21.208/pm/p','stage.p.20160118.174745','2016-01-18 17:49:00','2016-01-18 17:47:45',101,101,1,0,'PUBLISHED',1),(161,'企业号内部运价更新','gm','GM','yjt2015','运价通2015','stage','svn://svn.olymtech.com/warspace/yjt2015/201601191425','svn://10.162.21.208/gm/yjt2015','stage.yjt2015.20160119.155852','2016-01-19 15:59:30','2016-01-19 15:58:53',216,216,1,0,'PUBLISHED',1),(162,'企业号运价内部更新','gm','GM','wx','GM微信服务号','stage','svn://svn.olymtech.com/warspace/wx/201601191427','svn://10.162.21.208/gm/wx','stage.wx.20160119.160238','2016-01-19 16:02:54','2016-01-19 16:02:38',216,216,1,0,'PUBLISHED',1),(163,'企业号运价内部更新','gm','GM','wxqy','GM微信企业号','stage','svn://svn.olymtech.com/warspace/wxqy/201601181750','svn://10.162.21.208/gm/wxqy','stage.wxqy.20160119.160617','2016-01-19 16:06:34','2016-01-19 16:06:17',216,216,1,0,'PUBLISHED',1),(164,'微信企业号1.4.1','gm','GM','wxqy','GM微信企业号','stage','svn://svn.olymtech.com/warspace/wxqy/201601191510','svn://10.162.21.208/gm/wxqy','stage.wxqy.20160119.164251','2016-01-19 16:43:47','2016-01-19 16:42:52',216,216,1,0,'PUBLISHED',1),(165,'201601A.运价通港口航线改造 - 发布准生产','gm','GM','yjt2015','运价通2015','stage','svn://svn.olymtech.com/warspace/yjt2015/201601191855','svn://10.162.21.208/gm/yjt2015','stage.yjt2015.20160119.192916','2016-01-19 19:31:14','2016-01-19 19:29:16',29,29,1,0,'PUBLISHED',1),(166,'201601A.运价通港口航线改造（运价-微信）','gm','GM','wx','GM微信服务号','stage','svn://svn.olymtech.com/warspace/wx/201601191427','svn://10.162.21.208/gm/wx','stage.wx.20160119.193658','2016-01-19 19:38:33','2016-01-19 19:36:59',29,29,1,0,'PUBLISHED',1),(167,'微信企业号','gm','GM','wxqy','GM微信企业号','stage','svn://svn.olymtech.com/warspace/wxqy/201601181750','svn://10.162.21.208/gm/wxqy','stage.wxqy.20160120.100951','2016-01-20 10:10:26','2016-01-20 10:09:51',216,216,1,0,'PUBLISHED',1),(168,'企业号1.4.1','gm','GM','wxqy','GM微信企业号','stage','svn://svn.olymtech.com/warspace/wxqy/201601201300','svn://10.162.21.208/gm/wxqy','stage.wxqy.20160120.131746','2016-01-20 13:19:36','2016-01-20 13:17:47',202,202,1,0,'PUBLISHED',1),(169,'201601A.运价通港口航线改造 - 发布准生产（重发）','gm','GM','yjt2015','运价通2015','stage','svn://svn.olymtech.com/warspace/yjt2015/201601201545','svn://10.162.21.208/gm/yjt2015','stage.yjt2015.20160120.154759','2016-01-20 15:50:23','2016-01-20 15:47:59',29,29,1,0,'PUBLISHED',1),(170,'201601A.运价通港口航线改造 - 发布准生产（重发2）','gm','GM','yjt2015','运价通2015','stage','svn://svn.olymtech.com/warspace/yjt2015/201601191855','svn://10.162.21.208/gm/yjt2015','stage.yjt2015.20160120.161933','2016-01-20 16:21:41','2016-01-20 16:19:34',29,29,1,0,'PUBLISHED',1),(171,'webIm准生产更新','gm','GM','webim','WEB_IM','stage','svn://svn.olymtech.com/warspace/imservice','svn://10.162.21.208/gm/webim','stage.webim.20160121.133839',NULL,'2016-01-21 13:38:39',7,NULL,NULL,1,'PENDING_PRE',1),(172,'webim','gm','GM','webim','WEB_IM','stage','svn://svn.olymtech.com/warspace/imservice/20160121','svn://10.162.21.208/gm/webim','stage.webim.20160121.141839','2016-01-21 14:18:58','2016-01-21 14:18:40',216,216,1,0,'PUBLISHED',1),(173,'测试','group','集团','ywpt','运维平台','test','svn://svn.olymtech.com/warspace/ywpt/20151116/','svn://10.162.21.208/group/ywpt','test.ywpt.20160121.150359','2016-01-21 15:05:37','2016-01-21 15:04:00',6,6,1,0,'PUBLISHED',1),(174,'发布系统测试（1）','group','集团','ywpt','运维平台','test','svn://svn.olymtech.com/warspace/ywpt/20151116/','svn://10.162.21.208/group/ywpt','test.ywpt.20160121.152714','2016-01-21 15:28:52','2016-01-21 15:27:15',6,6,1,0,'PUBLISHED',1),(175,'发布系统测试（2）','group','集团','ywpt','运维平台','test','svn://svn.olymtech.com/warspace/ywpt/20151116/','svn://10.162.21.208/group/ywpt','test.ywpt.20160121.153950','2016-01-21 15:40:35','2016-01-21 15:39:51',6,6,1,0,'PUBLISHED',1),(176,'测试','group','集团','ywpt','运维平台','stage','svn://svn.olymtech.com/warspace/ywpt/20151116/','svn://10.162.21.208/group/ywpt','stage.ywpt.20160121.192642',NULL,'2016-01-21 19:26:42',6,NULL,NULL,1,'PENDING_PRE',1),(177,'测试','group','集团','ywpt','运维平台','test','svn://svn.olymtech.com/warspace/ywpt/20151116/','svn://10.162.21.208/group/ywpt','test.ywpt.20160121.192731','2016-01-21 19:28:21','2016-01-21 19:27:31',6,6,1,0,'PUBLISHED',1),(178,'微信服务号','gm','GM','wx','GM微信服务号','stage','svn://svn.olymtech.com/warspace/wx/201601191043','svn://10.162.21.208/gm/wx','stage.wx.20160122.104357','2016-01-22 10:45:45','2016-01-22 10:43:58',216,216,1,0,'PUBLISHED',1),(179,'微信服务号','gm','GM','wx','GM微信服务号','stage','svn://svn.olymtech.com/warspace/wx/201601221508','svn://10.162.21.208/gm/wx','stage.wx.20160122.151739','2016-01-22 15:17:56','2016-01-22 15:17:40',269,269,1,0,'PUBLISHED',1),(180,'微信','gm','GM','wx','GM微信服务号','stage','svn://svn.olymtech.com/warspace/wx/201601221508','svn://10.162.21.208/gm/wx','stage.wx.20160122.153547','2016-01-22 15:36:03','2016-01-22 15:35:48',216,216,1,0,'PUBLISHED',1),(181,'微信','gm','GM','wx','GM微信服务号','stage','svn://svn.olymtech.com/warspace/wx/201601221546','svn://10.162.21.208/gm/wx','stage.wx.20160122.154828','2016-01-22 15:48:49','2016-01-22 15:48:28',216,216,1,0,'PUBLISHED',1),(182,'webim引流需求','gm','GM','webim','WEB_IM','stage','svn://svn.olymtech.com/warspace/imservice/20160122','svn://10.162.21.208/gm/webim','stage.webim.20160122.183421','2016-01-22 19:29:37','2016-01-22 18:34:22',7,7,1,0,'PUBLISHED',1),(183,'微信服务号2.3','gm','GM','wx','GM微信服务号','stage','svn://svn.olymtech.com/warspace/wx/201601221950','svn://10.162.21.208/gm/wx','stage.wx.20160122.195448','2016-01-22 19:57:03','2016-01-22 19:54:49',134,134,1,0,'PUBLISHED',1),(184,'服务号2.3第三方平台','gm','GM','wx','GM微信服务号','stage','svn://svn.olymtech.com/warspace/wx/201601222020','svn://10.162.21.208/gm/wx','stage.wx.20160122.202117','2016-01-22 20:23:31','2016-01-22 20:21:17',134,134,1,0,'PUBLISHED',1),(185,'webIm引流紧急需求','gm','GM','webim','WEB_IM','stage','svn://svn.olymtech.com/warspace/imservice/20160122','svn://10.162.21.208/gm/webim','stage.webim.20160122.204446','2016-01-22 20:49:00','2016-01-22 20:44:46',7,7,1,0,'PUBLISHED',1),(186,'webim准生产','gm','GM','webim','WEB_IM','stage','svn://svn.olymtech.com/warspace/imservice/20160122','svn://10.162.21.208/gm/webim','stage.webim.20160122.211528','2016-01-22 21:20:44','2016-01-22 21:15:28',7,7,NULL,0,'PUBLISHING',1),(187,'企业号消息推送紧急更新','gm','GM','wxqy','GM微信企业号','stage','svn://svn.olymtech.com/warspace/wxqy/201601231213','svn://10.162.21.208/gm/wxqy','stage.wxqy.20160123.124239','2016-01-23 12:59:50','2016-01-23 12:42:40',202,202,1,0,'PUBLISHED',1),(188,'企业号消息推送紧急更新','gm','GM','wxqy','GM微信企业号','stage','svn://svn.olymtech.com/warspace/wxqy/201601231426','svn://10.162.21.208/gm/wxqy','stage.wxqy.20160123.143522','2016-01-23 14:54:36','2016-01-23 14:35:22',202,269,1,0,'PUBLISHED',1),(189,'企业号消息推送','gm','GM','wxqy','GM微信企业号','stage','svn://svn.olymtech.com/warspace/wxqy/201601231426','svn://10.162.21.208/gm/wxqy','stage.wxqy.20160123.162155','2016-01-23 16:22:33','2016-01-23 16:21:55',202,202,NULL,0,'PUBLISHING',1);
/*!40000 ALTER TABLE `nebula_publish_event` ENABLE KEYS */;
UNLOCK TABLES;

--
-- Table structure for table `nebula_publish_event_log`
--

DROP TABLE IF EXISTS `nebula_publish_event_log`;
/*!40101 SET @saved_cs_client     = @@character_set_client */;
/*!40101 SET character_set_client = utf8 */;
CREATE TABLE `nebula_publish_event_log` (
  `id` int(11) NOT NULL AUTO_INCREMENT COMMENT '自增id',
  `publish_event_id` int(11) DEFAULT NULL COMMENT '发布事件id',
  `log_action` varchar(20) DEFAULT NULL COMMENT '动作，create/delete/update',
  `log_info` varchar(255) DEFAULT NULL COMMENT '日志信息',
  `log_datetime` datetime DEFAULT NULL COMMENT '日志时间',
  `opt_emp_id` int(10) DEFAULT NULL COMMENT '操作者工号',
  PRIMARY KEY (`id`)
) ENGINE=InnoDB DEFAULT CHARSET=utf8 ROW_FORMAT=DYNAMIC;
/*!40101 SET character_set_client = @saved_cs_client */;

--
-- Dumping data for table `nebula_publish_event_log`
--

LOCK TABLES `nebula_publish_event_log` WRITE;
/*!40000 ALTER TABLE `nebula_publish_event_log` DISABLE KEYS */;
/*!40000 ALTER TABLE `nebula_publish_event_log` ENABLE KEYS */;
UNLOCK TABLES;

--
-- Table structure for table `nebula_publish_host`
--

DROP TABLE IF EXISTS `nebula_publish_host`;
/*!40101 SET @saved_cs_client     = @@character_set_client */;
/*!40101 SET character_set_client = utf8 */;
CREATE TABLE `nebula_publish_host` (
  `id` int(11) NOT NULL AUTO_INCREMENT COMMENT '自增id',
  `publish_event_id` int(11) DEFAULT NULL COMMENT '发布事件id',
  `publish_module_id` int(11) DEFAULT NULL COMMENT '发布模块id',
  `pass_publish_host_name` varchar(100) DEFAULT NULL COMMENT '被发布机名称',
  `pass_publish_host_ip` varchar(50) DEFAULT NULL COMMENT '被发布机ip',
  `action_name` varchar(100) DEFAULT NULL COMMENT '动作名称',
  `action_group` varchar(100) DEFAULT NULL COMMENT '动作组',
  `is_success_action` int(5) DEFAULT NULL COMMENT '是否成功',
  `action_result` text COMMENT '动作执行结果',
  PRIMARY KEY (`id`),
  UNIQUE KEY `unique_module_id_ip` (`publish_module_id`,`pass_publish_host_ip`) USING BTREE
) ENGINE=InnoDB AUTO_INCREMENT=352 DEFAULT CHARSET=utf8 ROW_FORMAT=DYNAMIC;
/*!40101 SET character_set_client = @saved_cs_client */;

--
-- Dumping data for table `nebula_publish_host`
--

LOCK TABLES `nebula_publish_host` WRITE;
/*!40000 ALTER TABLE `nebula_publish_host` DISABLE KEYS */;
INSERT INTO `nebula_publish_host` VALUES (1,2,1,'minion-tiny','10.160.50.183','CLEAN_HISTORY_DIR','CLEAN_END',1,'success'),(2,2,1,'minion-tim','10.162.61.152','CLEAN_HISTORY_DIR','CLEAN_END',1,'success'),(3,3,2,'minion-tiny','10.160.50.183','CLEAN_HISTORY_DIR','CLEAN_END',1,'success'),(4,3,2,'minion-tim','10.162.61.152','CLEAN_HISTORY_DIR','CLEAN_END',1,'success'),(5,5,3,'minion-tiny','10.160.50.183','CHANGE_LN','FAIL_END',1,'success'),(6,5,3,'minion-tim','10.162.61.152','CHANGE_LN','FAIL_END',1,'success'),(9,7,5,'minion-tiny','10.160.50.183','CLEAN_HISTORY_DIR','CLEAN_END',1,'success'),(10,7,5,'minion-tim','10.162.61.152','CLEAN_HISTORY_DIR','CLEAN_END',1,'success'),(11,8,6,'minion-tiny','10.160.50.183','CLEAN_HISTORY_DIR','CLEAN_END',1,'success'),(12,8,6,'minion-tim','10.162.61.152','CLEAN_HISTORY_DIR','CLEAN_END',1,'success'),(13,9,7,'Stage_pm_web01','10.132.39.242','START_TOMCAT','PUBLISH_REAL',1,'kill: usage: kill [-s sigspec | -n signum | -sigspec] pid | jobspec ... or kill -l [sigspec]\nUsing CATALINA_BASE:   /home/saas/tomcat\nUsing CATALINA_HOME:   /home/saas/tomcat\nUsing CATALINA_TMPDIR: /home/saas/tomcat/temp\nUsing JRE_HOME:        /home/saas/jdk1.6.0_13\nUsing CLASSPATH:       /home/saas/tomcat/bin/bootstrap.jar'),(14,9,7,'Stage_pm_web02','10.160.44.15','START_TOMCAT','PUBLISH_REAL',1,'kill: usage: kill [-s sigspec | -n signum | -sigspec] pid | jobspec ... or kill -l [sigspec]\nUsing CATALINA_BASE:   /home/saas/tomcat\nUsing CATALINA_HOME:   /home/saas/tomcat\nUsing CATALINA_TMPDIR: /home/saas/tomcat/temp\nUsing JRE_HOME:        /home/saas/jdk1.6.0_13\nUsing CLASSPATH:       /home/saas/tomcat/bin/bootstrap.jar'),(15,9,8,'Stage_pm_dcas02','10.162.102.244','START_TOMCAT','PUBLISH_REAL',1,'kill: usage: kill [-s sigspec | -n signum | -sigspec] pid | jobspec ... or kill -l [sigspec]\nUsing CATALINA_BASE:   /home/saas/tomcat\nUsing CATALINA_HOME:   /home/saas/tomcat\nUsing CATALINA_TMPDIR: /home/saas/tomcat/temp\nUsing JRE_HOME:        /home/saas/jdk1.6.0_13\nUsing CLASSPATH:       /home/saas/tomcat/bin/bootstrap.jar'),(16,9,8,'Stage_pm_dcas01','10.171.217.2','START_TOMCAT','PUBLISH_REAL',1,'kill: usage: kill [-s sigspec | -n signum | -sigspec] pid | jobspec ... or kill -l [sigspec]\nUsing CATALINA_BASE:   /home/saas/tomcat\nUsing CATALINA_HOME:   /home/saas/tomcat\nUsing CATALINA_TMPDIR: /home/saas/tomcat/temp\nUsing JRE_HOME:        /home/saas/jdk1.6.0_13\nUsing CLASSPATH:       /home/saas/tomcat/bin/bootstrap.jar'),(17,9,9,'Stage_pm_ds02','10.161.217.45','START_TOMCAT','PUBLISH_REAL',1,'kill: usage: kill [-s sigspec | -n signum | -sigspec] pid | jobspec ... or kill -l [sigspec]\nUsing CATALINA_BASE:   /home/saas/tomcat\nUsing CATALINA_HOME:   /home/saas/tomcat\nUsing CATALINA_TMPDIR: /home/saas/tomcat/temp\nUsing JRE_HOME:        /home/saas/jdk1.6.0_13\nUsing CLASSPATH:       /home/saas/tomcat/bin/bootstrap.jar'),(18,9,9,'Stage_pm_ds01','10.252.171.87','CLEAN_HISTORY_DIR','CLEAN_END',1,'success'),(19,13,10,'minion-tiny','10.160.50.183','CLEAN_HISTORY_DIR','CLEAN_END',1,'success'),(20,13,10,'minion-tim','10.162.61.152','CLEAN_HISTORY_DIR','CLEAN_END',1,'success'),(27,22,14,'Stage_pm_web01','10.132.39.242',NULL,NULL,NULL,NULL),(28,22,14,'Stage_pm_web02','10.160.44.15',NULL,NULL,NULL,NULL),(29,22,15,'Stage_pm_dcas02','10.162.102.244',NULL,NULL,NULL,NULL),(30,22,15,'Stage_pm_dcas01','10.171.217.2',NULL,NULL,NULL,NULL),(31,22,16,'Stage_pm_ds02','10.161.217.45',NULL,NULL,NULL,NULL),(32,22,16,'Stage_pm_ds01','10.252.171.87',NULL,NULL,NULL,NULL),(33,23,17,'minion-tiny','10.160.50.183','CLEAN_HISTORY_DIR','CLEAN_END',1,'success'),(34,23,17,'minion-tim','10.162.61.152','CLEAN_HISTORY_DIR','CLEAN_END',1,'success'),(35,25,18,'Stage_pm_web01','10.132.39.242','CLEAN_HISTORY_DIR','CLEAN_END',1,'success'),(36,25,18,'Stage_pm_web02','10.160.44.15','CLEAN_HISTORY_DIR','CLEAN_END',1,'success'),(37,25,19,'Stage_pm_dcas02','10.162.102.244','CLEAN_HISTORY_DIR','CLEAN_END',1,'success'),(38,25,19,'Stage_pm_dcas01','10.171.217.2','CLEAN_HISTORY_DIR','CLEAN_END',1,'success'),(39,25,20,'Stage_pm_ds02','10.161.217.45','CLEAN_HISTORY_DIR','CLEAN_END',1,'success'),(40,25,20,'Stage_pm_ds01','10.252.171.87','CLEAN_HISTORY_DIR','CLEAN_END',1,'success'),(45,28,23,'minion-tiny','10.160.50.183','CLEAN_HISTORY_DIR','CLEAN_END',1,'success'),(46,28,23,'minion-tim','10.162.61.152','CLEAN_HISTORY_DIR','CLEAN_END',1,'success'),(47,29,24,'minion-tiny','10.160.50.183','CLEAN_HISTORY_DIR','CLEAN_END',1,'success'),(48,29,24,'minion-tim','10.162.61.152','CLEAN_HISTORY_DIR','CLEAN_END',1,'success'),(49,30,25,'Stage_pm_web01','10.132.39.242','START_TOMCAT','PUBLISH_REAL',1,'kill: usage: kill [-s sigspec | -n signum | -sigspec] pid | jobspec ... or kill -l [sigspec]\nUsing CATALINA_BASE:   /home/saas/tomcat\nUsing CATALINA_HOME:   /home/saas/tomcat\nUsing CATALINA_TMPDIR: /home/saas/tomcat/temp\nUsing JRE_HOME:        /home/saas/jdk1.6.0_13\nUsing CLASSPATH:       /home/saas/tomcat/bin/bootstrap.jar'),(50,30,25,'Stage_pm_web02','10.160.44.15','CHANGE_LN','FAIL_END',1,'success'),(51,30,26,'Stage_pm_dcas02','10.162.102.244','START_TOMCAT','PUBLISH_REAL',1,'kill: usage: kill [-s sigspec | -n signum | -sigspec] pid | jobspec ... or kill -l [sigspec]\nUsing CATALINA_BASE:   /home/saas/tomcat\nUsing CATALINA_HOME:   /home/saas/tomcat\nUsing CATALINA_TMPDIR: /home/saas/tomcat/temp\nUsing JRE_HOME:        /home/saas/jdk1.6.0_13\nUsing CLASSPATH:       /home/saas/tomcat/bin/bootstrap.jar'),(52,30,26,'Stage_pm_dcas01','10.171.217.2','START_TOMCAT','PUBLISH_REAL',1,'kill: usage: kill [-s sigspec | -n signum | -sigspec] pid | jobspec ... or kill -l [sigspec]\nUsing CATALINA_BASE:   /home/saas/tomcat\nUsing CATALINA_HOME:   /home/saas/tomcat\nUsing CATALINA_TMPDIR: /home/saas/tomcat/temp\nUsing JRE_HOME:        /home/saas/jdk1.6.0_13\nUsing CLASSPATH:       /home/saas/tomcat/bin/bootstrap.jar'),(53,30,27,'Stage_pm_ds02','10.161.217.45','START_TOMCAT','PUBLISH_REAL',1,'kill: usage: kill [-s sigspec | -n signum | -sigspec] pid | jobspec ... or kill -l [sigspec]\nUsing CATALINA_BASE:   /home/saas/tomcat\nUsing CATALINA_HOME:   /home/saas/tomcat\nUsing CATALINA_TMPDIR: /home/saas/tomcat/temp\nUsing JRE_HOME:        /home/saas/jdk1.6.0_13\nUsing CLASSPATH:       /home/saas/tomcat/bin/bootstrap.jar'),(54,30,27,'Stage_pm_ds01','10.252.171.87','START_TOMCAT','PUBLISH_REAL',1,'kill: usage: kill [-s sigspec | -n signum | -sigspec] pid | jobspec ... or kill -l [sigspec]\nUsing CATALINA_BASE:   /home/saas/tomcat\nUsing CATALINA_HOME:   /home/saas/tomcat\nUsing CATALINA_TMPDIR: /home/saas/tomcat/temp\nUsing JRE_HOME:        /home/saas/jdk1.6.0_13\nUsing CLASSPATH:       /home/saas/tomcat/bin/bootstrap.jar'),(55,31,28,'minion-tiny','10.160.50.183','CLEAN_HISTORY_DIR','CLEAN_END',1,'success'),(56,31,28,'minion-tim','10.162.61.152','CLEAN_HISTORY_DIR','CLEAN_END',1,'success'),(57,32,29,'minion-tiny','10.160.50.183','CHANGE_LN','FAIL_END',1,'success'),(58,32,29,'minion-tim','10.162.61.152','CHANGE_LN','FAIL_END',1,'success'),(59,35,30,'minion-tiny','10.160.50.183','CLEAN_HISTORY_DIR','CLEAN_END',1,'success'),(60,35,30,'minion-tim','10.162.61.152','CLEAN_HISTORY_DIR','CLEAN_END',1,'success'),(61,36,31,'minion-tiny','10.160.50.183','CLEAN_HISTORY_DIR','CLEAN_END',1,'success'),(62,36,31,'minion-tim','10.162.61.152','CLEAN_HISTORY_DIR','CLEAN_END',1,'success'),(63,37,32,'minion-tiny','10.160.50.183','CLEAN_HISTORY_DIR','CLEAN_END',1,'success'),(64,37,32,'minion-tim','10.162.61.152','CLEAN_HISTORY_DIR','CLEAN_END',1,'success'),(65,38,33,'minion-tiny','10.160.50.183','CHANGE_LN','FAIL_END',1,'success'),(66,38,33,'minion-tim','10.162.61.152','CHANGE_LN','FAIL_END',1,'success'),(67,39,34,'minion-tiny','10.160.50.183','CLEAN_HISTORY_DIR','CLEAN_END',1,'success'),(68,39,34,'minion-tim','10.162.61.152','CLEAN_HISTORY_DIR','CLEAN_END',1,'success'),(69,40,35,'minion-tiny','10.160.50.183','CHANGE_LN','FAIL_END',1,'success'),(70,40,35,'minion-tim','10.162.61.152','CHANGE_LN','FAIL_END',1,'success'),(71,41,36,'minion-tiny','10.160.50.183','CHANGE_LN','FAIL_END',1,'success'),(72,41,36,'minion-tim','10.162.61.152','CHANGE_LN','FAIL_END',1,'success'),(73,42,37,'Stage_pm_web01','10.132.39.242','CLEAN_HISTORY_DIR','CLEAN_END',1,'success'),(74,42,37,'Stage_pm_web02','10.160.44.15','CLEAN_HISTORY_DIR','CLEAN_END',1,'success'),(75,42,38,'Stage_pm_dcas02','10.162.102.244','CLEAN_HISTORY_DIR','CLEAN_END',1,'success'),(76,42,38,'Stage_pm_dcas01','10.171.217.2','CLEAN_HISTORY_DIR','CLEAN_END',1,'success'),(77,42,39,'Stage_pm_ds02','10.161.217.45','CLEAN_HISTORY_DIR','CLEAN_END',1,'success'),(78,42,39,'Stage_pm_ds01','10.252.171.87','CLEAN_HISTORY_DIR','CLEAN_END',1,'success'),(79,43,40,'Stage_pm_web01','10.132.39.242','CLEAN_HISTORY_DIR','CLEAN_END',1,'success'),(80,43,40,'Stage_pm_web02','10.160.44.15','CLEAN_HISTORY_DIR','CLEAN_END',1,'success'),(81,43,41,'Stage_pm_dcas02','10.162.102.244','CLEAN_HISTORY_DIR','CLEAN_END',1,'success'),(82,43,41,'Stage_pm_dcas01','10.171.217.2','CLEAN_HISTORY_DIR','CLEAN_END',1,'success'),(83,43,42,'Stage_pm_ds02','10.161.217.45','CLEAN_HISTORY_DIR','CLEAN_END',1,'success'),(84,43,42,'Stage_pm_ds01','10.252.171.87','CLEAN_HISTORY_DIR','CLEAN_END',1,'success'),(85,44,43,'Stage_pm_web01','10.132.39.242','CLEAN_HISTORY_DIR','CLEAN_END',1,'success'),(86,44,43,'Stage_pm_web02','10.160.44.15','CLEAN_HISTORY_DIR','CLEAN_END',1,'success'),(87,44,44,'Stage_pm_dcas02','10.162.102.244','CLEAN_HISTORY_DIR','CLEAN_END',1,'success'),(88,44,44,'Stage_pm_dcas01','10.171.217.2','CLEAN_HISTORY_DIR','CLEAN_END',1,'success'),(89,44,45,'Stage_pm_ds02','10.161.217.45','CLEAN_HISTORY_DIR','CLEAN_END',1,'success'),(90,44,45,'Stage_pm_ds01','10.252.171.87','CLEAN_HISTORY_DIR','CLEAN_END',1,'success'),(91,45,46,'Stage_pm_web01','10.132.39.242','CHANGE_LN','FAIL_END',1,'success'),(92,45,46,'Stage_pm_web02','10.160.44.15','CHANGE_LN','FAIL_END',1,'success'),(93,45,47,'Stage_pm_ds02','10.161.217.45','CHANGE_LN','FAIL_END',1,'success'),(94,45,47,'Stage_pm_ds01','10.252.171.87','CHANGE_LN','FAIL_END',1,'success'),(95,46,48,'Stage_pm_web01','10.132.39.242','CLEAN_HISTORY_DIR','CLEAN_END',1,'success'),(96,46,48,'Stage_pm_web02','10.160.44.15','CLEAN_HISTORY_DIR','CLEAN_END',1,'success'),(97,46,49,'Stage_pm_ds02','10.161.217.45','CLEAN_HISTORY_DIR','CLEAN_END',1,'success'),(98,46,49,'Stage_pm_ds01','10.252.171.87','CLEAN_HISTORY_DIR','CLEAN_END',1,'success'),(99,47,50,'minion-tiny','10.160.50.183','CHANGE_LN','FAIL_END',1,'success'),(100,47,50,'minion-tim','10.162.61.152','CHANGE_LN','FAIL_END',1,'success'),(101,48,51,'minion-tiny','10.160.50.183','CLEAN_HISTORY_DIR','CLEAN_END',1,'success'),(102,48,51,'minion-tim','10.162.61.152','CLEAN_HISTORY_DIR','CLEAN_END',1,'success'),(103,50,52,'Stage_pm_web01','10.132.39.242','START_TOMCAT','PUBLISH_REAL',1,'kill: usage: kill [-s sigspec | -n signum | -sigspec] pid | jobspec ... or kill -l [sigspec]'),(104,50,52,'Stage_pm_web02','10.160.44.15','START_TOMCAT','PUBLISH_REAL',1,'kill: usage: kill [-s sigspec | -n signum | -sigspec] pid | jobspec ... or kill -l [sigspec]'),(105,50,53,'Stage_pm_ds02','10.161.217.45','START_TOMCAT','PUBLISH_REAL',1,'kill: usage: kill [-s sigspec | -n signum | -sigspec] pid | jobspec ... or kill -l [sigspec]'),(106,50,53,'Stage_pm_ds01','10.252.171.87','START_TOMCAT','PUBLISH_REAL',1,'kill: usage: kill [-s sigspec | -n signum | -sigspec] pid | jobspec ... or kill -l [sigspec]'),(107,51,54,'Stage_pm_web01','10.132.39.242','CHANGE_LN','FAIL_END',1,'success'),(108,51,54,'Stage_pm_web02','10.160.44.15','CHANGE_LN','FAIL_END',1,'success'),(109,52,55,'Stage_pm_web01','10.132.39.242','CLEAN_HISTORY_DIR','CLEAN_END',1,'success'),(110,52,55,'Stage_pm_web02','10.160.44.15','CLEAN_HISTORY_DIR','CLEAN_END',1,'success'),(111,53,56,'Stage_pm_web01','10.132.39.242','START_TOMCAT','PUBLISH_REAL',1,'kill: usage: kill [-s sigspec | -n signum | -sigspec] pid | jobspec ... or kill -l [sigspec]'),(112,53,56,'Stage_pm_web02','10.160.44.15','START_TOMCAT','PUBLISH_REAL',1,'kill: usage: kill [-s sigspec | -n signum | -sigspec] pid | jobspec ... or kill -l [sigspec]'),(113,53,57,'Stage_pm_ds02','10.161.217.45','START_TOMCAT','PUBLISH_REAL',1,'kill: usage: kill [-s sigspec | -n signum | -sigspec] pid | jobspec ... or kill -l [sigspec]'),(114,53,57,'Stage_pm_ds01','10.252.171.87','START_TOMCAT','PUBLISH_REAL',1,'kill: usage: kill [-s sigspec | -n signum | -sigspec] pid | jobspec ... or kill -l [sigspec]'),(115,54,58,'Stage_pm_web01','10.132.39.242','CLEAN_HISTORY_DIR','CLEAN_END',1,'success'),(116,54,58,'Stage_pm_web02','10.160.44.15','CLEAN_HISTORY_DIR','CLEAN_END',1,'success'),(117,54,59,'Stage_pm_ds02','10.161.217.45','CLEAN_HISTORY_DIR','CLEAN_END',1,'success'),(118,54,59,'Stage_pm_ds01','10.252.171.87','CLEAN_HISTORY_DIR','CLEAN_END',1,'success'),(119,56,60,'minion-tiny','10.160.50.183','CLEAN_HISTORY_DIR','CLEAN_END',1,'success'),(120,56,60,'minion-tim','10.162.61.152','CLEAN_HISTORY_DIR','CLEAN_END',1,'success'),(121,57,61,'Stage_pm_web01','10.132.39.242','CHANGE_LN','FAIL_END',1,'success'),(122,57,61,'Stage_pm_web02','10.160.44.15','CHANGE_LN','FAIL_END',1,'success'),(123,58,62,'Stage_pm_web01','10.132.39.242','CHANGE_LN','FAIL_END',1,'success'),(124,58,62,'Stage_pm_web02','10.160.44.15','CHANGE_LN','FAIL_END',1,'success'),(125,59,63,'Stage_pm_web01','10.132.39.242','CHANGE_LN','FAIL_END',1,'success'),(126,59,63,'Stage_pm_web02','10.160.44.15','CHANGE_LN','FAIL_END',1,'success'),(127,60,64,'Stage_pm_web01','10.132.39.242','CLEAN_HISTORY_DIR','CLEAN_END',1,'success'),(128,60,64,'Stage_pm_web02','10.160.44.15','CLEAN_HISTORY_DIR','CLEAN_END',1,'success'),(129,61,65,'Stage_pm_web01','10.132.39.242','CLEAN_HISTORY_DIR','CLEAN_END',1,'success'),(130,61,65,'Stage_pm_web02','10.160.44.15','CLEAN_HISTORY_DIR','CLEAN_END',1,'success'),(131,62,66,'stage_pm_web01','10.132.39.242','CLEAN_HISTORY_DIR','CLEAN_END',1,'success'),(132,62,66,'stage_pm_web02','10.160.44.15','CLEAN_HISTORY_DIR','CLEAN_END',1,'success'),(133,63,67,'stage_pm_web01','10.132.39.242','CLEAN_HISTORY_DIR','CLEAN_END',1,'success'),(134,63,67,'stage_pm_web02','10.160.44.15','CLEAN_HISTORY_DIR','CLEAN_END',1,'success'),(135,64,68,'stage_pm_web01','10.132.39.242','CLEAN_HISTORY_DIR','CLEAN_END',1,'success'),(136,64,68,'stage_pm_web02','10.160.44.15','CLEAN_HISTORY_DIR','CLEAN_END',1,'success'),(137,65,69,'stage_pm_web01','10.132.39.242','START_TOMCAT','PUBLISH_REAL',1,'kill: usage: kill [-s sigspec | -n signum | -sigspec] pid | jobspec ... or kill -l [sigspec]'),(138,65,69,'stage_pm_web02','10.160.44.15','START_TOMCAT','PUBLISH_REAL',1,'kill: usage: kill [-s sigspec | -n signum | -sigspec] pid | jobspec ... or kill -l [sigspec]'),(139,66,70,'stage_pm_web01','10.132.39.242','CLEAN_HISTORY_DIR','CLEAN_END',1,'success'),(140,66,70,'stage_pm_web02','10.160.44.15','CLEAN_HISTORY_DIR','CLEAN_END',1,'success'),(141,67,71,'stage_pm_web01','10.132.39.242','CLEAN_HISTORY_DIR','CLEAN_END',1,'success'),(142,67,71,'stage_pm_web02','10.160.44.15','CLEAN_HISTORY_DIR','CLEAN_END',1,'success'),(143,67,72,'stage_pm_ds02','10.161.217.45','CLEAN_HISTORY_DIR','CLEAN_END',1,'success'),(144,67,72,'stage_pm_ds01','10.252.171.87','CLEAN_HISTORY_DIR','CLEAN_END',1,'success'),(145,70,73,'stage_exam','10.161.227.131','CLEAN_HISTORY_DIR','CLEAN_END',1,'success'),(146,71,74,'stage_exam','10.161.227.131','CLEAN_HISTORY_DIR','CLEAN_END',1,'success'),(147,72,75,'stage_exam','10.161.227.131','CLEAN_HISTORY_DIR','CLEAN_END',1,'success'),(148,73,76,'stage_exam','10.161.227.131','CLEAN_HISTORY_DIR','CLEAN_END',1,'success'),(149,74,77,'stage_exam','10.161.227.131','CLEAN_HISTORY_DIR','CLEAN_END',1,'success'),(150,75,78,'stage_exam','10.161.227.131','CLEAN_HISTORY_DIR','CLEAN_END',1,'success'),(151,76,79,'stage_exam','10.161.227.131','CLEAN_HISTORY_DIR','CLEAN_END',1,'success'),(152,77,80,'stage_pm_web01','10.132.39.242','CHANGE_LN','FAIL_END',1,'success'),(153,77,80,'stage_pm_web02','10.160.44.15','CHANGE_LN','FAIL_END',1,'success'),(154,77,81,'stage_pm_ds02','10.161.217.45','CHANGE_LN','FAIL_END',1,'success'),(155,77,81,'stage_pm_ds01','10.252.171.87','CHANGE_LN','FAIL_END',1,'success'),(156,78,82,'stage_message01','10.162.90.61','CLEAN_HISTORY_DIR','CLEAN_END',1,'success'),(157,78,82,'stage_message02','10.161.213.136','CLEAN_HISTORY_DIR','CLEAN_END',1,'success'),(158,79,83,'stage_pm_web01','10.132.39.242','CHANGE_LN','FAIL_END',1,'success'),(159,79,83,'stage_pm_web02','10.160.44.15','CHANGE_LN','FAIL_END',1,'success'),(160,79,84,'stage_pm_ds02','10.161.217.45','CHANGE_LN','FAIL_END',1,'success'),(161,79,84,'stage_pm_ds01','10.252.171.87','CHANGE_LN','FAIL_END',1,'success'),(162,80,85,'stage_pm_web01','10.132.39.242','START_TOMCAT','PUBLISH_REAL',1,''),(163,80,85,'stage_pm_web02','10.160.44.15','START_TOMCAT','PUBLISH_REAL',1,''),(164,80,86,'stage_pm_ds02','10.161.217.45','START_TOMCAT','PUBLISH_REAL',1,''),(165,80,86,'stage_pm_ds01','10.252.171.87','START_TOMCAT','PUBLISH_REAL',1,''),(166,81,87,'stage_message01','10.162.90.61','CLEAN_HISTORY_DIR','CLEAN_END',1,'success'),(167,81,87,'stage_message02','10.161.213.136','CLEAN_HISTORY_DIR','CLEAN_END',1,'success'),(168,82,88,'stage_pm_web01','10.132.39.242','START_TOMCAT','PUBLISH_REAL',1,''),(169,82,88,'stage_pm_web02','10.160.44.15','START_TOMCAT','PUBLISH_REAL',1,''),(170,82,89,'stage_pm_ds02','10.161.217.45','START_TOMCAT','PUBLISH_REAL',1,''),(171,82,89,'stage_pm_ds01','10.252.171.87','START_TOMCAT','PUBLISH_REAL',1,''),(172,83,90,'stage_pm_web01','10.132.39.242','START_TOMCAT','PUBLISH_REAL',1,''),(173,83,90,'stage_pm_web02','10.160.44.15','START_TOMCAT','PUBLISH_REAL',1,''),(174,83,91,'stage_pm_ds02','10.161.217.45','START_TOMCAT','PUBLISH_REAL',1,''),(175,83,91,'stage_pm_ds01','10.252.171.87','START_TOMCAT','PUBLISH_REAL',1,''),(176,84,92,'stage_pm_web01','10.132.39.242','CLEAN_HISTORY_DIR','CLEAN_END',1,'success'),(177,84,92,'stage_pm_web02','10.160.44.15','CLEAN_HISTORY_DIR','CLEAN_END',1,'success'),(178,84,93,'stage_pm_ds02','10.161.217.45','CLEAN_HISTORY_DIR','CLEAN_END',1,'success'),(179,84,93,'stage_pm_ds01','10.252.171.87','CLEAN_HISTORY_DIR','CLEAN_END',1,'success'),(180,85,94,'stage_pm_ds02','10.161.217.45','CHANGE_LN','FAIL_END',1,'success'),(181,85,94,'stage_pm_ds01','10.252.171.87','CHANGE_LN','FAIL_END',1,'success'),(182,86,95,'stage_pm_ds02','10.161.217.45','CHANGE_LN','FAIL_END',1,'success'),(183,86,95,'stage_pm_ds01','10.252.171.87','CHANGE_LN','FAIL_END',1,'success'),(186,87,97,'stage_pm_ds02','10.161.217.45','START_TOMCAT','PUBLISH_REAL',1,''),(187,87,97,'stage_pm_ds01','10.252.171.87','START_TOMCAT','PUBLISH_REAL',1,''),(188,88,98,'stage_pm_ds02','10.161.217.45','CLEAN_HISTORY_DIR','CLEAN_END',1,'success'),(189,88,98,'stage_pm_ds01','10.252.171.87','CLEAN_HISTORY_DIR','CLEAN_END',1,'success'),(190,89,99,'stage_wx_qy02','10.168.128.230','CLEAN_HISTORY_DIR','CLEAN_END',1,'success'),(191,89,99,'stage_wx_qy01','10.51.19.161','CLEAN_HISTORY_DIR','CLEAN_END',1,'success'),(192,90,100,'stage_wx_qy02','10.168.128.230','CLEAN_HISTORY_DIR','CLEAN_END',1,'success'),(193,90,100,'stage_wx_qy01','10.51.19.161','CLEAN_HISTORY_DIR','CLEAN_END',1,'success'),(194,91,101,'stage_wx_qy02','10.168.128.230','CLEAN_HISTORY_DIR','CLEAN_END',1,'success'),(195,91,101,'stage_wx_qy01','10.51.19.161','CLEAN_HISTORY_DIR','CLEAN_END',1,'success'),(196,92,102,'stage_2015yjt','10.161.183.185','CLEAN_HISTORY_DIR','CLEAN_END',1,'success'),(197,93,103,'stage_2015yjt','10.161.183.185','CLEAN_HISTORY_DIR','CLEAN_END',1,'success'),(198,94,104,'stage_2015yjt','10.161.183.185','CHANGE_LN','FAIL_END',1,'success'),(199,95,105,'stage_yj_wx2','10.168.93.63','CLEAN_HISTORY_DIR','CLEAN_END',1,'success'),(200,95,105,'stage_yj_wx1','10.132.22.208','CLEAN_HISTORY_DIR','CLEAN_END',1,'success'),(201,96,106,'stage_yj_wx2','10.168.93.63','CLEAN_HISTORY_DIR','CLEAN_END',1,'success'),(202,96,106,'stage_yj_wx1','10.132.22.208','CLEAN_HISTORY_DIR','CLEAN_END',1,'success'),(203,97,107,'stage_yj_wx2','10.168.93.63','CLEAN_HISTORY_DIR','CLEAN_END',1,'success'),(204,97,107,'stage_yj_wx1','10.132.22.208','CLEAN_HISTORY_DIR','CLEAN_END',1,'success'),(205,98,108,'stage_yj_wx2','10.168.93.63','CHANGE_LN','FAIL_END',1,'success'),(206,98,108,'stage_yj_wx1','10.132.22.208','CHANGE_LN','FAIL_END',1,'success'),(207,101,109,'stage_yj_wx2','10.168.93.63','CHANGE_LN','FAIL_END',1,'success'),(208,101,109,'stage_yj_wx1','10.132.22.208','CHANGE_LN','FAIL_END',1,'success'),(209,102,110,'stage_yj_wx2','10.168.93.63','CLEAN_HISTORY_DIR','CLEAN_END',1,'success'),(210,102,110,'stage_yj_wx1','10.132.22.208','CLEAN_HISTORY_DIR','CLEAN_END',1,'success'),(211,103,111,'stage_2015yjt','10.161.183.185','CLEAN_HISTORY_DIR','CLEAN_END',1,'success'),(212,104,112,'stage_2015yjt','10.161.183.185','CLEAN_HISTORY_DIR','CLEAN_END',1,'success'),(213,105,113,'stage_2015yjt','10.161.183.185','CLEAN_HISTORY_DIR','CLEAN_END',1,'success'),(214,106,114,'stage_2015yjt','10.161.183.185','CLEAN_HISTORY_DIR','CLEAN_END',1,'success'),(215,107,115,'stage_yj_wx2','10.168.93.63','CLEAN_HISTORY_DIR','CLEAN_END',1,'success'),(216,107,115,'stage_yj_wx1','10.132.22.208','CLEAN_HISTORY_DIR','CLEAN_END',1,'success'),(217,108,116,'qa_ywpt_saltminion01','10.160.50.183','CLEAN_HISTORY_DIR','CLEAN_END',1,'success'),(218,108,116,'qa_ywpt_saltminion02','10.162.61.152','CLEAN_HISTORY_DIR','CLEAN_END',1,'success'),(219,109,117,'stage_2015yjt','10.161.183.185','CLEAN_HISTORY_DIR','CLEAN_END',1,'success'),(221,111,119,'stage_im01','10.161.227.138','CLEAN_HISTORY_DIR','CLEAN_END',1,'success'),(222,112,120,'stage_im01','10.161.227.138','CLEAN_HISTORY_DIR','CLEAN_END',1,'success'),(223,113,121,'stage_p_wx01','10.132.6.84','CLEAN_HISTORY_DIR','CLEAN_END',1,'success'),(224,113,121,'stage_p_wx02','10.252.94.190','CLEAN_HISTORY_DIR','CLEAN_END',1,'success'),(225,114,122,'stage_p_wx_en02','10.132.28.171','CLEAN_HISTORY_DIR','CLEAN_END',1,'success'),(226,114,122,'stage_p_wx_en01','10.160.27.236','CLEAN_HISTORY_DIR','CLEAN_END',1,'success'),(227,115,123,'stage_base01','10.160.44.211','CLEAN_HISTORY_DIR','CLEAN_END',1,'success'),(228,115,123,'stage_base02','10.160.11.145','CLEAN_HISTORY_DIR','CLEAN_END',1,'success'),(229,116,124,'stage_diamond02','10.161.213.42','CLEAN_HISTORY_DIR','CLEAN_END',1,'success'),(230,116,124,'stage_diamond01','10.168.171.198','CLEAN_HISTORY_DIR','CLEAN_END',1,'success'),(231,117,125,'stage_yj_monitor','10.168.156.20','CLEAN_HISTORY_DIR','CLEAN_END',1,'success'),(232,118,126,'stage_yj_dcas02','10.117.199.227','CLEAN_HISTORY_DIR','CLEAN_END',1,'success'),(233,118,126,'stage_yj_dcas01','10.117.200.11','CLEAN_HISTORY_DIR','CLEAN_END',1,'success'),(234,119,127,'stage_pm_web01','10.132.39.242','CLEAN_HISTORY_DIR','CLEAN_END',1,'success'),(235,119,127,'stage_pm_web02','10.160.44.15','CLEAN_HISTORY_DIR','CLEAN_END',1,'success'),(236,119,128,'stage_pm_ds02','10.161.217.45','CLEAN_HISTORY_DIR','CLEAN_END',1,'success'),(237,119,128,'stage_pm_ds01','10.252.171.87','CLEAN_HISTORY_DIR','CLEAN_END',1,'success'),(238,120,129,'stage_yj_dcas02','10.117.199.227','CLEAN_HISTORY_DIR','CLEAN_END',1,'success'),(239,120,129,'stage_yj_dcas01','10.117.200.11','CLEAN_HISTORY_DIR','CLEAN_END',1,'success'),(240,121,130,'stage_hq_yypt','10.162.64.130','CLEAN_HISTORY_DIR','CLEAN_END',1,'success'),(241,122,131,'stage_pm_yypt','10.168.58.191','CLEAN_HISTORY_DIR','CLEAN_END',1,'success'),(242,123,132,'stage_pm_web01','10.132.39.242','CLEAN_HISTORY_DIR','CLEAN_END',1,'success'),(243,123,132,'stage_pm_web02','10.160.44.15','CLEAN_HISTORY_DIR','CLEAN_END',1,'success'),(244,123,133,'stage_pm_ds02','10.161.217.45','CLEAN_HISTORY_DIR','CLEAN_END',1,'success'),(245,123,133,'stage_pm_ds01','10.252.171.87','CLEAN_HISTORY_DIR','CLEAN_END',1,'success'),(246,124,134,'stage_gm_yypt_adv','10.251.242.179','CLEAN_HISTORY_DIR','CLEAN_END',1,'success'),(247,125,135,'stage_yj_dcas02','10.117.199.227','CHANGE_LN','FAIL_END',1,'success'),(248,125,135,'stage_yj_dcas01','10.117.200.11','CHANGE_LN','FAIL_END',1,'success'),(249,126,136,'stage_exam','10.161.227.131','CLEAN_HISTORY_DIR','CLEAN_END',1,'success'),(250,127,137,'stage_exam','10.161.227.131','CLEAN_HISTORY_DIR','CLEAN_END',1,'success'),(251,128,138,'stage_exam','10.161.227.131','CLEAN_HISTORY_DIR','CLEAN_END',1,'success'),(252,129,139,'stage_exam','10.161.227.131','START_TOMCAT','PUBLISH_REAL',1,''),(253,130,140,'stage_exam','10.161.227.131','START_TOMCAT','PUBLISH_REAL',1,''),(254,131,141,'stage_pm_web01','10.132.39.242','CLEAN_HISTORY_DIR','CLEAN_END',1,'success'),(255,131,141,'stage_pm_web02','10.160.44.15','CLEAN_HISTORY_DIR','CLEAN_END',1,'success'),(256,131,142,'stage_pm_ds02','10.161.217.45','CLEAN_HISTORY_DIR','CLEAN_END',1,'success'),(257,131,142,'stage_pm_ds01','10.252.171.87','CLEAN_HISTORY_DIR','CLEAN_END',1,'success'),(258,132,143,'stage_p_wx01','10.132.6.84','CLEAN_HISTORY_DIR','CLEAN_END',1,'success'),(259,132,143,'stage_p_wx02','10.252.94.190','CLEAN_HISTORY_DIR','CLEAN_END',1,'success'),(260,133,144,'stage_exam','10.161.227.131','CLEAN_HISTORY_DIR','CLEAN_END',1,'success'),(261,134,145,'stage_pm_yypt','10.168.58.191','CLEAN_HISTORY_DIR','CLEAN_END',1,'success'),(262,136,146,'stage_base01','10.160.44.211','CLEAN_HISTORY_DIR','CLEAN_END',1,'success'),(263,136,146,'stage_base02','10.160.11.145','CLEAN_HISTORY_DIR','CLEAN_END',1,'success'),(264,135,147,'stage_im01','10.161.227.138','CLEAN_HISTORY_DIR','CLEAN_END',1,'success'),(265,137,148,'stage_pm_yypt','10.168.58.191','CLEAN_HISTORY_DIR','CLEAN_END',1,'success'),(267,139,150,'stage_yj_wx2','10.168.93.63','CLEAN_HISTORY_DIR','CLEAN_END',1,'success'),(268,139,150,'stage_yj_wx1','10.132.22.208','CLEAN_HISTORY_DIR','CLEAN_END',1,'success'),(269,140,151,'stage_wx_qy02','10.168.128.230','CLEAN_HISTORY_DIR','CLEAN_END',1,'success'),(270,140,151,'stage_wx_qy01','10.51.19.161','CLEAN_HISTORY_DIR','CLEAN_END',1,'success'),(272,138,153,'stage_im01','10.161.227.138','START_TOMCAT','PUBLISH_REAL',1,''),(273,141,154,'stage_yj_wx2','10.168.93.63','CLEAN_HISTORY_DIR','CLEAN_END',1,'success'),(274,141,154,'stage_yj_wx1','10.132.22.208','CLEAN_HISTORY_DIR','CLEAN_END',1,'success'),(275,142,155,'stage_im01','10.161.227.138','CLEAN_HISTORY_DIR','CLEAN_END',1,'success'),(276,143,156,'stage_im01','10.161.227.138','CHANGE_LN','FAIL_END',1,'success'),(277,144,157,'stage_im01','10.161.227.138','CLEAN_HISTORY_DIR','CLEAN_END',1,'success'),(278,145,158,'stage_im01','10.161.227.138','CLEAN_HISTORY_DIR','CLEAN_END',1,'success'),(279,146,159,'stage_yj_wx2','10.168.93.63','CLEAN_HISTORY_DIR','CLEAN_END',1,'success'),(280,146,159,'stage_yj_wx1','10.132.22.208','CLEAN_HISTORY_DIR','CLEAN_END',1,'success'),(281,147,160,'stage_yj_wx2','10.168.93.63','CLEAN_HISTORY_DIR','CLEAN_END',1,'success'),(282,147,160,'stage_yj_wx1','10.132.22.208','CLEAN_HISTORY_DIR','CLEAN_END',1,'success'),(283,148,161,'stage_wx_qy02','10.168.128.230','CLEAN_HISTORY_DIR','CLEAN_END',1,'success'),(284,148,161,'stage_wx_qy01','10.51.19.161','CLEAN_HISTORY_DIR','CLEAN_END',1,'success'),(285,149,162,'stage_diamond02','10.161.213.42','CLEAN_HISTORY_DIR','CLEAN_END',1,'success'),(286,149,162,'stage_diamond01','10.168.171.198','CLEAN_HISTORY_DIR','CLEAN_END',1,'success'),(287,150,163,'stage_gm_yypt_adv','10.251.242.179','CLEAN_HISTORY_DIR','CLEAN_END',1,'success'),(288,151,164,'qa_ywpt_saltminion01','10.160.50.183','CHANGE_LN','FAIL_END',1,'success'),(289,151,164,'qa_ywpt_saltminion02','10.162.61.152','CHANGE_LN','FAIL_END',0,'ln: failed to create symbolic link \'/home/saas/tomcat/webapps/stage.ywpt.publish.20160115.165748\': File exists'),(290,152,165,'stage_diamond02','10.161.213.42','CLEAN_HISTORY_DIR','CLEAN_END',1,'success'),(291,152,165,'stage_diamond01','10.168.171.198','CLEAN_HISTORY_DIR','CLEAN_END',1,'success'),(292,153,166,'stage_diamond02','10.161.213.42','CLEAN_HISTORY_DIR','CLEAN_END',1,'success'),(293,153,166,'stage_diamond01','10.168.171.198','CLEAN_HISTORY_DIR','CLEAN_END',1,'success'),(294,154,167,'stage_diamond02','10.161.213.42','CLEAN_HISTORY_DIR','CLEAN_END',1,'success'),(295,154,167,'stage_diamond01','10.168.171.198','CLEAN_HISTORY_DIR','CLEAN_END',1,'success'),(296,155,168,'stage_diamond02','10.161.213.42','CLEAN_HISTORY_DIR','CLEAN_END',1,'success'),(297,155,168,'stage_diamond01','10.168.171.198','CLEAN_HISTORY_DIR','CLEAN_END',1,'success'),(298,156,169,'stage_pm_web01','10.132.39.242','CHANGE_LN','FAIL_END',1,'success'),(299,156,169,'stage_pm_web02','10.160.44.15','CHANGE_LN','FAIL_END',1,'success'),(300,157,170,'stage_pm_web01','10.132.39.242','CHANGE_LN','FAIL_END',1,'success'),(301,157,170,'stage_pm_web02','10.160.44.15','CHANGE_LN','FAIL_END',1,'success'),(302,159,171,'stage_pm_web01','10.132.39.242','CHANGE_LN','FAIL_END',1,'success'),(303,159,171,'stage_pm_web02','10.160.44.15','CHANGE_LN','FAIL_END',1,'success'),(304,160,172,'stage_pm_web01','10.132.39.242','CLEAN_HISTORY_DIR','CLEAN_END',1,'success'),(305,160,172,'stage_pm_web02','10.160.44.15','CLEAN_HISTORY_DIR','CLEAN_END',1,'success'),(306,161,173,'stage_2015yjt','10.161.183.185','CLEAN_HISTORY_DIR','CLEAN_END',1,'success'),(307,162,174,'stage_yj_wx2','10.168.93.63','CLEAN_HISTORY_DIR','CLEAN_END',1,'success'),(308,162,174,'stage_yj_wx1','10.132.22.208','CLEAN_HISTORY_DIR','CLEAN_END',1,'success'),(309,163,175,'stage_wx_qy02','10.168.128.230','CLEAN_HISTORY_DIR','CLEAN_END',1,'success'),(310,163,175,'stage_wx_qy01','10.51.19.161','CLEAN_HISTORY_DIR','CLEAN_END',1,'success'),(311,164,176,'stage_wx_qy02','10.168.128.230','CLEAN_HISTORY_DIR','CLEAN_END',1,'success'),(312,164,176,'stage_wx_qy01','10.51.19.161','CLEAN_HISTORY_DIR','CLEAN_END',1,'success'),(313,165,177,'stage_2015yjt','10.161.183.185','CLEAN_HISTORY_DIR','CLEAN_END',1,'success'),(314,166,178,'stage_yj_wx2','10.168.93.63','CLEAN_HISTORY_DIR','CLEAN_END',1,'success'),(315,166,178,'stage_yj_wx1','10.132.22.208','CLEAN_HISTORY_DIR','CLEAN_END',1,'success'),(316,167,179,'stage_wx_qy02','10.168.128.230','CLEAN_HISTORY_DIR','CLEAN_END',1,'success'),(317,167,179,'stage_wx_qy01','10.51.19.161','CLEAN_HISTORY_DIR','CLEAN_END',1,'success'),(318,168,180,'stage_wx_qy02','10.168.128.230','CLEAN_HISTORY_DIR','CLEAN_END',1,'success'),(319,168,180,'stage_wx_qy01','10.51.19.161','CLEAN_HISTORY_DIR','CLEAN_END',1,'success'),(320,169,181,'stage_2015yjt','10.161.183.185','CLEAN_HISTORY_DIR','CLEAN_END',1,'success'),(321,170,182,'stage_2015yjt','10.161.183.185','CLEAN_HISTORY_DIR','CLEAN_END',1,'success'),(322,172,183,'stage_im01','10.161.227.138','CLEAN_HISTORY_DIR','CLEAN_END',1,'success'),(323,173,184,'qa_ywpt_saltminion01','10.160.50.183','CLEAN_HISTORY_DIR','CLEAN_END',1,'success'),(324,173,184,'qa_ywpt_saltminion02','10.162.61.152','CLEAN_HISTORY_DIR','CLEAN_END',1,'success'),(325,174,185,'qa_ywpt_saltminion01','10.160.50.183','CLEAN_HISTORY_DIR','CLEAN_END',1,'success'),(326,174,185,'qa_ywpt_saltminion02','10.162.61.152','CLEAN_HISTORY_DIR','CLEAN_END',1,'success'),(327,175,186,'qa_ywpt_saltminion01','10.160.50.183','CLEAN_HISTORY_DIR','CLEAN_END',1,'success'),(328,175,186,'qa_ywpt_saltminion02','10.162.61.152','CLEAN_HISTORY_DIR','CLEAN_END',1,'success'),(329,177,187,'qa_ywpt_saltminion01','10.160.50.183','CLEAN_HISTORY_DIR','CLEAN_END',1,'success'),(330,177,187,'qa_ywpt_saltminion02','10.162.61.152','CLEAN_HISTORY_DIR','CLEAN_END',1,'success'),(331,178,188,'stage_yj_wx2','10.168.93.63','CLEAN_HISTORY_DIR','CLEAN_END',1,'success'),(332,178,188,'stage_yj_wx1','10.132.22.208','CLEAN_HISTORY_DIR','CLEAN_END',1,'success'),(333,179,189,'stage_yj_wx2','10.168.93.63','CLEAN_HISTORY_DIR','CLEAN_END',1,'success'),(334,179,189,'stage_yj_wx1','10.132.22.208','CLEAN_HISTORY_DIR','CLEAN_END',1,'success'),(335,180,190,'stage_yj_wx2','10.168.93.63','CLEAN_HISTORY_DIR','CLEAN_END',1,'success'),(336,180,190,'stage_yj_wx1','10.132.22.208','CLEAN_HISTORY_DIR','CLEAN_END',1,'success'),(337,181,191,'stage_yj_wx2','10.168.93.63','CLEAN_HISTORY_DIR','CLEAN_END',1,'success'),(338,181,191,'stage_yj_wx1','10.132.22.208','CLEAN_HISTORY_DIR','CLEAN_END',1,'success'),(339,182,192,'stage_im01','10.161.227.138','CLEAN_HISTORY_DIR','CLEAN_END',1,'success'),(340,183,193,'stage_yj_wx2','10.168.93.63','CLEAN_HISTORY_DIR','CLEAN_END',1,'success'),(341,183,193,'stage_yj_wx1','10.132.22.208','CLEAN_HISTORY_DIR','CLEAN_END',1,'success'),(342,184,194,'stage_yj_wx2','10.168.93.63','CLEAN_HISTORY_DIR','CLEAN_END',1,'success'),(343,184,194,'stage_yj_wx1','10.132.22.208','CLEAN_HISTORY_DIR','CLEAN_END',1,'success'),(344,185,195,'stage_im01','10.161.227.138','CLEAN_HISTORY_DIR','CLEAN_END',1,'success'),(345,186,196,'stage_im01','10.161.227.138','START_TOMCAT','PUBLISH_REAL',1,''),(346,187,197,'stage_wx_qy02','10.168.128.230','CLEAN_HISTORY_DIR','CLEAN_END',1,'success'),(347,187,197,'stage_wx_qy01','10.51.19.161','CLEAN_HISTORY_DIR','CLEAN_END',1,'success'),(348,188,198,'stage_wx_qy02','10.168.128.230','CLEAN_HISTORY_DIR','CLEAN_END',1,'success'),(349,188,198,'stage_wx_qy01','10.51.19.161','CLEAN_HISTORY_DIR','CLEAN_END',1,'success'),(350,189,199,'stage_wx_qy02','10.168.128.230','START_TOMCAT','PUBLISH_REAL',1,''),(351,189,199,'stage_wx_qy01','10.51.19.161','START_TOMCAT','PUBLISH_REAL',1,'');
/*!40000 ALTER TABLE `nebula_publish_host` ENABLE KEYS */;
UNLOCK TABLES;

--
-- Table structure for table `nebula_publish_module`
--

DROP TABLE IF EXISTS `nebula_publish_module`;
/*!40101 SET @saved_cs_client     = @@character_set_client */;
/*!40101 SET character_set_client = utf8 */;
CREATE TABLE `nebula_publish_module` (
  `id` int(11) NOT NULL AUTO_INCREMENT,
  `publish_event_id` int(11) DEFAULT NULL COMMENT '发布事件id',
  `publish_product_name` varchar(100) DEFAULT NULL COMMENT '发布产品',
  `publish_module_name` varchar(100) DEFAULT NULL COMMENT '发布模块',
  `publish_module_key` varchar(255) DEFAULT NULL COMMENT '发布模块key，test.产品.模块.20151012.130305，系统生成，此key作为发布目录',
  `module_src_svn` varchar(255) DEFAULT NULL COMMENT '模块 源svn地址',
  PRIMARY KEY (`id`)
) ENGINE=InnoDB AUTO_INCREMENT=200 DEFAULT CHARSET=utf8 ROW_FORMAT=DYNAMIC;
/*!40101 SET character_set_client = @saved_cs_client */;

--
-- Dumping data for table `nebula_publish_module`
--

LOCK TABLES `nebula_publish_module` WRITE;
/*!40000 ALTER TABLE `nebula_publish_module` DISABLE KEYS */;
INSERT INTO `nebula_publish_module` VALUES (1,2,'ywpt','publish','test.ywpt.publish.20151201.133625','/group/ywpt/publish'),(2,3,'ywpt','publish','test.ywpt.publish.20151201.135659','/group/ywpt/publish'),(3,5,'ywpt','publish','test.ywpt.publish.20151201.140213','/group/ywpt/publish'),(5,7,'ywpt','publish','test.ywpt.publish.20151202.155020','/group/ywpt/publish'),(6,8,'ywpt','publish','test.ywpt.publish.20151202.161710','/group/ywpt/publish'),(7,9,'p','p_web','stage.p.p_web.20151202.171350','/pm/p/p_web'),(8,9,'p','p_dcas','stage.p.p_dcas.20151202.171350','/pm/p/p_dcas'),(9,9,'p','p_ds','stage.p.p_ds.20151202.171350','/pm/p/p_ds'),(10,13,'ywpt','publish','test.ywpt.publish.20151203.111041','/group/ywpt/publish'),(14,22,'p','p_web','stage.p.p_web.20151203.141839','/pm/p/p_web'),(15,22,'p','p_dcas','stage.p.p_dcas.20151203.141839','/pm/p/p_dcas'),(16,22,'p','p_ds','stage.p.p_ds.20151203.141839','/pm/p/p_ds'),(17,23,'ywpt','publish','test.ywpt.publish.20151203.143601','/group/ywpt/publish'),(18,25,'p','p_web','stage.p.p_web.20151203.161544','/pm/p/p_web'),(19,25,'p','p_dcas','stage.p.p_dcas.20151203.161544','/pm/p/p_dcas'),(20,25,'p','p_ds','stage.p.p_ds.20151203.161544','/pm/p/p_ds'),(23,28,'ywpt','publish','test.ywpt.publish.20151203.171306','/group/ywpt/publish'),(24,29,'ywpt','publish','test.ywpt.publish.20151203.175719','/group/ywpt/publish'),(25,30,'p','p_web','stage.p.p_web.20151203.183322','/pm/p/p_web'),(26,30,'p','p_dcas','stage.p.p_dcas.20151203.183322','/pm/p/p_dcas'),(27,30,'p','p_ds','stage.p.p_ds.20151203.183322','/pm/p/p_ds'),(28,31,'ywpt','publish','test.ywpt.publish.20151204.130225','/group/ywpt/publish'),(29,32,'ywpt','publish','test.ywpt.publish.20151204.130530','/group/ywpt/publish'),(30,35,'ywpt','publish','test.ywpt.publish.20151204.155601','/group/ywpt/publish'),(31,36,'ywpt','publish','test.ywpt.publish.20151209.103705','/group/ywpt/publish'),(32,37,'ywpt','publish','test.ywpt.publish.20151209.110030','/group/ywpt/publish'),(33,38,'ywpt','publish','test.ywpt.publish.20151209.112205','/group/ywpt/publish'),(34,39,'ywpt','publish','test.ywpt.publish.20151215.103753','/group/ywpt/publish'),(35,40,'ywpt','publish','test.ywpt.publish.20151215.112546','/group/ywpt/publish'),(36,41,'ywpt','publish','test.ywpt.publish.20151215.132242','/group/ywpt/publish'),(37,42,'p','p_web','stage.p.p_web.20151215.152404','/pm/p/p_web'),(38,42,'p','p_dcas','stage.p.p_dcas.20151215.152404','/pm/p/p_dcas'),(39,42,'p','p_ds','stage.p.p_ds.20151215.152404','/pm/p/p_ds'),(40,43,'p','p_web','stage.p.p_web.20151215.155532','/pm/p/p_web'),(41,43,'p','p_dcas','stage.p.p_dcas.20151215.155532','/pm/p/p_dcas'),(42,43,'p','p_ds','stage.p.p_ds.20151215.155532','/pm/p/p_ds'),(43,44,'p','p_web','stage.p.p_web.20151215.165350','/pm/p/p_web'),(44,44,'p','p_dcas','stage.p.p_dcas.20151215.165350','/pm/p/p_dcas'),(45,44,'p','p_ds','stage.p.p_ds.20151215.165350','/pm/p/p_ds'),(46,45,'p','p_web','stage.p.p_web.20151215.191908','/pm/p/p_web'),(47,45,'p','p_ds','stage.p.p_ds.20151215.191908','/pm/p/p_ds'),(48,46,'p','p_web','stage.p.p_web.20151215.220344','/pm/p/p_web'),(49,46,'p','p_ds','stage.p.p_ds.20151215.220344','/pm/p/p_ds'),(50,47,'ywpt','publish','test.ywpt.publish.20151216.104604','/group/ywpt/publish'),(51,48,'ywpt','publish','test.ywpt.publish.20151216.111519','/group/ywpt/publish'),(52,50,'p','p_web','stage.p.p_web.20151216.134103','/pm/p/p_web'),(53,50,'p','p_ds','stage.p.p_ds.20151216.134103','/pm/p/p_ds'),(54,51,'p','p_web','stage.p.p_web.20151216.170753','/pm/p/p_web'),(55,52,'p','p_web','stage.p.p_web.20151216.173156','/pm/p/p_web'),(56,53,'p','p_web','stage.p.p_web.20151217.162103','/pm/p/p_web'),(57,53,'p','p_ds','stage.p.p_ds.20151217.162103','/pm/p/p_ds'),(58,54,'p','p_web','stage.p.p_web.20151217.173439','/pm/p/p_web'),(59,54,'p','p_ds','stage.p.p_ds.20151217.173439','/pm/p/p_ds'),(60,56,'ywpt','publish','test.ywpt.publish.20151222.144906','/group/ywpt/publish'),(61,57,'p','p_web','stage.p.p_web.20151222.145439','/pm/p/p_web'),(62,58,'p','p_web','stage.p.p_web.20151222.145959','/pm/p/p_web'),(63,59,'p','p_web','stage.p.p_web.20151222.162228','/pm/p/p_web'),(64,60,'p','p_web','stage.p.p_web.20151222.170553','/pm/p/p_web'),(65,61,'p','p_web','stage.p.p_web.20151224.104932','/pm/p/p_web'),(66,62,'p','p_web','stage.p.p_web.20151224.215657','/pm/p/p_web'),(67,63,'p','p_web','stage.p.p_web.20151224.230545','/pm/p/p_web'),(68,64,'p','p_web','stage.p.p_web.20151225.002447','/pm/p/p_web'),(69,65,'p','p_web','stage.p.p_web.20151225.155149','/pm/p/p_web'),(70,66,'p','p_web','stage.p.p_web.20151225.163312','/pm/p/p_web'),(71,67,'p','p_web','stage.p.p_web.20151228.160433','/pm/p/p_web'),(72,67,'p','p_ds','stage.p.p_ds.20151228.160433','/pm/p/p_ds'),(73,70,'monitor','log','stage.monitor.log.20151230.120231','/group/monitor/log'),(74,71,'monitor','log','stage.monitor.log.20151230.132320','/group/monitor/log'),(75,72,'monitor','log','stage.monitor.log.20151230.135715','/group/monitor/log'),(76,73,'monitor','log','stage.monitor.log.20151230.142827','/group/monitor/log'),(77,74,'monitor','log','stage.monitor.log.20151230.171526','/group/monitor/log'),(78,75,'monitor','log','stage.monitor.log.20151230.175622','/group/monitor/log'),(79,76,'monitor','log','stage.monitor.log.20151230.181515','/group/monitor/log'),(80,77,'p','p_web','stage.p.p_web.20151231.105443','/pm/p/p_web'),(81,77,'p','p_ds','stage.p.p_ds.20151231.105443','/pm/p/p_ds'),(82,78,'message_center','message_center_m','stage.message_center.message_center_m.20151231.111742','/group/message_center/message_center'),(83,79,'p','p_web','stage.p.p_web.20151231.142950','/pm/p/p_web'),(84,79,'p','p_ds','stage.p.p_ds.20151231.142950','/pm/p/p_ds'),(85,80,'p','p_web','stage.p.p_web.20151231.151726','/pm/p/p_web'),(86,80,'p','p_ds','stage.p.p_ds.20151231.151726','/pm/p/p_ds'),(87,81,'message_center','message_center_m','stage.message_center.message_center_m.20151231.162022','/group/message_center/message_center'),(88,82,'p','p_web','stage.p.p_web.20151231.182203','/pm/p/p_web'),(89,82,'p','p_ds','stage.p.p_ds.20151231.182203','/pm/p/p_ds'),(90,83,'p','p_web','stage.p.p_web.20160104.205427','/pm/p/p_web'),(91,83,'p','p_ds','stage.p.p_ds.20160104.205427','/pm/p/p_ds'),(92,84,'p','p_web','stage.p.p_web.20160104.210448','/pm/p/p_web'),(93,84,'p','p_ds','stage.p.p_ds.20160104.210448','/pm/p/p_ds'),(94,85,'p','p_ds','stage.p.p_ds.20160104.230734','/pm/p/p_ds'),(95,86,'p','p_ds','stage.p.p_ds.20160104.233814','/pm/p/p_ds'),(97,87,'p','p_ds','stage.p.p_ds.20160104.234446','/pm/p/p_ds'),(98,88,'p','p_ds','stage.p.p_ds.20160104.235036','/pm/p/p_ds'),(99,89,'wxqy','wxqy_m','stage.wxqy.wxqy_m.20160106.144847','svn://10.162.21.208/gm/wxqy_m'),(100,90,'wxqy','wxqy_m','stage.wxqy.wxqy_m.20160106.150739','svn://10.162.21.208/gm/wxqy_m'),(101,91,'wxqy','wxqy_m','stage.wxqy.wxqy_m.20160106.152649','svn://10.162.21.208/gm/wxqy_m'),(102,92,'yjt2015','yjt2015_m','stage.yjt2015.yjt2015_m.20160107.105340','svn://10.162.21.208/gm/yjt2015'),(103,93,'yjt2015','yjt2015_m','stage.yjt2015.yjt2015_m.20160107.110134','svn://10.162.21.208/gm/yjt2015'),(104,94,'yjt2015','yjt2015_m','stage.yjt2015.yjt2015_m.20160107.114057','svn://10.162.21.208/gm/yjt2015'),(105,95,'wx','dzg_wx','stage.wx.dzg_wx.20160107.141810','svn://10.162.21.208/gm/dzg_wx'),(106,96,'wx','dzg_wx','stage.wx.dzg_wx.20160107.144524','svn://10.162.21.208/gm/dzg_wx'),(107,97,'wx','dzg_wx','stage.wx.dzg_wx.20160107.164419','svn://10.162.21.208/gm/dzg_wx'),(108,98,'wx','dzg_wx','stage.wx.dzg_wx.20160107.175335','svn://10.162.21.208/gm/dzg_wx'),(109,101,'wx','dzg_wx','stage.wx.dzg_wx.20160107.190353','svn://10.162.21.208/gm/dzg_wx'),(110,102,'wx','dzg_wx','stage.wx.dzg_wx.20160107.191413','svn://10.162.21.208/gm/dzg_wx'),(111,103,'yjt2015','yjt2015_m','stage.yjt2015.yjt2015_m.20160107.204905','svn://10.162.21.208/gm/yjt2015'),(112,104,'yjt2015','yjt2015_m','stage.yjt2015.yjt2015_m.20160108.105239','svn://10.162.21.208/gm/yjt2015'),(113,105,'yjt2015','yjt2015_m','stage.yjt2015.yjt2015_m.20160108.143707','svn://10.162.21.208/gm/yjt2015'),(114,106,'yjt2015','yjt2015_m','stage.yjt2015.yjt2015_m.20160108.144238','svn://10.162.21.208/gm/yjt2015'),(115,107,'wx','dzg_wx','stage.wx.dzg_wx.20160108.154342','svn://10.162.21.208/gm/dzg_wx'),(116,108,'ywpt','publish','test.ywpt.publish.20160108.162139','/group/ywpt/publish'),(117,109,'yjt2015','yjt2015_m','stage.yjt2015.yjt2015_m.20160108.163752','svn://10.162.21.208/gm/yjt2015'),(119,111,'webim','webim_service','stage.webim.webim_service.20160111.095102','svn://10.162.21.208/gm/webim_service'),(120,112,'webim','webim_service','stage.webim.webim_service.20160111.095629','svn://10.162.21.208/gm/webim_service'),(121,113,'pmwxcn','pmwxcn_m','stage.pmwxcn.pmwxcn_m.20160111.124212','pmwxcn_m'),(122,114,'pmwxen','pmwxen_m','stage.pmwxen.pmwxen_m.20160111.125152','pmwxen_m'),(123,115,'base','base_m','stage.base.base_m.20160111.134143','/group/base/base_m'),(124,116,'diamond','diamond_m','stage.diamond.diamond_m.20160111.160550','/group/diamond/diamond_m'),(125,117,'gm_impdata','impdata_monitor','stage.gm_impdata.impdata_monitor.20160112.111725','impdata_monitor'),(126,118,'gmdcas2','gmdcas2_m','stage.gmdcas2.gmdcas2_m.20160112.132643','gmdcas2_m'),(127,119,'p','p_web','stage.p.p_web.20160112.135153','/pm/p/p_web'),(128,119,'p','p_ds','stage.p.p_ds.20160112.135153','/pm/p/p_ds'),(129,120,'gmdcas2','gmdcas2_m','stage.gmdcas2.gmdcas2_m.20160112.145533','gmdcas2_m'),(130,121,'hq_yypt','hq_yypt_m','stage.hq_yypt.hq_yypt_m.20160112.160420','/group/hq_yypt/hq_yypt_m'),(131,122,'pm_yypt','pm_yypt_m','stage.pm_yypt.pm_yypt_m.20160112.162913','/pm/pm_yypt/pm_yypt_m'),(132,123,'p','p_web','stage.p.p_web.20160112.164341','/pm/p/p_web'),(133,123,'p','p_ds','stage.p.p_ds.20160112.164341','/pm/p/p_ds'),(134,124,'yypt_adv','yypt_adv_m','stage.yypt_adv.yypt_adv_m.20160112.170952','/gm/yypt_adv_m'),(135,125,'gmdcas2','gmdcas2_m','stage.gmdcas2.gmdcas2_m.20160112.202644','gmdcas2_m'),(136,126,'monitor','log','stage.monitor.log.20160112.215832','/group/monitor/log'),(137,127,'monitor','log','stage.monitor.log.20160113.130832','/group/monitor/log'),(138,128,'monitor','log','stage.monitor.log.20160113.133312','/group/monitor/log'),(139,129,'monitor','log','stage.monitor.log.20160113.175630','/group/monitor/log'),(140,130,'monitor','log','stage.monitor.log.20160113.204732','/group/monitor/log'),(141,131,'p','p_web','stage.p.p_web.20160114.103509','/pm/p/p_web'),(142,131,'p','p_ds','stage.p.p_ds.20160114.103509','/pm/p/p_ds'),(143,132,'pmwxcn','pmwxcn_m','stage.pmwxcn.pmwxcn_m.20160114.105035','pmwxcn_m'),(144,133,'monitor','log','stage.monitor.log.20160114.110049','/group/monitor/log'),(145,134,'pm_yypt','pm_yypt_m','stage.pm_yypt.pm_yypt_m.20160114.114751','/pm/pm_yypt/pm_yypt_m'),(146,136,'base','base_m','stage.base.base_m.20160114.163930','/group/base/base_m'),(147,135,'webim','webim_service','stage.webim.webim_service.20160114.161835','svn://10.162.21.208/gm/webim_service'),(148,137,'pm_yypt','pm_yypt_m','stage.pm_yypt.pm_yypt_m.20160114.174010','/pm/pm_yypt/pm_yypt_m'),(150,139,'wx','dzg_wx','stage.wx.dzg_wx.20160114.182504','svn://10.162.21.208/gm/dzg_wx'),(151,140,'wxqy','wxqy_m','stage.wxqy.wxqy_m.20160114.182700','svn://10.162.21.208/gm/wxqy_m'),(153,138,'webim','webim_service','stage.webim.webim_service.20160114.180435','svn://10.162.21.208/gm/webim_service'),(154,141,'wx','dzg_wx','stage.wx.dzg_wx.20160114.191433','svn://10.162.21.208/gm/dzg_wx'),(155,142,'webim','webim_service','stage.webim.webim_service.20160114.195850','svn://10.162.21.208/gm/webim_service'),(156,143,'webim','webim_service','stage.webim.webim_service.20160114.200217','svn://10.162.21.208/gm/webim_service'),(157,144,'webim','webim_service','stage.webim.webim_service.20160114.201635','svn://10.162.21.208/gm/webim_service'),(158,145,'webim','webim_service','stage.webim.webim_service.20160114.205957','svn://10.162.21.208/gm/webim_service'),(159,146,'wx','dzg_wx','stage.wx.dzg_wx.20160114.215942','svn://10.162.21.208/gm/dzg_wx'),(160,147,'wx','dzg_wx','stage.wx.dzg_wx.20160114.221520','svn://10.162.21.208/gm/dzg_wx'),(161,148,'wxqy','wxqy_m','stage.wxqy.wxqy_m.20160114.232321','svn://10.162.21.208/gm/wxqy_m'),(162,149,'diamond','diamond_m','stage.diamond.diamond_m.20160115.111718','/group/diamond/diamond_m'),(163,150,'yypt_adv','yypt_adv_m','stage.yypt_adv.yypt_adv_m.20160115.160921','/gm/yypt_adv_m'),(164,151,'ywpt','publish','stage.ywpt.publish.20160115.165748','/group/ywpt/publish'),(165,152,'diamond','diamond_m','stage.diamond.diamond_m.20160115.174223','/group/diamond/diamond_m'),(166,153,'diamond','diamond_m','stage.diamond.diamond_m.20160115.191010','/group/diamond/diamond_m'),(167,154,'diamond','diamond_m','stage.diamond.diamond_m.20160115.193307','/group/diamond/diamond_m'),(168,155,'diamond','diamond_m','stage.diamond.diamond_m.20160118.111318','/group/diamond/diamond_m'),(169,156,'p','p_web','stage.p.p_web.20160118.152822','/pm/p/p_web'),(170,157,'p','p_web','stage.p.p_web.20160118.155920','/pm/p/p_web'),(171,159,'p','p_web','stage.p.p_web.20160118.164539','/pm/p/p_web'),(172,160,'p','p_web','stage.p.p_web.20160118.174745','/pm/p/p_web'),(173,161,'yjt2015','yjt2015_m','stage.yjt2015.yjt2015_m.20160119.155853','svn://10.162.21.208/gm/yjt2015'),(174,162,'wx','dzg_wx','stage.wx.dzg_wx.20160119.160238','svn://10.162.21.208/gm/dzg_wx'),(175,163,'wxqy','wxqy_m','stage.wxqy.wxqy_m.20160119.160617','svn://10.162.21.208/gm/wxqy_m'),(176,164,'wxqy','wxqy_m','stage.wxqy.wxqy_m.20160119.164252','svn://10.162.21.208/gm/wxqy_m'),(177,165,'yjt2015','yjt2015_m','stage.yjt2015.yjt2015_m.20160119.192916','svn://10.162.21.208/gm/yjt2015'),(178,166,'wx','dzg_wx','stage.wx.dzg_wx.20160119.193659','svn://10.162.21.208/gm/dzg_wx'),(179,167,'wxqy','wxqy_m','stage.wxqy.wxqy_m.20160120.100951','svn://10.162.21.208/gm/wxqy_m'),(180,168,'wxqy','wxqy_m','stage.wxqy.wxqy_m.20160120.131747','svn://10.162.21.208/gm/wxqy_m'),(181,169,'yjt2015','yjt2015_m','stage.yjt2015.yjt2015_m.20160120.154759','svn://10.162.21.208/gm/yjt2015'),(182,170,'yjt2015','yjt2015_m','stage.yjt2015.yjt2015_m.20160120.161934','svn://10.162.21.208/gm/yjt2015'),(183,172,'webim','webim_service','stage.webim.webim_service.20160121.141840','svn://10.162.21.208/gm/webim_service'),(184,173,'ywpt','publish','test.ywpt.publish.20160121.150400','/group/ywpt/publish'),(185,174,'ywpt','publish','test.ywpt.publish.20160121.152715','/group/ywpt/publish'),(186,175,'ywpt','publish','test.ywpt.publish.20160121.153951','/group/ywpt/publish'),(187,177,'ywpt','publish','test.ywpt.publish.20160121.192731','/group/ywpt/publish'),(188,178,'wx','dzg_wx','stage.wx.dzg_wx.20160122.104358','svn://10.162.21.208/gm/dzg_wx'),(189,179,'wx','dzg_wx','stage.wx.dzg_wx.20160122.151740','svn://10.162.21.208/gm/dzg_wx'),(190,180,'wx','dzg_wx','stage.wx.dzg_wx.20160122.153548','svn://10.162.21.208/gm/dzg_wx'),(191,181,'wx','dzg_wx','stage.wx.dzg_wx.20160122.154828','svn://10.162.21.208/gm/dzg_wx'),(192,182,'webim','webim_service','stage.webim.webim_service.20160122.183422','svn://10.162.21.208/gm/webim_service'),(193,183,'wx','dzg_wx','stage.wx.dzg_wx.20160122.195449','svn://10.162.21.208/gm/dzg_wx'),(194,184,'wx','dzg_wx','stage.wx.dzg_wx.20160122.202117','svn://10.162.21.208/gm/dzg_wx'),(195,185,'webim','webim_service','stage.webim.webim_service.20160122.204446','svn://10.162.21.208/gm/webim_service'),(196,186,'webim','webim_service','stage.webim.webim_service.20160122.211528','svn://10.162.21.208/gm/webim_service'),(197,187,'wxqy','wxqy_m','stage.wxqy.wxqy_m.20160123.124240','svn://10.162.21.208/gm/wxqy_m'),(198,188,'wxqy','wxqy_m','stage.wxqy.wxqy_m.20160123.143522','svn://10.162.21.208/gm/wxqy_m'),(199,189,'wxqy','wxqy_m','stage.wxqy.wxqy_m.20160123.162155','svn://10.162.21.208/gm/wxqy_m');
/*!40000 ALTER TABLE `nebula_publish_module` ENABLE KEYS */;
UNLOCK TABLES;

--
-- Table structure for table `nebula_publish_schedule`
--

DROP TABLE IF EXISTS `nebula_publish_schedule`;
/*!40101 SET @saved_cs_client     = @@character_set_client */;
/*!40101 SET character_set_client = utf8 */;
CREATE TABLE `nebula_publish_schedule` (
  `id` int(11) NOT NULL AUTO_INCREMENT COMMENT '自增id',
  `publish_event_id` int(11) DEFAULT NULL COMMENT '发布事件id',
  `publish_action` varchar(100) DEFAULT NULL COMMENT '发布动作',
  `publish_action_group` varchar(50) DEFAULT NULL COMMENT 'action组',
  `is_success_action` int(255) DEFAULT NULL COMMENT '动作是否成功，0/1  失败/成功',
  `error_msg` longtext COMMENT '错误信息，如果不成功，返回不成功的msg',
  PRIMARY KEY (`id`)
) ENGINE=InnoDB AUTO_INCREMENT=2799 DEFAULT CHARSET=utf8 ROW_FORMAT=DYNAMIC;
/*!40101 SET character_set_client = @saved_cs_client */;

--
-- Dumping data for table `nebula_publish_schedule`
--

LOCK TABLES `nebula_publish_schedule` WRITE;
/*!40000 ALTER TABLE `nebula_publish_schedule` DISABLE KEYS */;
INSERT INTO `nebula_publish_schedule` VALUES (1,1,'CREATE_PUBLISH_EVENT','PRE_MASTER',1,''),(2,2,'CREATE_PUBLISH_EVENT','PRE_MASTER',1,''),(3,2,'GET_PUBLISH_SVN','PRE_MASTER',1,''),(4,2,'ANALYZE_PROJECT','PRE_MASTER',1,''),(5,2,'GET_SRC_SVN','PRE_MASTER',1,''),(6,2,'UPDATE_ETC','PRE_MINION',1,''),(7,2,'CREATE_PUBLISH_DIR','PRE_MINION',1,''),(8,2,'COPY_PUBLISH_OLD_ETC','PRE_MINION',1,''),(9,2,'COPY_PUBLISH_OLD_WAR','PRE_MINION',1,''),(10,2,'PUBLISH_NEW_ETC','PRE_MINION',1,''),(11,2,'PUBLISH_NEW_WAR','PRE_MINION',1,''),(12,2,'STOP_TOMCAT','PUBLISH_REAL',1,''),(13,2,'CHANGE_LN','PUBLISH_REAL',1,''),(14,2,'START_TOMCAT','PUBLISH_REAL',1,''),(15,2,'CLEAN_HISTORY_DIR','SUCCESS_END',1,''),(16,2,'UPDATE_SRC_SVN','SUCCESS_END',1,'EMPTY COMMIT'),(17,2,'CLEAN_PUBLISH_DIR','CLEAN_END',1,'清除发布目录成功'),(18,3,'CREATE_PUBLISH_EVENT','PRE_MASTER',1,''),(19,3,'GET_PUBLISH_SVN','PRE_MASTER',1,''),(20,3,'ANALYZE_PROJECT','PRE_MASTER',1,''),(21,3,'GET_SRC_SVN','PRE_MASTER',1,''),(22,3,'UPDATE_ETC','PRE_MASTER',1,''),(23,3,'CREATE_PUBLISH_DIR','PRE_MINION',1,''),(24,3,'COPY_PUBLISH_OLD_ETC','PRE_MINION',1,''),(25,3,'COPY_PUBLISH_OLD_WAR','PRE_MINION',1,''),(26,3,'PUBLISH_NEW_ETC','PRE_MINION',1,''),(27,3,'PUBLISH_NEW_WAR','PRE_MINION',1,''),(28,3,'STOP_TOMCAT','PUBLISH_REAL',1,''),(29,3,'CHANGE_LN','PUBLISH_REAL',1,''),(30,3,'START_TOMCAT','PUBLISH_REAL',1,''),(31,3,'CLEAN_HISTORY_DIR','SUCCESS_END',1,''),(32,3,'UPDATE_SRC_SVN','SUCCESS_END',1,'r13 by \'superman\' at Tue Dec 01 13:59:18 CST 2015'),(33,3,'CLEAN_PUBLISH_DIR','CLEAN_END',1,'清除发布目录成功'),(34,4,'CREATE_PUBLISH_EVENT','PRE_MASTER',1,''),(35,4,'GET_PUBLISH_SVN','PRE_MASTER',1,''),(36,4,'ANALYZE_PROJECT','PRE_MASTER',1,''),(37,4,'GET_SRC_SVN','PRE_MASTER',1,''),(38,4,'UPDATE_ETC','PRE_MASTER',NULL,''),(39,5,'CREATE_PUBLISH_EVENT','PRE_MASTER',1,''),(40,5,'GET_PUBLISH_SVN','PRE_MASTER',1,''),(41,5,'ANALYZE_PROJECT','PRE_MASTER',1,''),(42,5,'GET_SRC_SVN','PRE_MASTER',1,''),(43,5,'UPDATE_ETC','PRE_MASTER',1,''),(44,5,'CREATE_PUBLISH_DIR','PRE_MINION',1,''),(45,5,'COPY_PUBLISH_OLD_ETC','PRE_MINION',1,''),(46,5,'COPY_PUBLISH_OLD_WAR','PRE_MINION',1,''),(47,5,'PUBLISH_NEW_ETC','PRE_MINION',1,''),(48,5,'PUBLISH_NEW_WAR','PRE_MINION',1,''),(49,5,'STOP_TOMCAT','PUBLISH_REAL',1,''),(50,5,'CHANGE_LN','PUBLISH_REAL',1,''),(51,5,'START_TOMCAT','PUBLISH_REAL',1,''),(52,5,'STOP_TOMCAT','FAIL_END',1,''),(53,5,'CHANGE_LN','FAIL_END',1,''),(54,5,'START_TOMCAT','FAIL_END',1,''),(55,5,'CLEAN_FAIL_DIR','FAIL_END',1,''),(56,5,'CLEAN_PUBLISH_DIR','CLEAN_END',1,'清除发布目录成功'),(65,7,'CREATE_PUBLISH_EVENT','PRE_MASTER',1,''),(66,7,'GET_PUBLISH_SVN','PRE_MASTER',1,''),(67,7,'ANALYZE_PROJECT','PRE_MASTER',1,''),(68,7,'GET_SRC_SVN','PRE_MASTER',1,''),(69,7,'UPDATE_ETC','PRE_MASTER',1,''),(70,7,'CREATE_PUBLISH_DIR','PRE_MINION',1,''),(71,7,'COPY_PUBLISH_OLD_ETC','PRE_MINION',1,''),(72,7,'COPY_PUBLISH_OLD_WAR','PRE_MINION',1,''),(73,7,'PUBLISH_NEW_ETC','PRE_MINION',1,''),(74,7,'PUBLISH_NEW_WAR','PRE_MINION',1,''),(75,7,'STOP_TOMCAT','PUBLISH_REAL',1,''),(76,7,'CHANGE_LN','PUBLISH_REAL',1,''),(77,7,'START_TOMCAT','PUBLISH_REAL',1,''),(78,7,'CLEAN_HISTORY_DIR','SUCCESS_END',1,''),(79,7,'UPDATE_SRC_SVN','SUCCESS_END',1,'EMPTY COMMIT'),(80,7,'CLEAN_PUBLISH_DIR','CLEAN_END',1,'清除发布目录成功'),(81,8,'CREATE_PUBLISH_EVENT','PRE_MASTER',1,''),(82,8,'GET_PUBLISH_SVN','PRE_MASTER',1,''),(83,8,'ANALYZE_PROJECT','PRE_MASTER',1,''),(84,8,'GET_SRC_SVN','PRE_MASTER',1,''),(85,8,'UPDATE_ETC','PRE_MASTER',1,''),(86,8,'CREATE_PUBLISH_DIR','PRE_MINION',1,''),(87,8,'COPY_PUBLISH_OLD_ETC','PRE_MINION',1,''),(88,8,'COPY_PUBLISH_OLD_WAR','PRE_MINION',1,'success'),(89,8,'PUBLISH_NEW_ETC','PRE_MINION',1,''),(90,8,'PUBLISH_NEW_WAR','PRE_MINION',1,''),(91,8,'STOP_TOMCAT','PUBLISH_REAL',1,''),(92,8,'CHANGE_LN','PUBLISH_REAL',1,''),(93,8,'START_TOMCAT','PUBLISH_REAL',1,''),(94,8,'CLEAN_HISTORY_DIR','SUCCESS_END',1,''),(95,8,'UPDATE_SRC_SVN','SUCCESS_END',1,'r14 by \'superman\' at Wed Dec 02 16:20:08 CST 2015'),(96,8,'CLEAN_PUBLISH_DIR','CLEAN_END',1,'清除发布目录成功'),(97,9,'CREATE_PUBLISH_EVENT','PRE_MASTER',1,''),(98,10,'CREATE_PUBLISH_EVENT','PRE_MASTER',1,''),(99,11,'CREATE_PUBLISH_EVENT','PRE_MASTER',1,''),(100,9,'GET_PUBLISH_SVN','PRE_MASTER',1,''),(101,9,'ANALYZE_PROJECT','PRE_MASTER',1,''),(102,9,'GET_SRC_SVN','PRE_MASTER',1,''),(103,9,'UPDATE_ETC','PRE_MASTER',1,''),(104,12,'CREATE_PUBLISH_EVENT','PRE_MASTER',1,''),(105,12,'GET_PUBLISH_SVN','PRE_MASTER',1,''),(106,12,'ANALYZE_PROJECT','PRE_MASTER',1,''),(107,12,'GET_SRC_SVN','PRE_MASTER',1,''),(108,12,'UPDATE_ETC','PRE_MASTER',NULL,''),(109,13,'CREATE_PUBLISH_EVENT','PRE_MASTER',1,''),(110,13,'GET_PUBLISH_SVN','PRE_MASTER',1,''),(111,13,'ANALYZE_PROJECT','PRE_MASTER',1,''),(112,13,'GET_SRC_SVN','PRE_MASTER',1,''),(113,13,'UPDATE_ETC','PRE_MASTER',1,''),(114,13,'CREATE_PUBLISH_DIR','PRE_MINION',1,''),(115,13,'COPY_PUBLISH_OLD_ETC','PRE_MINION',1,''),(116,13,'COPY_PUBLISH_OLD_WAR','PRE_MINION',1,'success'),(117,13,'PUBLISH_NEW_ETC','PRE_MINION',1,''),(118,13,'PUBLISH_NEW_WAR','PRE_MINION',1,''),(119,13,'STOP_TOMCAT','PUBLISH_REAL',1,''),(120,13,'CHANGE_LN','PUBLISH_REAL',1,''),(121,13,'START_TOMCAT','PUBLISH_REAL',1,''),(122,13,'CLEAN_HISTORY_DIR','SUCCESS_END',1,''),(123,13,'UPDATE_SRC_SVN','SUCCESS_END',1,'EMPTY COMMIT'),(124,13,'CLEAN_PUBLISH_DIR','CLEAN_END',1,'清除发布目录成功'),(125,9,'CREATE_PUBLISH_DIR','PRE_MINION',1,''),(126,9,'COPY_PUBLISH_OLD_ETC','PRE_MINION',1,''),(127,9,'COPY_PUBLISH_OLD_WAR','PRE_MINION',1,'success'),(128,9,'PUBLISH_NEW_ETC','PRE_MINION',1,''),(129,9,'PUBLISH_NEW_WAR','PRE_MINION',1,''),(130,9,'STOP_TOMCAT','PUBLISH_REAL',0,'error message'),(131,9,'CHANGE_LN','PUBLISH_REAL',1,''),(132,9,'START_TOMCAT','PUBLISH_REAL',1,''),(133,14,'CREATE_PUBLISH_EVENT','PRE_MASTER',1,''),(134,15,'CREATE_PUBLISH_EVENT','PRE_MASTER',1,''),(135,15,'GET_PUBLISH_SVN','PRE_MASTER',1,''),(136,15,'ANALYZE_PROJECT','PRE_MASTER',1,''),(137,15,'GET_SRC_SVN','PRE_MASTER',1,''),(138,15,'UPDATE_ETC','PRE_MASTER',NULL,''),(139,16,'CREATE_PUBLISH_EVENT','PRE_MASTER',1,''),(140,16,'GET_PUBLISH_SVN','PRE_MASTER',1,''),(141,16,'ANALYZE_PROJECT','PRE_MASTER',1,''),(142,16,'GET_SRC_SVN','PRE_MASTER',1,''),(143,16,'UPDATE_ETC','PRE_MASTER',NULL,''),(144,9,'CLEAN_HISTORY_DIR','SUCCESS_END',1,''),(145,9,'UPDATE_SRC_SVN','SUCCESS_END',1,'EMPTY COMMIT'),(146,9,'CLEAN_PUBLISH_DIR','CLEAN_END',1,'清除发布目录成功'),(147,17,'CREATE_PUBLISH_EVENT','PRE_MASTER',1,''),(148,18,'CREATE_PUBLISH_EVENT','PRE_MASTER',1,''),(149,19,'CREATE_PUBLISH_EVENT','PRE_MASTER',1,''),(150,20,'CREATE_PUBLISH_EVENT','PRE_MASTER',1,''),(159,22,'CREATE_PUBLISH_EVENT','PRE_MASTER',1,''),(160,22,'GET_PUBLISH_SVN','PRE_MASTER',1,''),(161,22,'ANALYZE_PROJECT','PRE_MASTER',1,''),(162,22,'GET_SRC_SVN','PRE_MASTER',1,''),(163,22,'UPDATE_ETC','PRE_MASTER',NULL,''),(164,23,'CREATE_PUBLISH_EVENT','PRE_MASTER',1,''),(165,23,'GET_PUBLISH_SVN','PRE_MASTER',1,''),(166,23,'ANALYZE_PROJECT','PRE_MASTER',1,''),(167,23,'GET_SRC_SVN','PRE_MASTER',1,''),(168,23,'UPDATE_ETC','PRE_MASTER',1,''),(170,23,'CREATE_PUBLISH_DIR','PRE_MINION',1,'all models and sub targes success'),(171,23,'COPY_PUBLISH_OLD_ETC','PRE_MINION',1,''),(172,23,'COPY_PUBLISH_OLD_WAR','PRE_MINION',1,'success'),(173,23,'PUBLISH_NEW_ETC','PRE_MINION',1,'all models and sub targes success'),(174,23,'PUBLISH_NEW_WAR','PRE_MINION',1,'all models and sub targes success'),(175,23,'STOP_TOMCAT','PUBLISH_REAL',1,'all models and sub targes success'),(176,23,'CHANGE_LN','PUBLISH_REAL',1,'all models and sub targes success'),(177,23,'START_TOMCAT','PUBLISH_REAL',1,'all models and sub targes success'),(178,23,'CLEAN_HISTORY_DIR','SUCCESS_END',1,'all models and sub targes success'),(179,23,'UPDATE_SRC_SVN','SUCCESS_END',1,'r15 by \'superman\' at Thu Dec 03 16:02:43 CST 2015'),(180,23,'CLEAN_PUBLISH_DIR','CLEAN_END',1,'清除发布目录成功'),(181,24,'CREATE_PUBLISH_EVENT','PRE_MASTER',1,''),(182,24,'GET_PUBLISH_SVN','PRE_MASTER',1,''),(183,24,'ANALYZE_PROJECT','PRE_MASTER',1,''),(184,24,'GET_SRC_SVN','PRE_MASTER',1,''),(185,24,'UPDATE_ETC','PRE_MASTER',NULL,''),(186,25,'CREATE_PUBLISH_EVENT','PRE_MASTER',1,''),(187,25,'GET_PUBLISH_SVN','PRE_MASTER',1,''),(188,25,'ANALYZE_PROJECT','PRE_MASTER',1,''),(189,25,'GET_SRC_SVN','PRE_MASTER',1,''),(190,25,'UPDATE_ETC','PRE_MASTER',1,''),(191,25,'CREATE_PUBLISH_DIR','PRE_MINION',1,'all models and sub targes success'),(192,25,'COPY_PUBLISH_OLD_ETC','PRE_MINION',1,''),(193,25,'COPY_PUBLISH_OLD_WAR','PRE_MINION',1,'success'),(207,28,'CREATE_PUBLISH_EVENT','PRE_MASTER',1,''),(208,28,'GET_PUBLISH_SVN','PRE_MASTER',1,''),(209,28,'ANALYZE_PROJECT','PRE_MASTER',1,''),(210,28,'GET_SRC_SVN','PRE_MASTER',1,''),(211,28,'UPDATE_ETC','PRE_MASTER',1,''),(212,28,'CREATE_PUBLISH_DIR','PRE_MINION',1,'all models and sub targes success'),(213,28,'COPY_PUBLISH_OLD_ETC','PRE_MINION',1,''),(214,28,'COPY_PUBLISH_OLD_WAR','PRE_MINION',1,'success'),(215,28,'PUBLISH_NEW_ETC','PRE_MINION',1,'all models and sub targes success'),(216,28,'PUBLISH_NEW_WAR','PRE_MINION',1,'all models and sub targes success'),(217,28,'STOP_TOMCAT','PUBLISH_REAL',1,'all models and sub targes success'),(218,28,'CHANGE_LN','PUBLISH_REAL',1,'all models and sub targes success'),(219,28,'START_TOMCAT','PUBLISH_REAL',1,'all models and sub targes success'),(220,28,'CLEAN_HISTORY_DIR','SUCCESS_END',1,'all models and sub targes success'),(221,28,'UPDATE_SRC_SVN','SUCCESS_END',1,'EMPTY COMMIT'),(222,28,'CLEAN_PUBLISH_DIR','CLEAN_END',1,'清除发布目录成功'),(223,29,'CREATE_PUBLISH_EVENT','PRE_MASTER',1,''),(224,29,'GET_PUBLISH_SVN','PRE_MASTER',1,''),(225,29,'ANALYZE_PROJECT','PRE_MASTER',1,''),(226,29,'GET_SRC_SVN','PRE_MASTER',1,''),(227,29,'UPDATE_ETC','PRE_MASTER',1,''),(228,29,'CREATE_PUBLISH_DIR','PRE_MINION',1,'all models and sub targes success'),(229,29,'COPY_PUBLISH_OLD_ETC','PRE_MINION',1,''),(230,29,'COPY_PUBLISH_OLD_WAR','PRE_MINION',1,'success'),(231,29,'PUBLISH_NEW_ETC','PRE_MINION',1,'all models and sub targes success'),(232,29,'PUBLISH_NEW_WAR','PRE_MINION',1,'all models and sub targes success'),(233,29,'STOP_TOMCAT','PUBLISH_REAL',1,'all models and sub targes success'),(234,29,'CHANGE_LN','PUBLISH_REAL',1,'all models and sub targes success'),(235,29,'START_TOMCAT','PUBLISH_REAL',1,'all models and sub targes success'),(236,29,'CLEAN_HISTORY_DIR','SUCCESS_END',1,'all models and sub targes success'),(237,29,'UPDATE_SRC_SVN','SUCCESS_END',1,'EMPTY COMMIT'),(238,29,'CLEAN_PUBLISH_DIR','CLEAN_END',1,'清除发布目录成功'),(239,25,'PUBLISH_NEW_ETC','PRE_MINION',1,'all models and sub targes success'),(240,25,'PUBLISH_NEW_WAR','PRE_MINION',1,'all models and sub targes success'),(241,25,'STOP_TOMCAT','PUBLISH_REAL',1,'all models and sub targes success'),(242,25,'CHANGE_LN','PUBLISH_REAL',1,'all models and sub targes success'),(243,25,'START_TOMCAT','PUBLISH_REAL',1,'all models and sub targes success'),(244,25,'CLEAN_HISTORY_DIR','SUCCESS_END',1,'all models and sub targes success'),(245,25,'UPDATE_SRC_SVN','SUCCESS_END',1,'r16 by \'superman\' at Thu Dec 03 18:31:39 CST 2015'),(246,25,'CLEAN_PUBLISH_DIR','CLEAN_END',1,'清除发布目录成功'),(247,30,'CREATE_PUBLISH_EVENT','PRE_MASTER',1,''),(248,30,'GET_PUBLISH_SVN','PRE_MASTER',1,''),(249,30,'ANALYZE_PROJECT','PRE_MASTER',1,''),(250,30,'GET_SRC_SVN','PRE_MASTER',1,''),(251,30,'UPDATE_ETC','PRE_MASTER',1,''),(252,30,'CREATE_PUBLISH_DIR','PRE_MINION',1,'all models and sub targes success'),(253,30,'COPY_PUBLISH_OLD_ETC','PRE_MINION',1,''),(254,30,'COPY_PUBLISH_OLD_WAR','PRE_MINION',1,'success'),(255,30,'PUBLISH_NEW_ETC','PRE_MINION',1,'all models and sub targes success'),(256,30,'PUBLISH_NEW_WAR','PRE_MINION',1,'all models and sub targes success'),(257,30,'STOP_TOMCAT','PUBLISH_REAL',1,'all models and sub targes success'),(258,30,'CHANGE_LN','PUBLISH_REAL',1,'all models and sub targes success'),(259,30,'START_TOMCAT','PUBLISH_REAL',1,'all models and sub targes success'),(260,30,'STOP_TOMCAT','FAIL_END',1,'all models and sub targes success'),(261,30,'CHANGE_LN','FAIL_END',1,'all models and sub targes success'),(262,30,'START_TOMCAT','FAIL_END',1,'all models and sub targes success'),(263,30,'CLEAN_FAIL_DIR','FAIL_END',0,'success count:1,  targes count:2'),(264,31,'CREATE_PUBLISH_EVENT','PRE_MASTER',1,''),(265,31,'GET_PUBLISH_SVN','PRE_MASTER',1,''),(266,31,'ANALYZE_PROJECT','PRE_MASTER',1,''),(267,31,'GET_SRC_SVN','PRE_MASTER',1,''),(268,31,'UPDATE_ETC','PRE_MASTER',1,''),(269,31,'CREATE_PUBLISH_DIR','PRE_MINION',1,'all models and sub targes success'),(270,31,'COPY_PUBLISH_OLD_ETC','PRE_MINION',1,''),(271,31,'COPY_PUBLISH_OLD_WAR','PRE_MINION',1,'success'),(272,31,'PUBLISH_NEW_ETC','PRE_MINION',1,'all models and sub targes success'),(273,31,'PUBLISH_NEW_WAR','PRE_MINION',1,'all models and sub targes success'),(274,31,'STOP_TOMCAT','PUBLISH_REAL',1,'all models and sub targes success'),(275,31,'CHANGE_LN','PUBLISH_REAL',1,'all models and sub targets success'),(276,31,'START_TOMCAT','PUBLISH_REAL',1,'all models and sub targes success'),(277,31,'CLEAN_HISTORY_DIR','SUCCESS_END',1,'all models and sub targes success'),(278,31,'UPDATE_SRC_SVN','SUCCESS_END',1,'r17 by \'superman\' at Fri Dec 04 13:04:56 CST 2015'),(279,31,'CLEAN_PUBLISH_DIR','CLEAN_END',1,'清除发布目录成功'),(280,32,'CREATE_PUBLISH_EVENT','PRE_MASTER',1,''),(281,32,'GET_PUBLISH_SVN','PRE_MASTER',1,''),(282,32,'ANALYZE_PROJECT','PRE_MASTER',1,''),(283,32,'GET_SRC_SVN','PRE_MASTER',1,''),(284,32,'UPDATE_ETC','PRE_MASTER',1,''),(285,32,'CREATE_PUBLISH_DIR','PRE_MINION',1,'all models and sub targes success'),(286,32,'COPY_PUBLISH_OLD_ETC','PRE_MINION',1,''),(287,32,'COPY_PUBLISH_OLD_WAR','PRE_MINION',1,'success'),(288,32,'PUBLISH_NEW_ETC','PRE_MINION',1,'all models and sub targes success'),(289,32,'PUBLISH_NEW_WAR','PRE_MINION',1,'all models and sub targes success'),(290,32,'STOP_TOMCAT','PUBLISH_REAL',1,'all models and sub targes success'),(291,32,'CHANGE_LN','PUBLISH_REAL',1,'all models and sub targets success'),(292,32,'START_TOMCAT','PUBLISH_REAL',1,'all models and sub targes success'),(293,32,'STOP_TOMCAT','FAIL_END',1,'all models and sub targes success'),(294,32,'CHANGE_LN','FAIL_END',1,'all models and sub targets success'),(295,32,'START_TOMCAT','FAIL_END',1,'all models and sub targes success'),(296,32,'CLEAN_FAIL_DIR','FAIL_END',1,'all models and sub targes success'),(297,32,'CLEAN_PUBLISH_DIR','CLEAN_END',1,'清除发布目录成功'),(301,34,'CREATE_PUBLISH_EVENT','PRE_MASTER',1,''),(302,35,'CREATE_PUBLISH_EVENT','PRE_MASTER',1,''),(303,35,'GET_PUBLISH_SVN','PRE_MASTER',1,''),(304,35,'ANALYZE_PROJECT','PRE_MASTER',1,''),(305,35,'GET_SRC_SVN','PRE_MASTER',1,''),(306,35,'UPDATE_ETC','PRE_MASTER',1,''),(307,35,'CREATE_PUBLISH_DIR','PRE_MINION',1,'all models and sub targes success'),(308,35,'COPY_PUBLISH_OLD_ETC','PRE_MINION',1,''),(309,35,'COPY_PUBLISH_OLD_WAR','PRE_MINION',1,'success'),(310,35,'PUBLISH_NEW_ETC','PRE_MINION',1,'all models and sub targes success'),(311,35,'PUBLISH_NEW_WAR','PRE_MINION',1,'all models and sub targes success'),(312,35,'STOP_TOMCAT','PUBLISH_REAL',1,'all models and sub targes success'),(313,35,'CHANGE_LN','PUBLISH_REAL',1,'all models and sub targets success'),(314,35,'START_TOMCAT','PUBLISH_REAL',1,'all models and sub targes success'),(315,35,'CLEAN_HISTORY_DIR','SUCCESS_END',1,'all models and sub targes success'),(316,35,'UPDATE_SRC_SVN','SUCCESS_END',1,'EMPTY COMMIT'),(317,35,'CLEAN_PUBLISH_DIR','CLEAN_END',1,'清除发布目录成功'),(318,36,'CREATE_PUBLISH_EVENT','PRE_MASTER',1,''),(319,36,'GET_PUBLISH_SVN','PRE_MASTER',1,''),(320,36,'ANALYZE_PROJECT','PRE_MASTER',1,''),(321,36,'GET_SRC_SVN','PRE_MASTER',1,''),(322,36,'UPDATE_ETC','PRE_MASTER',1,''),(323,36,'CREATE_PUBLISH_DIR','PRE_MINION',1,'all models and sub targes success'),(324,36,'COPY_PUBLISH_OLD_ETC','PRE_MINION',1,''),(325,36,'COPY_PUBLISH_OLD_WAR','PRE_MINION',1,'success'),(326,36,'PUBLISH_NEW_ETC','PRE_MINION',1,'all models and sub targes success'),(327,36,'PUBLISH_NEW_WAR','PRE_MINION',1,'all models and sub targes success'),(328,36,'STOP_TOMCAT','PUBLISH_REAL',1,'all models and sub targes success'),(329,36,'CHANGE_LN','PUBLISH_REAL',1,'all models and sub targets success'),(330,36,'START_TOMCAT','PUBLISH_REAL',1,'all models and sub targes success'),(331,36,'CLEAN_HISTORY_DIR','SUCCESS_END',1,'all models and sub targes success'),(332,36,'UPDATE_SRC_SVN','SUCCESS_END',1,'r18 by \'superman\' at Wed Dec 09 10:55:30 CST 2015'),(333,36,'CLEAN_PUBLISH_DIR','CLEAN_END',1,'清除发布目录成功'),(334,37,'CREATE_PUBLISH_EVENT','PRE_MASTER',1,''),(335,37,'GET_PUBLISH_SVN','PRE_MASTER',1,''),(336,37,'ANALYZE_PROJECT','PRE_MASTER',1,''),(337,37,'GET_SRC_SVN','PRE_MASTER',1,''),(338,37,'UPDATE_ETC','PRE_MASTER',1,''),(339,37,'CREATE_PUBLISH_DIR','PRE_MINION',1,'all models and sub targes success'),(340,37,'COPY_PUBLISH_OLD_ETC','PRE_MINION',1,''),(341,37,'COPY_PUBLISH_OLD_WAR','PRE_MINION',1,'success'),(342,37,'PUBLISH_NEW_ETC','PRE_MINION',1,'all models and sub targes success'),(343,37,'PUBLISH_NEW_WAR','PRE_MINION',1,'all models and sub targes success'),(344,37,'STOP_TOMCAT','PUBLISH_REAL',1,'all models and sub targes success'),(345,37,'CHANGE_LN','PUBLISH_REAL',1,'all models and sub targets success'),(346,37,'START_TOMCAT','PUBLISH_REAL',1,'all models and sub targes success'),(347,38,'CREATE_PUBLISH_EVENT','PRE_MASTER',1,''),(348,38,'GET_PUBLISH_SVN','PRE_MASTER',1,''),(349,38,'ANALYZE_PROJECT','PRE_MASTER',1,''),(350,38,'GET_SRC_SVN','PRE_MASTER',1,''),(351,38,'UPDATE_ETC','PRE_MASTER',1,''),(352,37,'CLEAN_HISTORY_DIR','SUCCESS_END',1,'all models and sub targes success'),(353,37,'UPDATE_SRC_SVN','SUCCESS_END',1,'EMPTY COMMIT'),(354,37,'CLEAN_PUBLISH_DIR','CLEAN_END',1,'清除发布目录成功'),(355,38,'CREATE_PUBLISH_DIR','PRE_MINION',1,'all models and sub targes success'),(356,38,'COPY_PUBLISH_OLD_ETC','PRE_MINION',1,''),(357,38,'COPY_PUBLISH_OLD_WAR','PRE_MINION',1,'success'),(358,38,'PUBLISH_NEW_ETC','PRE_MINION',1,'all models and sub targes success'),(359,38,'PUBLISH_NEW_WAR','PRE_MINION',1,'all models and sub targes success'),(360,38,'STOP_TOMCAT','PUBLISH_REAL',1,'all models and sub targes success'),(361,38,'CHANGE_LN','PUBLISH_REAL',1,'all models and sub targets success'),(362,38,'START_TOMCAT','PUBLISH_REAL',1,'all models and sub targes success'),(363,38,'STOP_TOMCAT','FAIL_END',1,'all models and sub targes success'),(364,38,'CHANGE_LN','FAIL_END',1,'all models and sub targets success'),(365,38,'START_TOMCAT','FAIL_END',1,'all models and sub targes success'),(366,38,'CLEAN_FAIL_DIR','FAIL_END',1,'all models and sub targes success'),(367,38,'CLEAN_PUBLISH_DIR','CLEAN_END',1,'清除发布目录成功'),(368,39,'CREATE_PUBLISH_EVENT','PRE_MASTER',1,''),(369,39,'GET_PUBLISH_SVN','PRE_MASTER',1,''),(370,39,'ANALYZE_PROJECT','PRE_MASTER',1,''),(371,39,'GET_SRC_SVN','PRE_MASTER',1,''),(372,39,'UPDATE_ETC','PRE_MASTER',1,''),(373,39,'CREATE_PUBLISH_DIR','PRE_MINION',1,'all models and sub targes success'),(374,39,'COPY_PUBLISH_OLD_ETC','PRE_MINION',1,''),(375,39,'COPY_PUBLISH_OLD_WAR','PRE_MINION',1,'success'),(376,39,'PUBLISH_NEW_ETC','PRE_MINION',1,'all models and sub targes success'),(377,39,'PUBLISH_NEW_WAR','PRE_MINION',1,'all models and sub targes success'),(378,39,'STOP_TOMCAT','PUBLISH_REAL',1,'all models and sub targes success'),(379,39,'CHANGE_LN','PUBLISH_REAL',1,'all models and sub targets success'),(380,39,'START_TOMCAT','PUBLISH_REAL',1,'all models and sub targes success'),(381,39,'CLEAN_HISTORY_DIR','SUCCESS_END',1,'all models and sub targes success'),(382,39,'UPDATE_SRC_SVN','SUCCESS_END',1,'r19 by \'superman\' at Tue Dec 15 11:24:31 CST 2015'),(383,39,'CLEAN_PUBLISH_DIR','CLEAN_END',1,'清除发布目录成功'),(384,40,'CREATE_PUBLISH_EVENT','PRE_MASTER',1,''),(385,40,'GET_PUBLISH_SVN','PRE_MASTER',1,''),(386,40,'ANALYZE_PROJECT','PRE_MASTER',1,''),(387,40,'GET_SRC_SVN','PRE_MASTER',1,''),(388,40,'UPDATE_ETC','PRE_MASTER',1,''),(389,40,'CREATE_PUBLISH_DIR','PRE_MINION',1,'all models and sub targes success'),(390,40,'COPY_PUBLISH_OLD_ETC','PRE_MINION',1,''),(391,40,'COPY_PUBLISH_OLD_WAR','PRE_MINION',1,'success'),(392,40,'PUBLISH_NEW_ETC','PRE_MINION',1,'all models and sub targes success'),(393,40,'PUBLISH_NEW_WAR','PRE_MINION',1,'all models and sub targes success'),(394,40,'STOP_TOMCAT','PUBLISH_REAL',1,'all models and sub targes success'),(395,40,'CHANGE_LN','PUBLISH_REAL',1,'all models and sub targets success'),(396,40,'START_TOMCAT','PUBLISH_REAL',1,'all models and sub targes success'),(397,40,'STOP_TOMCAT','RESTART_TOMCAT',1,'all models and sub targes success'),(398,40,'START_TOMCAT','RESTART_TOMCAT',1,'all models and sub targes success'),(399,40,'CLEAN_HISTORY_DIR','SUCCESS_END',1,'all models and sub targes success'),(400,40,'UPDATE_SRC_SVN','SUCCESS_END',1,'EMPTY COMMIT'),(401,40,'CLEAN_PUBLISH_DIR','CLEAN_END',0,'清除发布目录失败：/home/saas/deploy_tmp/test.ywpt.20151215.112546'),(402,40,'STOP_TOMCAT','FAIL_END',1,'all models and sub targes success'),(403,40,'CHANGE_LN','FAIL_END',1,'all models and sub targets success'),(404,40,'START_TOMCAT','FAIL_END',1,'all models and sub targes success'),(405,40,'CLEAN_FAIL_DIR','FAIL_END',1,'all models and sub targes success'),(406,41,'CREATE_PUBLISH_EVENT','PRE_MASTER',1,''),(407,41,'GET_PUBLISH_SVN','PRE_MASTER',1,''),(408,41,'ANALYZE_PROJECT','PRE_MASTER',1,''),(409,41,'GET_SRC_SVN','PRE_MASTER',1,''),(410,41,'UPDATE_ETC','PRE_MASTER',1,''),(411,41,'CREATE_PUBLISH_DIR','PRE_MINION',1,'all models and sub targes success'),(412,41,'COPY_PUBLISH_OLD_ETC','PRE_MINION',1,''),(413,41,'COPY_PUBLISH_OLD_WAR','PRE_MINION',1,'success'),(414,41,'PUBLISH_NEW_ETC','PRE_MINION',1,'all models and sub targes success'),(415,41,'PUBLISH_NEW_WAR','PRE_MINION',1,'all models and sub targes success'),(416,41,'STOP_TOMCAT','PUBLISH_REAL',1,'all models and sub targes success'),(417,41,'CHANGE_LN','PUBLISH_REAL',1,'all models and sub targets success'),(418,41,'START_TOMCAT','PUBLISH_REAL',1,'all models and sub targes success'),(419,41,'CLEAN_HISTORY_DIR','SUCCESS_END',1,'all models and sub targes success'),(420,41,'UPDATE_SRC_SVN','SUCCESS_END',1,'EMPTY COMMIT'),(421,41,'CLEAN_PUBLISH_DIR','CLEAN_END',0,'清除发布目录失败：/home/saas/deploy_tmp/test.ywpt.20151215.132241'),(422,41,'STOP_TOMCAT','FAIL_END',1,'all models and sub targes success'),(423,41,'CHANGE_LN','FAIL_END',1,'all models and sub targets success'),(424,41,'START_TOMCAT','FAIL_END',1,'all models and sub targes success'),(425,41,'CLEAN_FAIL_DIR','FAIL_END',1,'all models and sub targes success'),(426,42,'CREATE_PUBLISH_EVENT','PRE_MASTER',1,''),(427,42,'GET_PUBLISH_SVN','PRE_MASTER',1,''),(428,42,'ANALYZE_PROJECT','PRE_MASTER',1,''),(429,42,'GET_SRC_SVN','PRE_MASTER',1,''),(430,42,'UPDATE_ETC','PRE_MASTER',1,''),(431,42,'CREATE_PUBLISH_DIR','PRE_MINION',1,'all models and sub targes success'),(432,42,'COPY_PUBLISH_OLD_ETC','PRE_MINION',1,''),(433,42,'COPY_PUBLISH_OLD_WAR','PRE_MINION',1,'success'),(434,42,'PUBLISH_NEW_ETC','PRE_MINION',1,'all models and sub targes success'),(435,42,'PUBLISH_NEW_WAR','PRE_MINION',1,'all models and sub targes success'),(436,43,'CREATE_PUBLISH_EVENT','PRE_MASTER',1,''),(437,43,'GET_PUBLISH_SVN','PRE_MASTER',1,''),(438,43,'ANALYZE_PROJECT','PRE_MASTER',1,''),(439,43,'GET_SRC_SVN','PRE_MASTER',1,''),(440,43,'UPDATE_ETC','PRE_MASTER',1,''),(441,42,'STOP_TOMCAT','PUBLISH_REAL',1,'all models and sub targes success'),(442,42,'CHANGE_LN','PUBLISH_REAL',1,'all models and sub targets success'),(443,42,'START_TOMCAT','PUBLISH_REAL',1,'all models and sub targes success'),(444,42,'STOP_TOMCAT','RESTART_TOMCAT',1,'all models and sub targes success'),(445,42,'START_TOMCAT','RESTART_TOMCAT',1,'all models and sub targes success'),(446,42,'CLEAN_HISTORY_DIR','SUCCESS_END',1,'all models and sub targes success'),(447,42,'UPDATE_SRC_SVN','SUCCESS_END',1,'r20 by \'superman\' at Tue Dec 15 16:09:31 CST 2015'),(448,42,'CLEAN_PUBLISH_DIR','CLEAN_END',1,'清除发布目录成功'),(449,43,'CREATE_PUBLISH_DIR','PRE_MINION',1,'all models and sub targes success'),(450,43,'COPY_PUBLISH_OLD_ETC','PRE_MINION',1,''),(451,43,'COPY_PUBLISH_OLD_WAR','PRE_MINION',1,'success'),(452,43,'PUBLISH_NEW_ETC','PRE_MINION',1,'all models and sub targes success'),(453,43,'PUBLISH_NEW_WAR','PRE_MINION',1,'all models and sub targes success'),(454,43,'STOP_TOMCAT','PUBLISH_REAL',1,'all models and sub targes success'),(455,43,'CHANGE_LN','PUBLISH_REAL',1,'all models and sub targets success'),(456,43,'START_TOMCAT','PUBLISH_REAL',1,'all models and sub targes success'),(457,43,'STOP_TOMCAT','RESTART_TOMCAT',1,'all models and sub targes success'),(458,43,'START_TOMCAT','RESTART_TOMCAT',1,'all models and sub targes success'),(459,43,'CLEAN_HISTORY_DIR','SUCCESS_END',1,'all models and sub targes success'),(460,43,'UPDATE_SRC_SVN','SUCCESS_END',1,'EMPTY COMMIT'),(461,43,'CLEAN_PUBLISH_DIR','CLEAN_END',1,'清除发布目录成功'),(462,44,'CREATE_PUBLISH_EVENT','PRE_MASTER',1,''),(463,44,'GET_PUBLISH_SVN','PRE_MASTER',1,''),(464,44,'ANALYZE_PROJECT','PRE_MASTER',1,''),(465,44,'GET_SRC_SVN','PRE_MASTER',1,''),(466,44,'UPDATE_ETC','PRE_MASTER',1,''),(467,44,'CREATE_PUBLISH_DIR','PRE_MINION',1,'all models and sub targes success'),(468,44,'COPY_PUBLISH_OLD_ETC','PRE_MINION',1,''),(469,44,'COPY_PUBLISH_OLD_WAR','PRE_MINION',1,'success'),(470,44,'PUBLISH_NEW_ETC','PRE_MINION',1,'all models and sub targes success'),(471,44,'PUBLISH_NEW_WAR','PRE_MINION',1,'all models and sub targes success'),(472,44,'STOP_TOMCAT','PUBLISH_REAL',1,'all models and sub targes success'),(473,44,'CHANGE_LN','PUBLISH_REAL',1,'all models and sub targets success'),(474,44,'START_TOMCAT','PUBLISH_REAL',1,'all models and sub targes success'),(475,44,'STOP_TOMCAT','RESTART_TOMCAT',1,'all models and sub targes success'),(476,44,'START_TOMCAT','RESTART_TOMCAT',1,'all models and sub targes success'),(477,44,'CLEAN_HISTORY_DIR','SUCCESS_END',1,'all models and sub targes success'),(478,44,'UPDATE_SRC_SVN','SUCCESS_END',1,'r21 by \'superman\' at Tue Dec 15 17:09:40 CST 2015'),(479,44,'CLEAN_PUBLISH_DIR','CLEAN_END',1,'清除发布目录成功'),(480,45,'CREATE_PUBLISH_EVENT','PRE_MASTER',1,''),(481,45,'GET_PUBLISH_SVN','PRE_MASTER',1,''),(482,45,'ANALYZE_PROJECT','PRE_MASTER',1,''),(483,45,'GET_SRC_SVN','PRE_MASTER',1,''),(484,45,'UPDATE_ETC','PRE_MASTER',1,''),(485,45,'CREATE_PUBLISH_DIR','PRE_MINION',1,'all models and sub targes success'),(486,45,'COPY_PUBLISH_OLD_ETC','PRE_MINION',1,''),(487,45,'COPY_PUBLISH_OLD_WAR','PRE_MINION',1,'success'),(488,45,'PUBLISH_NEW_ETC','PRE_MINION',1,'all models and sub targes success'),(489,45,'PUBLISH_NEW_WAR','PRE_MINION',1,'all models and sub targes success'),(490,45,'STOP_TOMCAT','PUBLISH_REAL',1,'all models and sub targes success'),(491,45,'CHANGE_LN','PUBLISH_REAL',1,'all models and sub targets success'),(492,45,'START_TOMCAT','PUBLISH_REAL',1,'all models and sub targes success'),(493,45,'STOP_TOMCAT','RESTART_TOMCAT',1,'all models and sub targes success'),(494,45,'START_TOMCAT','RESTART_TOMCAT',1,'all models and sub targes success'),(495,45,'STOP_TOMCAT','FAIL_END',1,'all models and sub targes success'),(496,45,'CHANGE_LN','FAIL_END',1,'all models and sub targets success'),(497,45,'START_TOMCAT','FAIL_END',1,'all models and sub targes success'),(498,45,'CLEAN_FAIL_DIR','FAIL_END',1,'all models and sub targes success'),(499,45,'CLEAN_PUBLISH_DIR','CLEAN_END',1,'清除发布目录成功'),(500,46,'CREATE_PUBLISH_EVENT','PRE_MASTER',1,''),(501,46,'GET_PUBLISH_SVN','PRE_MASTER',1,''),(502,46,'ANALYZE_PROJECT','PRE_MASTER',1,''),(503,46,'GET_SRC_SVN','PRE_MASTER',1,''),(504,46,'UPDATE_ETC','PRE_MASTER',1,''),(505,46,'CREATE_PUBLISH_DIR','PRE_MINION',1,'all models and sub targes success'),(506,46,'COPY_PUBLISH_OLD_ETC','PRE_MINION',1,''),(507,46,'COPY_PUBLISH_OLD_WAR','PRE_MINION',1,'success'),(508,46,'PUBLISH_NEW_ETC','PRE_MINION',1,'all models and sub targes success'),(509,46,'PUBLISH_NEW_WAR','PRE_MINION',1,'all models and sub targes success'),(510,46,'STOP_TOMCAT','PUBLISH_REAL',1,'all models and sub targes success'),(511,46,'CHANGE_LN','PUBLISH_REAL',1,'all models and sub targets success'),(512,46,'START_TOMCAT','PUBLISH_REAL',1,'all models and sub targes success'),(513,46,'STOP_TOMCAT','RESTART_TOMCAT',1,'all models and sub targes success'),(514,46,'START_TOMCAT','RESTART_TOMCAT',1,'all models and sub targes success'),(515,46,'CLEAN_HISTORY_DIR','SUCCESS_END',1,'all models and sub targes success'),(516,46,'UPDATE_SRC_SVN','SUCCESS_END',1,'EMPTY COMMIT'),(517,46,'CLEAN_PUBLISH_DIR','CLEAN_END',1,'清除发布目录成功'),(518,47,'CREATE_PUBLISH_EVENT','PRE_MASTER',1,''),(519,47,'GET_PUBLISH_SVN','PRE_MASTER',1,''),(520,47,'ANALYZE_PROJECT','PRE_MASTER',1,''),(521,47,'GET_SRC_SVN','PRE_MASTER',1,''),(522,47,'UPDATE_ETC','PRE_MASTER',1,''),(523,47,'CREATE_PUBLISH_DIR','PRE_MINION',1,'all models and sub targes success'),(524,47,'COPY_PUBLISH_OLD_ETC','PRE_MINION',1,''),(525,47,'COPY_PUBLISH_OLD_WAR','PRE_MINION',1,'success'),(526,47,'PUBLISH_NEW_ETC','PRE_MINION',1,'all models and sub targes success'),(527,47,'PUBLISH_NEW_WAR','PRE_MINION',1,'all models and sub targes success'),(528,47,'STOP_TOMCAT','PUBLISH_REAL',1,'all models and sub targes success'),(529,47,'CHANGE_LN','PUBLISH_REAL',1,'all models and sub targets success'),(530,47,'START_TOMCAT','PUBLISH_REAL',1,'all models and sub targes success'),(531,47,'CLEAN_HISTORY_DIR','SUCCESS_END',1,'all models and sub targes success'),(532,47,'UPDATE_SRC_SVN','SUCCESS_END',1,'r22 by \'superman\' at Wed Dec 16 10:59:55 CST 2015'),(533,47,'CLEAN_PUBLISH_DIR','CLEAN_END',0,'清除发布目录失败：/home/saas/deploy_tmp/test.ywpt.20151216.104604'),(534,47,'STOP_TOMCAT','FAIL_END',1,'all models and sub targes success'),(535,47,'CHANGE_LN','FAIL_END',1,'all models and sub targets success'),(536,47,'START_TOMCAT','FAIL_END',1,'all models and sub targes success'),(537,47,'CLEAN_FAIL_DIR','FAIL_END',1,'all models and sub targes success'),(538,48,'CREATE_PUBLISH_EVENT','PRE_MASTER',1,''),(539,48,'GET_PUBLISH_SVN','PRE_MASTER',1,''),(540,48,'ANALYZE_PROJECT','PRE_MASTER',1,''),(541,48,'GET_SRC_SVN','PRE_MASTER',1,''),(542,48,'UPDATE_ETC','PRE_MASTER',1,''),(543,48,'CREATE_PUBLISH_DIR','PRE_MINION',1,'all models and sub targes success'),(544,48,'COPY_PUBLISH_OLD_ETC','PRE_MINION',1,''),(545,48,'COPY_PUBLISH_OLD_WAR','PRE_MINION',1,'success'),(546,48,'PUBLISH_NEW_ETC','PRE_MINION',1,'all models and sub targes success'),(547,48,'PUBLISH_NEW_WAR','PRE_MINION',1,'all models and sub targes success'),(548,48,'STOP_TOMCAT','PUBLISH_REAL',1,'all models and sub targes success'),(549,48,'CHANGE_LN','PUBLISH_REAL',1,'all models and sub targets success'),(550,48,'START_TOMCAT','PUBLISH_REAL',1,'all models and sub targes success'),(551,48,'CLEAN_HISTORY_DIR','SUCCESS_END',1,'all models and sub targes success'),(552,48,'UPDATE_SRC_SVN','SUCCESS_END',1,'EMPTY COMMIT'),(553,48,'CLEAN_PUBLISH_DIR','CLEAN_END',1,'清除发布目录成功'),(554,49,'CREATE_PUBLISH_EVENT','PRE_MASTER',1,''),(555,50,'CREATE_PUBLISH_EVENT','PRE_MASTER',1,''),(556,50,'GET_PUBLISH_SVN','PRE_MASTER',1,''),(557,50,'ANALYZE_PROJECT','PRE_MASTER',1,''),(558,50,'GET_SRC_SVN','PRE_MASTER',1,''),(559,50,'UPDATE_ETC','PRE_MASTER',1,''),(560,50,'CREATE_PUBLISH_DIR','PRE_MINION',1,'all models and sub targes success'),(561,50,'COPY_PUBLISH_OLD_ETC','PRE_MINION',1,''),(562,50,'COPY_PUBLISH_OLD_WAR','PRE_MINION',1,'success'),(563,50,'PUBLISH_NEW_ETC','PRE_MINION',1,'all models and sub targes success'),(564,50,'PUBLISH_NEW_WAR','PRE_MINION',1,'all models and sub targes success'),(565,50,'STOP_TOMCAT','PUBLISH_REAL',1,'all models and sub targes success'),(566,50,'CHANGE_LN','PUBLISH_REAL',1,'all models and sub targets success'),(567,50,'START_TOMCAT','PUBLISH_REAL',1,'all models and sub targes success'),(568,50,'CLEAN_HISTORY_DIR','SUCCESS_END',1,'all models and sub targes success'),(569,50,'UPDATE_SRC_SVN','SUCCESS_END',1,'r23 by \'superman\' at Wed Dec 16 13:51:37 CST 2015'),(570,50,'CLEAN_PUBLISH_DIR','CLEAN_END',1,'清除发布目录成功'),(571,50,'STOP_TOMCAT','FAIL_END',1,'all models and sub targes success'),(572,50,'CHANGE_LN','FAIL_END',1,'all models and sub targets success'),(573,50,'START_TOMCAT','FAIL_END',1,'all models and sub targes success'),(574,50,'CLEAN_FAIL_DIR','FAIL_END',1,'all models and sub targes success'),(575,50,'STOP_TOMCAT','RESTART_TOMCAT',1,'all models and sub targes success'),(576,50,'START_TOMCAT','RESTART_TOMCAT',1,'all models and sub targes success'),(577,51,'CREATE_PUBLISH_EVENT','PRE_MASTER',1,''),(578,51,'GET_PUBLISH_SVN','PRE_MASTER',1,''),(579,51,'ANALYZE_PROJECT','PRE_MASTER',1,''),(580,51,'GET_SRC_SVN','PRE_MASTER',1,''),(581,51,'UPDATE_ETC','PRE_MASTER',1,''),(582,51,'CREATE_PUBLISH_DIR','PRE_MINION',1,'all models and sub targes success'),(583,51,'COPY_PUBLISH_OLD_ETC','PRE_MINION',1,''),(584,51,'COPY_PUBLISH_OLD_WAR','PRE_MINION',1,'success'),(585,51,'PUBLISH_NEW_ETC','PRE_MINION',1,'all models and sub targes success'),(586,51,'PUBLISH_NEW_WAR','PRE_MINION',1,'all models and sub targes success'),(587,51,'STOP_TOMCAT','PUBLISH_REAL',1,'all models and sub targes success'),(588,51,'CHANGE_LN','PUBLISH_REAL',1,'all models and sub targets success'),(589,51,'START_TOMCAT','PUBLISH_REAL',1,'all models and sub targes success'),(590,51,'STOP_TOMCAT','RESTART_TOMCAT',1,'all models and sub targes success'),(591,51,'START_TOMCAT','RESTART_TOMCAT',1,'all models and sub targes success'),(592,51,'STOP_TOMCAT','FAIL_END',1,'all models and sub targes success'),(593,51,'CHANGE_LN','FAIL_END',1,'all models and sub targets success'),(594,51,'START_TOMCAT','FAIL_END',1,'all models and sub targes success'),(595,51,'CLEAN_FAIL_DIR','FAIL_END',1,'all models and sub targes success'),(596,51,'CLEAN_PUBLISH_DIR','CLEAN_END',1,'清除发布目录成功'),(597,52,'CREATE_PUBLISH_EVENT','PRE_MASTER',1,''),(598,52,'GET_PUBLISH_SVN','PRE_MASTER',1,''),(599,52,'ANALYZE_PROJECT','PRE_MASTER',1,''),(600,52,'GET_SRC_SVN','PRE_MASTER',1,''),(601,52,'UPDATE_ETC','PRE_MASTER',1,''),(602,52,'CREATE_PUBLISH_DIR','PRE_MINION',1,'all models and sub targes success'),(603,52,'COPY_PUBLISH_OLD_ETC','PRE_MINION',1,''),(604,52,'COPY_PUBLISH_OLD_WAR','PRE_MINION',1,'success'),(605,52,'PUBLISH_NEW_ETC','PRE_MINION',1,'all models and sub targes success'),(606,52,'PUBLISH_NEW_WAR','PRE_MINION',1,'all models and sub targes success'),(607,52,'STOP_TOMCAT','PUBLISH_REAL',1,'all models and sub targes success'),(608,52,'CHANGE_LN','PUBLISH_REAL',1,'all models and sub targets success'),(609,52,'START_TOMCAT','PUBLISH_REAL',1,'all models and sub targes success'),(610,52,'STOP_TOMCAT','RESTART_TOMCAT',1,'all models and sub targes success'),(611,52,'START_TOMCAT','RESTART_TOMCAT',1,'all models and sub targes success'),(612,53,'CREATE_PUBLISH_EVENT','PRE_MASTER',1,''),(613,53,'GET_PUBLISH_SVN','PRE_MASTER',1,''),(614,53,'ANALYZE_PROJECT','PRE_MASTER',1,''),(615,53,'GET_SRC_SVN','PRE_MASTER',1,''),(616,53,'UPDATE_ETC','PRE_MASTER',1,''),(617,52,'CLEAN_HISTORY_DIR','SUCCESS_END',1,'all models and sub targes success'),(618,52,'UPDATE_SRC_SVN','SUCCESS_END',1,'EMPTY COMMIT'),(619,52,'CLEAN_PUBLISH_DIR','CLEAN_END',1,'清除发布目录成功'),(620,53,'CREATE_PUBLISH_DIR','PRE_MINION',1,'all models and sub targes success'),(621,53,'COPY_PUBLISH_OLD_ETC','PRE_MINION',1,''),(622,53,'COPY_PUBLISH_OLD_WAR','PRE_MINION',1,'success'),(623,53,'PUBLISH_NEW_ETC','PRE_MINION',1,'all models and sub targes success'),(624,53,'PUBLISH_NEW_WAR','PRE_MINION',1,'all models and sub targes success'),(625,53,'STOP_TOMCAT','PUBLISH_REAL',1,'all models and sub targes success'),(626,53,'CHANGE_LN','PUBLISH_REAL',1,'all models and sub targets success'),(627,53,'START_TOMCAT','PUBLISH_REAL',1,'all models and sub targes success'),(628,53,'STOP_TOMCAT','RESTART_TOMCAT',1,'all models and sub targes success'),(629,53,'START_TOMCAT','RESTART_TOMCAT',1,'all models and sub targes success'),(630,53,'STOP_TOMCAT','FAIL_END',1,'all models and sub targes success'),(631,53,'CHANGE_LN','FAIL_END',1,'all models and sub targets success'),(632,53,'START_TOMCAT','FAIL_END',1,'all models and sub targes success'),(633,53,'CLEAN_FAIL_DIR','FAIL_END',1,'all models and sub targes success'),(634,53,'CLEAN_PUBLISH_DIR','CLEAN_END',1,'清除发布目录成功'),(635,54,'CREATE_PUBLISH_EVENT','PRE_MASTER',1,''),(636,54,'GET_PUBLISH_SVN','PRE_MASTER',1,''),(637,54,'ANALYZE_PROJECT','PRE_MASTER',1,''),(638,54,'GET_SRC_SVN','PRE_MASTER',1,''),(639,54,'UPDATE_ETC','PRE_MASTER',1,''),(640,54,'CREATE_PUBLISH_DIR','PRE_MINION',1,'all models and sub targes success'),(641,54,'COPY_PUBLISH_OLD_ETC','PRE_MINION',1,''),(642,54,'COPY_PUBLISH_OLD_WAR','PRE_MINION',1,'success'),(643,54,'PUBLISH_NEW_ETC','PRE_MINION',1,'all models and sub targes success'),(644,54,'PUBLISH_NEW_WAR','PRE_MINION',1,'all models and sub targes success'),(645,54,'STOP_TOMCAT','PUBLISH_REAL',1,'all models and sub targes success'),(646,54,'CHANGE_LN','PUBLISH_REAL',1,'all models and sub targets success'),(647,54,'START_TOMCAT','PUBLISH_REAL',1,'all models and sub targes success'),(648,54,'STOP_TOMCAT','RESTART_TOMCAT',1,'all models and sub targes success'),(649,54,'START_TOMCAT','RESTART_TOMCAT',1,'all models and sub targes success'),(650,55,'CREATE_PUBLISH_EVENT','PRE_MASTER',1,''),(651,55,'GET_PUBLISH_SVN','PRE_MASTER',1,''),(652,56,'CREATE_PUBLISH_EVENT','PRE_MASTER',1,''),(653,56,'GET_PUBLISH_SVN','PRE_MASTER',1,''),(654,56,'ANALYZE_PROJECT','PRE_MASTER',1,''),(655,56,'GET_SRC_SVN','PRE_MASTER',1,''),(656,56,'UPDATE_ETC','PRE_MASTER',1,''),(657,56,'CREATE_PUBLISH_DIR','PRE_MINION',1,'all models and sub targes success'),(658,56,'COPY_PUBLISH_OLD_ETC','PRE_MINION',1,''),(659,56,'COPY_PUBLISH_OLD_WAR','PRE_MINION',1,'success'),(660,56,'PUBLISH_NEW_ETC','PRE_MINION',1,'all models and sub targes success'),(661,56,'PUBLISH_NEW_WAR','PRE_MINION',1,'all models and sub targes success'),(662,56,'STOP_TOMCAT','PUBLISH_REAL',1,'all models and sub targes success'),(663,56,'CHANGE_LN','PUBLISH_REAL',1,'all models and sub targets success'),(664,56,'START_TOMCAT','PUBLISH_REAL',1,'all models and sub targes success'),(665,56,'CLEAN_HISTORY_DIR','SUCCESS_END',1,'all models and sub targes success'),(666,56,'UPDATE_SRC_SVN','SUCCESS_END',1,'EMPTY COMMIT'),(667,56,'CLEAN_PUBLISH_DIR','CLEAN_END',1,'清除发布目录成功'),(668,55,'ANALYZE_PROJECT','PRE_MASTER',0,'您提交的SVN地址无法正确解析主机及应用的信息(匹配工程名称出错)'),(669,57,'CREATE_PUBLISH_EVENT','PRE_MASTER',1,''),(670,57,'GET_PUBLISH_SVN','PRE_MASTER',1,''),(671,57,'ANALYZE_PROJECT','PRE_MASTER',1,''),(672,57,'GET_SRC_SVN','PRE_MASTER',1,''),(673,57,'UPDATE_ETC','PRE_MASTER',1,''),(674,58,'CREATE_PUBLISH_EVENT','PRE_MASTER',1,''),(675,58,'GET_PUBLISH_SVN','PRE_MASTER',1,''),(676,54,'CLEAN_HISTORY_DIR','SUCCESS_END',1,'all models and sub targes success'),(677,54,'UPDATE_SRC_SVN','SUCCESS_END',1,'EMPTY COMMIT'),(678,54,'CLEAN_PUBLISH_DIR','CLEAN_END',1,'清除发布目录成功'),(679,58,'ANALYZE_PROJECT','PRE_MASTER',1,''),(680,58,'GET_SRC_SVN','PRE_MASTER',1,''),(681,58,'UPDATE_ETC','PRE_MASTER',1,''),(682,58,'CREATE_PUBLISH_DIR','PRE_MINION',1,'all models and sub targes success'),(683,58,'COPY_PUBLISH_OLD_ETC','PRE_MINION',1,''),(684,58,'COPY_PUBLISH_OLD_WAR','PRE_MINION',1,'success'),(685,58,'PUBLISH_NEW_ETC','PRE_MINION',1,'all models and sub targes success'),(686,58,'PUBLISH_NEW_WAR','PRE_MINION',1,'all models and sub targes success'),(687,58,'CLEAN_FAIL_DIR','CANCEL_END',1,'all models and sub targes success'),(688,58,'CLEAN_PUBLISH_DIR','CLEAN_END',1,'清除发布目录成功'),(689,57,'CREATE_PUBLISH_DIR','PRE_MINION',1,'all models and sub targes success'),(690,57,'COPY_PUBLISH_OLD_ETC','PRE_MINION',1,''),(691,57,'COPY_PUBLISH_OLD_WAR','PRE_MINION',1,'success'),(692,57,'PUBLISH_NEW_ETC','PRE_MINION',1,'all models and sub targes success'),(693,57,'PUBLISH_NEW_WAR','PRE_MINION',1,'all models and sub targes success'),(694,57,'STOP_TOMCAT','PUBLISH_REAL',1,'all models and sub targes success'),(695,57,'CHANGE_LN','PUBLISH_REAL',1,'all models and sub targets success'),(696,57,'START_TOMCAT','PUBLISH_REAL',1,'all models and sub targes success'),(697,57,'STOP_TOMCAT','RESTART_TOMCAT',1,'all models and sub targes success'),(698,57,'START_TOMCAT','RESTART_TOMCAT',1,'all models and sub targes success'),(699,57,'STOP_TOMCAT','FAIL_END',1,'all models and sub targes success'),(700,57,'CHANGE_LN','FAIL_END',1,'all models and sub targets success'),(701,57,'START_TOMCAT','FAIL_END',1,'all models and sub targes success'),(702,57,'CLEAN_FAIL_DIR','FAIL_END',1,'all models and sub targes success'),(703,57,'CLEAN_PUBLISH_DIR','CLEAN_END',1,'清除发布目录成功'),(704,59,'CREATE_PUBLISH_EVENT','PRE_MASTER',1,''),(705,59,'GET_PUBLISH_SVN','PRE_MASTER',1,''),(706,59,'ANALYZE_PROJECT','PRE_MASTER',1,''),(707,59,'GET_SRC_SVN','PRE_MASTER',1,''),(708,59,'UPDATE_ETC','PRE_MASTER',1,''),(709,59,'CREATE_PUBLISH_DIR','PRE_MINION',1,'all models and sub targes success'),(710,59,'COPY_PUBLISH_OLD_ETC','PRE_MINION',1,''),(711,59,'COPY_PUBLISH_OLD_WAR','PRE_MINION',1,'success'),(712,59,'PUBLISH_NEW_ETC','PRE_MINION',1,'all models and sub targes success'),(713,59,'PUBLISH_NEW_WAR','PRE_MINION',1,'all models and sub targes success'),(714,59,'STOP_TOMCAT','PUBLISH_REAL',1,'all models and sub targes success'),(715,59,'CHANGE_LN','PUBLISH_REAL',1,'all models and sub targets success'),(716,59,'START_TOMCAT','PUBLISH_REAL',1,'all models and sub targes success'),(717,59,'STOP_TOMCAT','RESTART_TOMCAT',1,'all models and sub targes success'),(718,59,'START_TOMCAT','RESTART_TOMCAT',1,'all models and sub targes success'),(719,59,'STOP_TOMCAT','FAIL_END',1,'all models and sub targes success'),(720,59,'CHANGE_LN','FAIL_END',1,'all models and sub targets success'),(721,59,'START_TOMCAT','FAIL_END',1,'all models and sub targes success'),(722,59,'CLEAN_FAIL_DIR','FAIL_END',1,'all models and sub targes success'),(723,59,'CLEAN_PUBLISH_DIR','CLEAN_END',1,'清除发布目录成功'),(724,60,'CREATE_PUBLISH_EVENT','PRE_MASTER',1,''),(725,60,'GET_PUBLISH_SVN','PRE_MASTER',1,''),(726,60,'ANALYZE_PROJECT','PRE_MASTER',1,''),(727,60,'GET_SRC_SVN','PRE_MASTER',1,''),(728,60,'UPDATE_ETC','PRE_MASTER',1,''),(729,60,'CREATE_PUBLISH_DIR','PRE_MINION',1,'all models and sub targes success'),(730,60,'COPY_PUBLISH_OLD_ETC','PRE_MINION',1,''),(731,60,'COPY_PUBLISH_OLD_WAR','PRE_MINION',1,'success'),(732,60,'PUBLISH_NEW_ETC','PRE_MINION',1,'all models and sub targes success'),(733,60,'PUBLISH_NEW_WAR','PRE_MINION',1,'all models and sub targes success'),(734,60,'STOP_TOMCAT','PUBLISH_REAL',1,'all models and sub targes success'),(735,60,'CHANGE_LN','PUBLISH_REAL',1,'all models and sub targets success'),(736,60,'START_TOMCAT','PUBLISH_REAL',1,'all models and sub targes success'),(737,60,'STOP_TOMCAT','RESTART_TOMCAT',1,'all models and sub targes success'),(738,60,'START_TOMCAT','RESTART_TOMCAT',1,'all models and sub targes success'),(739,60,'CLEAN_HISTORY_DIR','SUCCESS_END',1,'all models and sub targes success'),(740,60,'UPDATE_SRC_SVN','SUCCESS_END',1,'EMPTY COMMIT'),(741,60,'CLEAN_PUBLISH_DIR','CLEAN_END',1,'清除发布目录成功'),(742,61,'CREATE_PUBLISH_EVENT','PRE_MASTER',1,''),(743,61,'GET_PUBLISH_SVN','PRE_MASTER',1,''),(744,61,'ANALYZE_PROJECT','PRE_MASTER',1,''),(745,61,'GET_SRC_SVN','PRE_MASTER',1,''),(746,61,'UPDATE_ETC','PRE_MASTER',1,''),(747,61,'CREATE_PUBLISH_DIR','PRE_MINION',1,'all models and sub targes success'),(748,61,'COPY_PUBLISH_OLD_ETC','PRE_MINION',1,''),(749,61,'COPY_PUBLISH_OLD_WAR','PRE_MINION',1,'success'),(750,61,'PUBLISH_NEW_ETC','PRE_MINION',1,'all models and sub targes success'),(751,61,'PUBLISH_NEW_WAR','PRE_MINION',1,'all models and sub targes success'),(752,61,'STOP_TOMCAT','PUBLISH_REAL',1,'all models and sub targes success'),(753,61,'CHANGE_LN','PUBLISH_REAL',1,'all models and sub targets success'),(754,61,'START_TOMCAT','PUBLISH_REAL',1,'all models and sub targes success'),(755,61,'STOP_TOMCAT','RESTART_TOMCAT',1,'all models and sub targes success'),(756,61,'START_TOMCAT','RESTART_TOMCAT',1,'all models and sub targes success'),(757,61,'CLEAN_HISTORY_DIR','SUCCESS_END',1,'all models and sub targes success'),(758,61,'UPDATE_SRC_SVN','SUCCESS_END',1,'EMPTY COMMIT'),(759,61,'CLEAN_PUBLISH_DIR','CLEAN_END',1,'清除发布目录成功'),(760,62,'CREATE_PUBLISH_EVENT','PRE_MASTER',1,''),(761,62,'GET_PUBLISH_SVN','PRE_MASTER',1,''),(762,62,'ANALYZE_PROJECT','PRE_MASTER',1,''),(763,62,'GET_SRC_SVN','PRE_MASTER',1,''),(764,62,'UPDATE_ETC','PRE_MASTER',1,''),(765,62,'CREATE_PUBLISH_DIR','PRE_MINION',1,'all models and sub targes success'),(766,62,'COPY_PUBLISH_OLD_ETC','PRE_MINION',1,''),(767,62,'COPY_PUBLISH_OLD_WAR','PRE_MINION',1,'success'),(768,62,'PUBLISH_NEW_ETC','PRE_MINION',1,'all models and sub targes success'),(769,62,'PUBLISH_NEW_WAR','PRE_MINION',1,'all models and sub targes success'),(770,62,'STOP_TOMCAT','PUBLISH_REAL',1,'all models and sub targes success'),(771,62,'CHANGE_LN','PUBLISH_REAL',1,'all models and sub targets success'),(772,62,'START_TOMCAT','PUBLISH_REAL',1,'all models and sub targes success'),(773,62,'STOP_TOMCAT','RESTART_TOMCAT',1,'all models and sub targes success'),(774,62,'START_TOMCAT','RESTART_TOMCAT',1,'all models and sub targes success'),(775,63,'CREATE_PUBLISH_EVENT','PRE_MASTER',1,''),(776,63,'GET_PUBLISH_SVN','PRE_MASTER',1,''),(777,62,'CLEAN_HISTORY_DIR','SUCCESS_END',1,'all models and sub targes success'),(778,62,'UPDATE_SRC_SVN','SUCCESS_END',1,'EMPTY COMMIT'),(779,62,'CLEAN_PUBLISH_DIR','CLEAN_END',1,'清除发布目录成功'),(780,63,'ANALYZE_PROJECT','PRE_MASTER',1,''),(781,63,'GET_SRC_SVN','PRE_MASTER',1,''),(782,63,'UPDATE_ETC','PRE_MASTER',1,''),(783,63,'CREATE_PUBLISH_DIR','PRE_MINION',1,'all models and sub targes success'),(784,63,'COPY_PUBLISH_OLD_ETC','PRE_MINION',1,''),(785,63,'COPY_PUBLISH_OLD_WAR','PRE_MINION',1,'success'),(786,63,'PUBLISH_NEW_ETC','PRE_MINION',1,'all models and sub targes success'),(787,63,'PUBLISH_NEW_WAR','PRE_MINION',1,'all models and sub targes success'),(788,63,'STOP_TOMCAT','PUBLISH_REAL',1,'all models and sub targes success'),(789,63,'CHANGE_LN','PUBLISH_REAL',1,'all models and sub targets success'),(790,63,'START_TOMCAT','PUBLISH_REAL',1,'all models and sub targes success'),(791,63,'STOP_TOMCAT','RESTART_TOMCAT',1,'all models and sub targes success'),(792,63,'START_TOMCAT','RESTART_TOMCAT',1,'all models and sub targes success'),(793,64,'CREATE_PUBLISH_EVENT','PRE_MASTER',1,''),(794,63,'CLEAN_HISTORY_DIR','SUCCESS_END',1,'all models and sub targes success'),(795,63,'UPDATE_SRC_SVN','SUCCESS_END',1,'EMPTY COMMIT'),(796,63,'CLEAN_PUBLISH_DIR','CLEAN_END',1,'清除发布目录成功'),(797,64,'GET_PUBLISH_SVN','PRE_MASTER',1,''),(798,64,'ANALYZE_PROJECT','PRE_MASTER',1,''),(799,64,'GET_SRC_SVN','PRE_MASTER',1,''),(800,64,'UPDATE_ETC','PRE_MASTER',1,''),(801,64,'CREATE_PUBLISH_DIR','PRE_MINION',1,'all models and sub targes success'),(802,64,'COPY_PUBLISH_OLD_ETC','PRE_MINION',1,''),(803,64,'COPY_PUBLISH_OLD_WAR','PRE_MINION',1,'success'),(804,64,'PUBLISH_NEW_ETC','PRE_MINION',1,'all models and sub targes success'),(805,64,'PUBLISH_NEW_WAR','PRE_MINION',1,'all models and sub targes success'),(806,64,'STOP_TOMCAT','PUBLISH_REAL',1,'all models and sub targes success'),(807,64,'CHANGE_LN','PUBLISH_REAL',1,'all models and sub targets success'),(808,64,'START_TOMCAT','PUBLISH_REAL',1,'all models and sub targes success'),(809,64,'STOP_TOMCAT','RESTART_TOMCAT',1,'all models and sub targes success'),(810,64,'START_TOMCAT','RESTART_TOMCAT',1,'all models and sub targes success'),(811,65,'CREATE_PUBLISH_EVENT','PRE_MASTER',1,''),(812,65,'GET_PUBLISH_SVN','PRE_MASTER',1,''),(813,65,'ANALYZE_PROJECT','PRE_MASTER',1,''),(814,65,'GET_SRC_SVN','PRE_MASTER',1,''),(815,65,'UPDATE_ETC','PRE_MASTER',1,''),(816,64,'CLEAN_HISTORY_DIR','SUCCESS_END',1,'all models and sub targes success'),(817,64,'UPDATE_SRC_SVN','SUCCESS_END',1,'EMPTY COMMIT'),(818,64,'CLEAN_PUBLISH_DIR','CLEAN_END',1,'清除发布目录成功'),(819,65,'CREATE_PUBLISH_DIR','PRE_MINION',1,'all models and sub targes success'),(820,65,'COPY_PUBLISH_OLD_ETC','PRE_MINION',1,''),(821,65,'COPY_PUBLISH_OLD_WAR','PRE_MINION',1,'success'),(822,65,'PUBLISH_NEW_ETC','PRE_MINION',1,'all models and sub targes success'),(823,65,'PUBLISH_NEW_WAR','PRE_MINION',1,'all models and sub targes success'),(824,65,'STOP_TOMCAT','PUBLISH_REAL',1,'all models and sub targes success'),(825,65,'CHANGE_LN','PUBLISH_REAL',1,'all models and sub targets success'),(826,65,'START_TOMCAT','PUBLISH_REAL',1,'all models and sub targes success'),(827,65,'STOP_TOMCAT','RESTART_TOMCAT',1,'all models and sub targes success'),(828,65,'START_TOMCAT','RESTART_TOMCAT',1,'all models and sub targes success'),(829,65,'STOP_TOMCAT','FAIL_END',1,'all models and sub targes success'),(830,65,'CHANGE_LN','FAIL_END',1,'all models and sub targets success'),(831,65,'START_TOMCAT','FAIL_END',1,'all models and sub targes success'),(832,65,'CLEAN_FAIL_DIR','FAIL_END',1,'all models and sub targes success'),(833,65,'CLEAN_PUBLISH_DIR','CLEAN_END',1,'清除发布目录成功'),(834,66,'CREATE_PUBLISH_EVENT','PRE_MASTER',1,''),(835,66,'GET_PUBLISH_SVN','PRE_MASTER',1,''),(836,66,'ANALYZE_PROJECT','PRE_MASTER',1,''),(837,66,'GET_SRC_SVN','PRE_MASTER',1,''),(838,66,'UPDATE_ETC','PRE_MASTER',1,''),(839,66,'CREATE_PUBLISH_DIR','PRE_MINION',1,'all models and sub targes success'),(840,66,'COPY_PUBLISH_OLD_ETC','PRE_MINION',1,''),(841,66,'COPY_PUBLISH_OLD_WAR','PRE_MINION',1,'success'),(842,66,'PUBLISH_NEW_ETC','PRE_MINION',1,'all models and sub targes success'),(843,66,'PUBLISH_NEW_WAR','PRE_MINION',1,'all models and sub targes success'),(844,66,'STOP_TOMCAT','PUBLISH_REAL',1,'all models and sub targes success'),(845,66,'CHANGE_LN','PUBLISH_REAL',1,'all models and sub targets success'),(846,66,'START_TOMCAT','PUBLISH_REAL',1,'all models and sub targes success'),(847,66,'STOP_TOMCAT','RESTART_TOMCAT',1,'all models and sub targes success'),(848,66,'START_TOMCAT','RESTART_TOMCAT',1,'all models and sub targes success'),(849,67,'CREATE_PUBLISH_EVENT','PRE_MASTER',1,''),(850,67,'GET_PUBLISH_SVN','PRE_MASTER',1,''),(851,67,'ANALYZE_PROJECT','PRE_MASTER',1,''),(852,67,'GET_SRC_SVN','PRE_MASTER',1,''),(853,67,'UPDATE_ETC','PRE_MASTER',1,''),(854,66,'CLEAN_HISTORY_DIR','SUCCESS_END',1,'all models and sub targes success'),(855,66,'UPDATE_SRC_SVN','SUCCESS_END',1,'EMPTY COMMIT'),(856,66,'CLEAN_PUBLISH_DIR','CLEAN_END',1,'清除发布目录成功'),(857,67,'CREATE_PUBLISH_DIR','PRE_MINION',1,'all models and sub targes success'),(858,67,'COPY_PUBLISH_OLD_ETC','PRE_MINION',1,''),(859,67,'COPY_PUBLISH_OLD_WAR','PRE_MINION',1,'success'),(860,67,'PUBLISH_NEW_ETC','PRE_MINION',1,'all models and sub targes success'),(861,67,'PUBLISH_NEW_WAR','PRE_MINION',1,'all models and sub targes success'),(862,67,'STOP_TOMCAT','PUBLISH_REAL',1,'all models and sub targes success'),(863,67,'CHANGE_LN','PUBLISH_REAL',1,'all models and sub targets success'),(864,67,'START_TOMCAT','PUBLISH_REAL',1,'all models and sub targes success'),(865,67,'CLEAN_HISTORY_DIR','SUCCESS_END',1,'all models and sub targes success'),(866,67,'UPDATE_SRC_SVN','SUCCESS_END',1,'EMPTY COMMIT'),(867,67,'CLEAN_PUBLISH_DIR','CLEAN_END',1,'清除发布目录成功'),(874,70,'CREATE_PUBLISH_EVENT','PRE_MASTER',1,''),(875,70,'GET_PUBLISH_SVN','PRE_MASTER',1,''),(876,70,'ANALYZE_PROJECT','PRE_MASTER',1,''),(877,70,'GET_SRC_SVN','PRE_MASTER',1,''),(878,70,'UPDATE_ETC','PRE_MASTER',1,''),(879,70,'CREATE_PUBLISH_DIR','PRE_MINION',1,'all models and sub targes success'),(880,70,'COPY_PUBLISH_OLD_ETC','PRE_MINION',1,''),(881,70,'COPY_PUBLISH_OLD_WAR','PRE_MINION',1,'success'),(882,70,'PUBLISH_NEW_ETC','PRE_MINION',1,'all models and sub targes success'),(883,70,'PUBLISH_NEW_WAR','PRE_MINION',1,'all models and sub targes success'),(884,70,'STOP_TOMCAT','PUBLISH_REAL',1,'all models and sub targes success'),(885,70,'CHANGE_LN','PUBLISH_REAL',1,'all models and sub targets success'),(886,70,'START_TOMCAT','PUBLISH_REAL',1,'all models and sub targes success'),(887,70,'CLEAN_HISTORY_DIR','SUCCESS_END',1,'all models and sub targes success'),(888,70,'UPDATE_SRC_SVN','SUCCESS_END',1,'r24 by \'superman\' at Wed Dec 30 12:16:58 CST 2015'),(889,70,'CLEAN_PUBLISH_DIR','CLEAN_END',1,'清除发布目录成功'),(890,71,'CREATE_PUBLISH_EVENT','PRE_MASTER',1,''),(891,71,'GET_PUBLISH_SVN','PRE_MASTER',1,''),(892,71,'ANALYZE_PROJECT','PRE_MASTER',1,''),(893,71,'GET_SRC_SVN','PRE_MASTER',1,''),(894,71,'UPDATE_ETC','PRE_MASTER',1,''),(895,71,'CREATE_PUBLISH_DIR','PRE_MINION',1,'all models and sub targes success'),(896,71,'COPY_PUBLISH_OLD_ETC','PRE_MINION',1,''),(897,71,'COPY_PUBLISH_OLD_WAR','PRE_MINION',1,'success'),(898,71,'PUBLISH_NEW_ETC','PRE_MINION',1,'all models and sub targes success'),(899,71,'PUBLISH_NEW_WAR','PRE_MINION',1,'all models and sub targes success'),(900,71,'STOP_TOMCAT','PUBLISH_REAL',1,'all models and sub targes success'),(901,71,'CHANGE_LN','PUBLISH_REAL',1,'all models and sub targets success'),(902,71,'START_TOMCAT','PUBLISH_REAL',1,'all models and sub targes success'),(903,71,'CLEAN_HISTORY_DIR','SUCCESS_END',1,'all models and sub targes success'),(904,71,'UPDATE_SRC_SVN','SUCCESS_END',1,'r25 by \'superman\' at Wed Dec 30 13:36:23 CST 2015'),(905,71,'CLEAN_PUBLISH_DIR','CLEAN_END',1,'清除发布目录成功'),(906,72,'CREATE_PUBLISH_EVENT','PRE_MASTER',1,''),(907,72,'GET_PUBLISH_SVN','PRE_MASTER',1,''),(908,72,'ANALYZE_PROJECT','PRE_MASTER',1,''),(909,72,'GET_SRC_SVN','PRE_MASTER',1,''),(910,72,'UPDATE_ETC','PRE_MASTER',1,''),(911,72,'CREATE_PUBLISH_DIR','PRE_MINION',1,'all models and sub targes success'),(912,72,'COPY_PUBLISH_OLD_ETC','PRE_MINION',1,''),(913,72,'COPY_PUBLISH_OLD_WAR','PRE_MINION',1,'success'),(914,72,'PUBLISH_NEW_ETC','PRE_MINION',1,'all models and sub targes success'),(915,72,'PUBLISH_NEW_WAR','PRE_MINION',1,'all models and sub targes success'),(916,72,'STOP_TOMCAT','PUBLISH_REAL',1,'all models and sub targes success'),(917,72,'CHANGE_LN','PUBLISH_REAL',1,'all models and sub targets success'),(918,72,'START_TOMCAT','PUBLISH_REAL',1,'all models and sub targes success'),(919,72,'CLEAN_HISTORY_DIR','SUCCESS_END',1,'all models and sub targes success'),(920,72,'UPDATE_SRC_SVN','SUCCESS_END',1,'EMPTY COMMIT'),(921,72,'CLEAN_PUBLISH_DIR','CLEAN_END',1,'清除发布目录成功'),(922,73,'CREATE_PUBLISH_EVENT','PRE_MASTER',1,''),(923,73,'GET_PUBLISH_SVN','PRE_MASTER',1,''),(924,73,'ANALYZE_PROJECT','PRE_MASTER',1,''),(925,73,'GET_SRC_SVN','PRE_MASTER',1,''),(926,73,'UPDATE_ETC','PRE_MASTER',1,''),(927,73,'CREATE_PUBLISH_DIR','PRE_MINION',1,'all models and sub targes success'),(928,73,'COPY_PUBLISH_OLD_ETC','PRE_MINION',1,''),(929,73,'COPY_PUBLISH_OLD_WAR','PRE_MINION',1,'success'),(930,73,'PUBLISH_NEW_ETC','PRE_MINION',1,'all models and sub targes success'),(931,73,'PUBLISH_NEW_WAR','PRE_MINION',1,'all models and sub targes success'),(932,73,'STOP_TOMCAT','PUBLISH_REAL',1,'all models and sub targes success'),(933,73,'CHANGE_LN','PUBLISH_REAL',1,'all models and sub targets success'),(934,73,'START_TOMCAT','PUBLISH_REAL',1,'all models and sub targes success'),(935,73,'CLEAN_HISTORY_DIR','SUCCESS_END',1,'all models and sub targes success'),(936,73,'UPDATE_SRC_SVN','SUCCESS_END',1,'r26 by \'superman\' at Wed Dec 30 17:13:33 CST 2015'),(937,73,'CLEAN_PUBLISH_DIR','CLEAN_END',1,'清除发布目录成功'),(938,74,'CREATE_PUBLISH_EVENT','PRE_MASTER',1,''),(939,74,'GET_PUBLISH_SVN','PRE_MASTER',1,''),(940,74,'ANALYZE_PROJECT','PRE_MASTER',1,''),(941,74,'GET_SRC_SVN','PRE_MASTER',1,''),(942,74,'UPDATE_ETC','PRE_MASTER',1,''),(943,74,'CREATE_PUBLISH_DIR','PRE_MINION',1,'all models and sub targes success'),(944,74,'COPY_PUBLISH_OLD_ETC','PRE_MINION',1,''),(945,74,'COPY_PUBLISH_OLD_WAR','PRE_MINION',1,'success'),(946,74,'PUBLISH_NEW_ETC','PRE_MINION',1,'all models and sub targes success'),(947,74,'PUBLISH_NEW_WAR','PRE_MINION',1,'all models and sub targes success'),(948,74,'STOP_TOMCAT','PUBLISH_REAL',1,'all models and sub targes success'),(949,74,'CHANGE_LN','PUBLISH_REAL',1,'all models and sub targets success'),(950,74,'START_TOMCAT','PUBLISH_REAL',1,'all models and sub targes success'),(951,74,'CLEAN_HISTORY_DIR','SUCCESS_END',1,'all models and sub targes success'),(952,74,'UPDATE_SRC_SVN','SUCCESS_END',1,'r27 by \'superman\' at Wed Dec 30 17:53:02 CST 2015'),(953,74,'CLEAN_PUBLISH_DIR','CLEAN_END',1,'清除发布目录成功'),(954,75,'CREATE_PUBLISH_EVENT','PRE_MASTER',1,''),(955,75,'GET_PUBLISH_SVN','PRE_MASTER',1,''),(956,75,'ANALYZE_PROJECT','PRE_MASTER',1,''),(957,75,'GET_SRC_SVN','PRE_MASTER',1,''),(958,75,'UPDATE_ETC','PRE_MASTER',1,''),(959,75,'CREATE_PUBLISH_DIR','PRE_MINION',1,'all models and sub targes success'),(960,75,'COPY_PUBLISH_OLD_ETC','PRE_MINION',1,''),(961,75,'COPY_PUBLISH_OLD_WAR','PRE_MINION',1,'success'),(962,75,'PUBLISH_NEW_ETC','PRE_MINION',1,'all models and sub targes success'),(963,75,'PUBLISH_NEW_WAR','PRE_MINION',1,'all models and sub targes success'),(964,75,'STOP_TOMCAT','PUBLISH_REAL',1,'all models and sub targes success'),(965,75,'CHANGE_LN','PUBLISH_REAL',1,'all models and sub targets success'),(966,75,'START_TOMCAT','PUBLISH_REAL',1,'all models and sub targes success'),(967,75,'CLEAN_HISTORY_DIR','SUCCESS_END',1,'all models and sub targes success'),(968,75,'UPDATE_SRC_SVN','SUCCESS_END',1,'EMPTY COMMIT'),(969,75,'CLEAN_PUBLISH_DIR','CLEAN_END',1,'清除发布目录成功'),(970,76,'CREATE_PUBLISH_EVENT','PRE_MASTER',1,''),(971,76,'GET_PUBLISH_SVN','PRE_MASTER',1,''),(972,76,'ANALYZE_PROJECT','PRE_MASTER',1,''),(973,76,'GET_SRC_SVN','PRE_MASTER',1,''),(974,76,'UPDATE_ETC','PRE_MASTER',1,''),(975,76,'CREATE_PUBLISH_DIR','PRE_MINION',1,'all models and sub targes success'),(976,76,'COPY_PUBLISH_OLD_ETC','PRE_MINION',1,''),(977,76,'COPY_PUBLISH_OLD_WAR','PRE_MINION',1,'success'),(978,76,'PUBLISH_NEW_ETC','PRE_MINION',1,'all models and sub targes success'),(979,76,'PUBLISH_NEW_WAR','PRE_MINION',1,'all models and sub targes success'),(980,76,'STOP_TOMCAT','PUBLISH_REAL',1,'all models and sub targes success'),(981,76,'CHANGE_LN','PUBLISH_REAL',1,'all models and sub targets success'),(982,76,'START_TOMCAT','PUBLISH_REAL',1,'all models and sub targes success'),(983,76,'CLEAN_HISTORY_DIR','SUCCESS_END',1,'all models and sub targes success'),(984,76,'UPDATE_SRC_SVN','SUCCESS_END',1,'EMPTY COMMIT'),(985,76,'CLEAN_PUBLISH_DIR','CLEAN_END',1,'清除发布目录成功'),(986,77,'CREATE_PUBLISH_EVENT','PRE_MASTER',1,''),(987,77,'GET_PUBLISH_SVN','PRE_MASTER',1,''),(988,77,'ANALYZE_PROJECT','PRE_MASTER',1,''),(989,77,'GET_SRC_SVN','PRE_MASTER',1,''),(990,77,'UPDATE_ETC','PRE_MASTER',1,''),(991,77,'CREATE_PUBLISH_DIR','PRE_MINION',1,'all models and sub targes success'),(992,77,'COPY_PUBLISH_OLD_ETC','PRE_MINION',1,''),(993,77,'COPY_PUBLISH_OLD_WAR','PRE_MINION',1,'success'),(994,77,'PUBLISH_NEW_ETC','PRE_MINION',1,'all models and sub targes success'),(995,77,'PUBLISH_NEW_WAR','PRE_MINION',1,'all models and sub targes success'),(996,77,'STOP_TOMCAT','PUBLISH_REAL',1,'all models and sub targes success'),(997,77,'CHANGE_LN','PUBLISH_REAL',1,'all models and sub targets success'),(998,77,'START_TOMCAT','PUBLISH_REAL',1,'all models and sub targes success'),(999,77,'CLEAN_HISTORY_DIR','SUCCESS_END',1,'all models and sub targes success'),(1000,77,'UPDATE_SRC_SVN','SUCCESS_END',1,'EMPTY COMMIT'),(1001,77,'CLEAN_PUBLISH_DIR','CLEAN_END',0,'清除发布目录失败：/home/saas/deploy_tmp/stage.p.20151231.105442'),(1002,77,'STOP_TOMCAT','RESTART_TOMCAT',1,'all models and sub targes success'),(1003,77,'START_TOMCAT','RESTART_TOMCAT',1,'all models and sub targes success'),(1004,78,'CREATE_PUBLISH_EVENT','PRE_MASTER',1,''),(1005,78,'GET_PUBLISH_SVN','PRE_MASTER',1,''),(1006,78,'ANALYZE_PROJECT','PRE_MASTER',1,''),(1007,78,'GET_SRC_SVN','PRE_MASTER',1,''),(1008,78,'UPDATE_ETC','PRE_MASTER',1,''),(1009,78,'CREATE_PUBLISH_DIR','PRE_MINION',1,'all models and sub targes success'),(1010,78,'COPY_PUBLISH_OLD_ETC','PRE_MINION',1,''),(1011,78,'COPY_PUBLISH_OLD_WAR','PRE_MINION',1,'success'),(1012,78,'PUBLISH_NEW_ETC','PRE_MINION',1,'all models and sub targes success'),(1013,78,'PUBLISH_NEW_WAR','PRE_MINION',1,'all models and sub targes success'),(1014,78,'STOP_TOMCAT','PUBLISH_REAL',1,'all models and sub targes success'),(1015,78,'CHANGE_LN','PUBLISH_REAL',1,'all models and sub targets success'),(1016,78,'START_TOMCAT','PUBLISH_REAL',1,'all models and sub targes success'),(1017,78,'CLEAN_HISTORY_DIR','SUCCESS_END',1,'all models and sub targes success'),(1018,78,'UPDATE_SRC_SVN','SUCCESS_END',1,'r29 by \'superman\' at Thu Dec 31 11:53:37 CST 2015'),(1019,78,'CLEAN_PUBLISH_DIR','CLEAN_END',1,'清除发布目录成功'),(1020,77,'STOP_TOMCAT','FAIL_END',1,'all models and sub targes success'),(1021,77,'CHANGE_LN','FAIL_END',1,'all models and sub targets success'),(1022,77,'START_TOMCAT','FAIL_END',1,'all models and sub targes success'),(1023,77,'CLEAN_FAIL_DIR','FAIL_END',1,'all models and sub targes success'),(1024,79,'CREATE_PUBLISH_EVENT','PRE_MASTER',1,''),(1025,79,'GET_PUBLISH_SVN','PRE_MASTER',1,''),(1026,79,'ANALYZE_PROJECT','PRE_MASTER',1,''),(1027,79,'GET_SRC_SVN','PRE_MASTER',1,''),(1028,79,'UPDATE_ETC','PRE_MASTER',1,''),(1029,79,'CREATE_PUBLISH_DIR','PRE_MINION',1,'all models and sub targes success'),(1030,79,'COPY_PUBLISH_OLD_ETC','PRE_MINION',1,''),(1031,79,'COPY_PUBLISH_OLD_WAR','PRE_MINION',1,'success'),(1032,79,'PUBLISH_NEW_ETC','PRE_MINION',1,'all models and sub targes success'),(1033,79,'PUBLISH_NEW_WAR','PRE_MINION',1,'all models and sub targes success'),(1034,79,'STOP_TOMCAT','PUBLISH_REAL',1,'all models and sub targes success'),(1035,79,'CHANGE_LN','PUBLISH_REAL',1,'all models and sub targets success'),(1036,79,'START_TOMCAT','PUBLISH_REAL',1,'all models and sub targes success'),(1037,79,'STOP_TOMCAT','RESTART_TOMCAT',1,'all models and sub targes success'),(1038,79,'START_TOMCAT','RESTART_TOMCAT',1,'all models and sub targes success'),(1039,79,'STOP_TOMCAT','FAIL_END',1,'all models and sub targes success'),(1040,79,'CHANGE_LN','FAIL_END',1,'all models and sub targets success'),(1041,79,'START_TOMCAT','FAIL_END',1,'all models and sub targes success'),(1042,79,'CLEAN_FAIL_DIR','FAIL_END',1,'all models and sub targes success'),(1043,79,'CLEAN_PUBLISH_DIR','CLEAN_END',1,'清除发布目录成功'),(1044,80,'CREATE_PUBLISH_EVENT','PRE_MASTER',1,''),(1045,80,'GET_PUBLISH_SVN','PRE_MASTER',1,''),(1046,80,'ANALYZE_PROJECT','PRE_MASTER',1,''),(1047,80,'GET_SRC_SVN','PRE_MASTER',1,''),(1048,80,'UPDATE_ETC','PRE_MASTER',1,''),(1049,80,'CREATE_PUBLISH_DIR','PRE_MINION',1,'all models and sub targes success'),(1050,80,'COPY_PUBLISH_OLD_ETC','PRE_MINION',1,''),(1051,80,'COPY_PUBLISH_OLD_WAR','PRE_MINION',1,'success'),(1052,80,'PUBLISH_NEW_ETC','PRE_MINION',1,'all models and sub targes success'),(1053,80,'PUBLISH_NEW_WAR','PRE_MINION',1,'all models and sub targes success'),(1054,80,'STOP_TOMCAT','PUBLISH_REAL',1,'all models and sub targes success'),(1055,80,'CHANGE_LN','PUBLISH_REAL',1,'all models and sub targets success'),(1056,80,'START_TOMCAT','PUBLISH_REAL',1,'all models and sub targes success'),(1057,80,'STOP_TOMCAT','RESTART_TOMCAT',1,'all models and sub targes success'),(1058,80,'START_TOMCAT','RESTART_TOMCAT',1,'all models and sub targes success'),(1059,81,'CREATE_PUBLISH_EVENT','PRE_MASTER',1,''),(1060,81,'GET_PUBLISH_SVN','PRE_MASTER',1,''),(1061,81,'ANALYZE_PROJECT','PRE_MASTER',1,''),(1062,81,'GET_SRC_SVN','PRE_MASTER',1,''),(1063,81,'UPDATE_ETC','PRE_MASTER',1,''),(1064,81,'CREATE_PUBLISH_DIR','PRE_MINION',1,'all models and sub targes success'),(1065,81,'COPY_PUBLISH_OLD_ETC','PRE_MINION',1,''),(1066,81,'COPY_PUBLISH_OLD_WAR','PRE_MINION',1,'success'),(1067,81,'PUBLISH_NEW_ETC','PRE_MINION',1,'all models and sub targes success'),(1068,81,'PUBLISH_NEW_WAR','PRE_MINION',1,'all models and sub targes success'),(1069,81,'STOP_TOMCAT','PUBLISH_REAL',1,'all models and sub targes success'),(1070,81,'CHANGE_LN','PUBLISH_REAL',1,'all models and sub targets success'),(1071,81,'START_TOMCAT','PUBLISH_REAL',1,'all models and sub targes success'),(1072,81,'CLEAN_HISTORY_DIR','SUCCESS_END',1,'all models and sub targes success'),(1073,81,'UPDATE_SRC_SVN','SUCCESS_END',1,'r30 by \'superman\' at Thu Dec 31 16:28:41 CST 2015'),(1074,81,'CLEAN_PUBLISH_DIR','CLEAN_END',1,'清除发布目录成功'),(1075,82,'CREATE_PUBLISH_EVENT','PRE_MASTER',1,''),(1076,82,'GET_PUBLISH_SVN','PRE_MASTER',1,''),(1077,82,'ANALYZE_PROJECT','PRE_MASTER',1,''),(1078,82,'GET_SRC_SVN','PRE_MASTER',1,''),(1079,82,'UPDATE_ETC','PRE_MASTER',1,''),(1080,80,'CLEAN_HISTORY_DIR','SUCCESS_END',1,'all models and sub targes success'),(1081,80,'UPDATE_SRC_SVN','SUCCESS_END',1,'EMPTY COMMIT'),(1082,80,'CLEAN_PUBLISH_DIR','CLEAN_END',0,'清除发布目录失败：/home/saas/deploy_tmp/stage.p.20151231.151726'),(1083,82,'CREATE_PUBLISH_DIR','PRE_MINION',1,'all models and sub targes success'),(1084,82,'COPY_PUBLISH_OLD_ETC','PRE_MINION',1,''),(1085,82,'COPY_PUBLISH_OLD_WAR','PRE_MINION',1,'success'),(1086,82,'PUBLISH_NEW_ETC','PRE_MINION',1,'all models and sub targes success'),(1087,82,'PUBLISH_NEW_WAR','PRE_MINION',1,'all models and sub targes success'),(1088,82,'STOP_TOMCAT','PUBLISH_REAL',1,'all models and sub targes success'),(1089,82,'CHANGE_LN','PUBLISH_REAL',1,'all models and sub targets success'),(1090,82,'START_TOMCAT','PUBLISH_REAL',1,'all models and sub targes success'),(1091,82,'STOP_TOMCAT','RESTART_TOMCAT',1,'all models and sub targes success'),(1092,82,'START_TOMCAT','RESTART_TOMCAT',1,'all models and sub targes success'),(1093,82,'CLEAN_HISTORY_DIR','SUCCESS_END',1,'all models and sub targes success'),(1094,82,'UPDATE_SRC_SVN','SUCCESS_END',1,'EMPTY COMMIT'),(1095,82,'CLEAN_PUBLISH_DIR','CLEAN_END',0,'清除发布目录失败：/home/saas/deploy_tmp/stage.p.20151231.182203'),(1096,80,'STOP_TOMCAT','FAIL_END',1,'all models and sub targes success'),(1097,80,'CHANGE_LN','FAIL_END',1,'all models and sub targets success'),(1098,80,'START_TOMCAT','FAIL_END',1,'all models and sub targes success'),(1099,80,'CLEAN_FAIL_DIR','FAIL_END',1,'all models and sub targes success'),(1100,82,'STOP_TOMCAT','FAIL_END',1,'all models and sub targes success'),(1101,82,'CHANGE_LN','FAIL_END',1,'all models and sub targets success'),(1102,82,'START_TOMCAT','FAIL_END',1,'all models and sub targes success'),(1103,82,'CLEAN_FAIL_DIR','FAIL_END',1,'all models and sub targes success'),(1104,83,'CREATE_PUBLISH_EVENT','PRE_MASTER',1,''),(1105,83,'GET_PUBLISH_SVN','PRE_MASTER',1,''),(1106,83,'ANALYZE_PROJECT','PRE_MASTER',1,''),(1107,83,'GET_SRC_SVN','PRE_MASTER',1,''),(1108,83,'UPDATE_ETC','PRE_MASTER',1,''),(1109,83,'CREATE_PUBLISH_DIR','PRE_MINION',1,'all models and sub targes success'),(1110,83,'COPY_PUBLISH_OLD_ETC','PRE_MINION',1,''),(1111,83,'COPY_PUBLISH_OLD_WAR','PRE_MINION',1,'success'),(1112,83,'PUBLISH_NEW_ETC','PRE_MINION',1,'all models and sub targes success'),(1113,83,'PUBLISH_NEW_WAR','PRE_MINION',1,'all models and sub targes success'),(1114,83,'STOP_TOMCAT','PUBLISH_REAL',1,'all models and sub targes success'),(1115,83,'CHANGE_LN','PUBLISH_REAL',1,'all models and sub targets success'),(1116,83,'START_TOMCAT','PUBLISH_REAL',1,'all models and sub targes success'),(1117,83,'STOP_TOMCAT','RESTART_TOMCAT',1,'all models and sub targes success'),(1118,83,'START_TOMCAT','RESTART_TOMCAT',1,'all models and sub targes success'),(1119,83,'CLEAN_HISTORY_DIR','SUCCESS_END',1,'all models and sub targes success'),(1120,83,'UPDATE_SRC_SVN','SUCCESS_END',1,'EMPTY COMMIT'),(1121,83,'CLEAN_PUBLISH_DIR','CLEAN_END',0,'清除发布目录失败：/home/saas/deploy_tmp/stage.p.20160104.205427'),(1122,83,'STOP_TOMCAT','FAIL_END',1,'all models and sub targes success'),(1123,83,'CHANGE_LN','FAIL_END',1,'all models and sub targets success'),(1124,83,'START_TOMCAT','FAIL_END',1,'all models and sub targes success'),(1125,83,'CLEAN_FAIL_DIR','FAIL_END',1,'all models and sub targes success'),(1126,84,'CREATE_PUBLISH_EVENT','PRE_MASTER',1,''),(1127,84,'GET_PUBLISH_SVN','PRE_MASTER',1,''),(1128,84,'ANALYZE_PROJECT','PRE_MASTER',1,''),(1129,84,'GET_SRC_SVN','PRE_MASTER',1,''),(1130,84,'UPDATE_ETC','PRE_MASTER',1,''),(1131,84,'CREATE_PUBLISH_DIR','PRE_MINION',1,'all models and sub targes success'),(1132,84,'COPY_PUBLISH_OLD_ETC','PRE_MINION',1,''),(1133,84,'COPY_PUBLISH_OLD_WAR','PRE_MINION',1,'success'),(1134,84,'PUBLISH_NEW_ETC','PRE_MINION',1,'all models and sub targes success'),(1135,84,'PUBLISH_NEW_WAR','PRE_MINION',1,'all models and sub targes success'),(1136,84,'STOP_TOMCAT','PUBLISH_REAL',1,'all models and sub targes success'),(1137,84,'CHANGE_LN','PUBLISH_REAL',1,'all models and sub targets success'),(1138,84,'START_TOMCAT','PUBLISH_REAL',1,'all models and sub targes success'),(1139,84,'STOP_TOMCAT','RESTART_TOMCAT',1,'all models and sub targes success'),(1140,84,'START_TOMCAT','RESTART_TOMCAT',1,'all models and sub targes success'),(1141,84,'CLEAN_HISTORY_DIR','SUCCESS_END',1,'all models and sub targes success'),(1142,84,'UPDATE_SRC_SVN','SUCCESS_END',1,'EMPTY COMMIT'),(1143,84,'CLEAN_PUBLISH_DIR','CLEAN_END',1,'清除发布目录成功'),(1144,85,'CREATE_PUBLISH_EVENT','PRE_MASTER',1,''),(1145,85,'GET_PUBLISH_SVN','PRE_MASTER',1,''),(1146,85,'ANALYZE_PROJECT','PRE_MASTER',1,''),(1147,85,'GET_SRC_SVN','PRE_MASTER',1,''),(1148,85,'UPDATE_ETC','PRE_MASTER',1,''),(1149,85,'CREATE_PUBLISH_DIR','PRE_MINION',1,'all models and sub targes success'),(1150,85,'COPY_PUBLISH_OLD_ETC','PRE_MINION',1,''),(1151,85,'COPY_PUBLISH_OLD_WAR','PRE_MINION',1,'success'),(1152,85,'PUBLISH_NEW_ETC','PRE_MINION',1,'all models and sub targes success'),(1153,85,'PUBLISH_NEW_WAR','PRE_MINION',1,'all models and sub targes success'),(1154,85,'STOP_TOMCAT','PUBLISH_REAL',1,'all models and sub targes success'),(1155,85,'CHANGE_LN','PUBLISH_REAL',1,'all models and sub targets success'),(1156,85,'START_TOMCAT','PUBLISH_REAL',1,'all models and sub targes success'),(1157,85,'STOP_TOMCAT','RESTART_TOMCAT',1,'all models and sub targes success'),(1158,85,'START_TOMCAT','RESTART_TOMCAT',1,'all models and sub targes success'),(1159,86,'CREATE_PUBLISH_EVENT','PRE_MASTER',1,''),(1160,86,'GET_PUBLISH_SVN','PRE_MASTER',1,''),(1161,86,'ANALYZE_PROJECT','PRE_MASTER',1,''),(1162,86,'GET_SRC_SVN','PRE_MASTER',1,''),(1163,86,'UPDATE_ETC','PRE_MASTER',1,''),(1164,87,'CREATE_PUBLISH_EVENT','PRE_MASTER',1,''),(1169,86,'CLEAN_FAIL_DIR','CANCEL_END',1,'all models and sub targes success'),(1170,86,'CLEAN_PUBLISH_DIR','CLEAN_END',0,'清除发布目录失败：/home/saas/deploy_tmp/stage.p.20160104.233813'),(1171,87,'GET_PUBLISH_SVN','PRE_MASTER',1,''),(1172,87,'ANALYZE_PROJECT','PRE_MASTER',1,''),(1173,87,'GET_SRC_SVN','PRE_MASTER',1,''),(1174,87,'UPDATE_ETC','PRE_MASTER',1,''),(1175,87,'CLEAN_FAIL_DIR','CANCEL_END',1,'all models and sub targes success'),(1176,87,'CLEAN_PUBLISH_DIR','CLEAN_END',1,'清除发布目录成功'),(1177,85,'STOP_TOMCAT','FAIL_END',1,'all models and sub targes success'),(1178,85,'CHANGE_LN','FAIL_END',1,'all models and sub targets success'),(1179,85,'START_TOMCAT','FAIL_END',1,'all models and sub targes success'),(1180,85,'CLEAN_FAIL_DIR','FAIL_END',1,'all models and sub targes success'),(1181,85,'CLEAN_PUBLISH_DIR','CLEAN_END',1,'清除发布目录成功'),(1182,87,'STOP_TOMCAT','RESTART_TOMCAT',1,'all models and sub targes success'),(1183,87,'START_TOMCAT','RESTART_TOMCAT',1,'all models and sub targes success'),(1184,88,'CREATE_PUBLISH_EVENT','PRE_MASTER',1,''),(1185,88,'GET_PUBLISH_SVN','PRE_MASTER',1,''),(1186,88,'ANALYZE_PROJECT','PRE_MASTER',1,''),(1187,88,'GET_SRC_SVN','PRE_MASTER',1,''),(1188,88,'UPDATE_ETC','PRE_MASTER',1,''),(1189,88,'CREATE_PUBLISH_DIR','PRE_MINION',1,'all models and sub targes success'),(1190,88,'COPY_PUBLISH_OLD_ETC','PRE_MINION',1,''),(1191,88,'COPY_PUBLISH_OLD_WAR','PRE_MINION',1,'success'),(1192,88,'PUBLISH_NEW_ETC','PRE_MINION',1,'all models and sub targes success'),(1193,88,'PUBLISH_NEW_WAR','PRE_MINION',1,'all models and sub targes success'),(1194,88,'STOP_TOMCAT','PUBLISH_REAL',1,'all models and sub targes success'),(1195,88,'CHANGE_LN','PUBLISH_REAL',1,'all models and sub targets success'),(1196,88,'START_TOMCAT','PUBLISH_REAL',1,'all models and sub targes success'),(1197,88,'CLEAN_HISTORY_DIR','SUCCESS_END',1,'all models and sub targes success'),(1198,88,'UPDATE_SRC_SVN','SUCCESS_END',1,'EMPTY COMMIT'),(1199,88,'CLEAN_PUBLISH_DIR','CLEAN_END',1,'清除发布目录成功'),(1200,89,'CREATE_PUBLISH_EVENT','PRE_MASTER',1,''),(1201,89,'GET_PUBLISH_SVN','PRE_MASTER',1,''),(1202,89,'ANALYZE_PROJECT','PRE_MASTER',1,''),(1203,89,'GET_SRC_SVN','PRE_MASTER',1,''),(1204,89,'UPDATE_ETC','PRE_MASTER',1,''),(1205,89,'CREATE_PUBLISH_DIR','PRE_MINION',1,'all models and sub targes success'),(1206,89,'COPY_PUBLISH_OLD_ETC','PRE_MINION',1,''),(1207,89,'COPY_PUBLISH_OLD_WAR','PRE_MINION',1,'success'),(1208,89,'PUBLISH_NEW_ETC','PRE_MINION',1,'all models and sub targes success'),(1209,89,'PUBLISH_NEW_WAR','PRE_MINION',1,'all models and sub targes success'),(1210,89,'STOP_TOMCAT','PUBLISH_REAL',1,'all models and sub targes success'),(1211,89,'CHANGE_LN','PUBLISH_REAL',1,'all models and sub targets success'),(1212,89,'START_TOMCAT','PUBLISH_REAL',1,'all models and sub targes success'),(1213,89,'CLEAN_HISTORY_DIR','SUCCESS_END',1,'all models and sub targes success'),(1214,89,'UPDATE_SRC_SVN','SUCCESS_END',1,'r32 by \'superman\' at Wed Jan 06 15:06:42 CST 2016'),(1215,89,'CLEAN_PUBLISH_DIR','CLEAN_END',1,'清除发布目录成功'),(1216,90,'CREATE_PUBLISH_EVENT','PRE_MASTER',1,''),(1217,90,'GET_PUBLISH_SVN','PRE_MASTER',1,''),(1218,90,'ANALYZE_PROJECT','PRE_MASTER',1,''),(1219,90,'GET_SRC_SVN','PRE_MASTER',1,''),(1220,90,'UPDATE_ETC','PRE_MASTER',1,''),(1221,90,'CREATE_PUBLISH_DIR','PRE_MINION',1,'all models and sub targes success'),(1222,90,'COPY_PUBLISH_OLD_ETC','PRE_MINION',1,''),(1223,90,'COPY_PUBLISH_OLD_WAR','PRE_MINION',1,'success'),(1224,90,'PUBLISH_NEW_ETC','PRE_MINION',1,'all models and sub targes success'),(1225,90,'PUBLISH_NEW_WAR','PRE_MINION',1,'all models and sub targes success'),(1226,90,'STOP_TOMCAT','PUBLISH_REAL',1,'all models and sub targes success'),(1227,90,'CHANGE_LN','PUBLISH_REAL',1,'all models and sub targets success'),(1228,90,'START_TOMCAT','PUBLISH_REAL',1,'all models and sub targes success'),(1229,90,'CLEAN_HISTORY_DIR','SUCCESS_END',1,'all models and sub targes success'),(1230,90,'UPDATE_SRC_SVN','SUCCESS_END',1,'r33 by \'superman\' at Wed Jan 06 15:18:46 CST 2016'),(1231,90,'CLEAN_PUBLISH_DIR','CLEAN_END',1,'清除发布目录成功'),(1232,91,'CREATE_PUBLISH_EVENT','PRE_MASTER',1,''),(1233,91,'GET_PUBLISH_SVN','PRE_MASTER',1,''),(1234,91,'ANALYZE_PROJECT','PRE_MASTER',1,''),(1235,91,'GET_SRC_SVN','PRE_MASTER',1,''),(1236,91,'UPDATE_ETC','PRE_MASTER',1,''),(1237,91,'CREATE_PUBLISH_DIR','PRE_MINION',1,'all models and sub targes success'),(1238,91,'COPY_PUBLISH_OLD_ETC','PRE_MINION',1,''),(1239,91,'COPY_PUBLISH_OLD_WAR','PRE_MINION',1,'success'),(1240,91,'PUBLISH_NEW_ETC','PRE_MINION',1,'all models and sub targes success'),(1241,91,'PUBLISH_NEW_WAR','PRE_MINION',1,'all models and sub targes success'),(1242,91,'STOP_TOMCAT','PUBLISH_REAL',1,'all models and sub targes success'),(1243,91,'CHANGE_LN','PUBLISH_REAL',1,'all models and sub targets success'),(1244,91,'START_TOMCAT','PUBLISH_REAL',1,'all models and sub targes success'),(1245,91,'CLEAN_HISTORY_DIR','SUCCESS_END',1,'all models and sub targes success'),(1246,91,'UPDATE_SRC_SVN','SUCCESS_END',1,'EMPTY COMMIT'),(1247,91,'CLEAN_PUBLISH_DIR','CLEAN_END',1,'清除发布目录成功'),(1248,92,'CREATE_PUBLISH_EVENT','PRE_MASTER',1,''),(1249,92,'GET_PUBLISH_SVN','PRE_MASTER',1,''),(1250,92,'ANALYZE_PROJECT','PRE_MASTER',1,''),(1251,92,'GET_SRC_SVN','PRE_MASTER',1,''),(1252,92,'UPDATE_ETC','PRE_MASTER',1,''),(1253,92,'CREATE_PUBLISH_DIR','PRE_MINION',1,'all models and sub targes success'),(1254,92,'COPY_PUBLISH_OLD_ETC','PRE_MINION',1,''),(1255,92,'COPY_PUBLISH_OLD_WAR','PRE_MINION',1,'success'),(1256,92,'PUBLISH_NEW_ETC','PRE_MINION',1,'all models and sub targes success'),(1257,92,'PUBLISH_NEW_WAR','PRE_MINION',1,'all models and sub targes success'),(1258,92,'STOP_TOMCAT','PUBLISH_REAL',1,'all models and sub targes success'),(1259,92,'CHANGE_LN','PUBLISH_REAL',1,'all models and sub targets success'),(1260,92,'START_TOMCAT','PUBLISH_REAL',1,'all models and sub targes success'),(1261,92,'CLEAN_HISTORY_DIR','SUCCESS_END',1,'all models and sub targes success'),(1262,92,'UPDATE_SRC_SVN','SUCCESS_END',1,'r34 by \'superman\' at Thu Jan 07 11:00:35 CST 2016'),(1263,92,'CLEAN_PUBLISH_DIR','CLEAN_END',1,'清除发布目录成功'),(1264,93,'CREATE_PUBLISH_EVENT','PRE_MASTER',1,''),(1265,93,'GET_PUBLISH_SVN','PRE_MASTER',1,''),(1266,93,'ANALYZE_PROJECT','PRE_MASTER',1,''),(1267,93,'GET_SRC_SVN','PRE_MASTER',1,''),(1268,93,'UPDATE_ETC','PRE_MASTER',1,''),(1269,93,'CREATE_PUBLISH_DIR','PRE_MINION',1,'all models and sub targes success'),(1270,93,'COPY_PUBLISH_OLD_ETC','PRE_MINION',1,''),(1271,93,'COPY_PUBLISH_OLD_WAR','PRE_MINION',1,'success'),(1272,93,'PUBLISH_NEW_ETC','PRE_MINION',1,'all models and sub targes success'),(1273,93,'PUBLISH_NEW_WAR','PRE_MINION',1,'all models and sub targes success'),(1274,93,'STOP_TOMCAT','PUBLISH_REAL',1,'all models and sub targes success'),(1275,93,'CHANGE_LN','PUBLISH_REAL',1,'all models and sub targets success'),(1276,93,'START_TOMCAT','PUBLISH_REAL',1,'all models and sub targes success'),(1277,93,'CLEAN_HISTORY_DIR','SUCCESS_END',1,'all models and sub targes success'),(1278,93,'UPDATE_SRC_SVN','SUCCESS_END',1,'r35 by \'superman\' at Thu Jan 07 11:10:17 CST 2016'),(1279,93,'CLEAN_PUBLISH_DIR','CLEAN_END',1,'清除发布目录成功'),(1280,94,'CREATE_PUBLISH_EVENT','PRE_MASTER',1,''),(1281,94,'GET_PUBLISH_SVN','PRE_MASTER',1,''),(1282,94,'ANALYZE_PROJECT','PRE_MASTER',1,''),(1283,94,'GET_SRC_SVN','PRE_MASTER',1,''),(1284,94,'UPDATE_ETC','PRE_MASTER',1,''),(1285,94,'CREATE_PUBLISH_DIR','PRE_MINION',1,'all models and sub targes success'),(1286,94,'COPY_PUBLISH_OLD_ETC','PRE_MINION',1,''),(1287,94,'COPY_PUBLISH_OLD_WAR','PRE_MINION',1,'success'),(1288,94,'PUBLISH_NEW_ETC','PRE_MINION',1,'all models and sub targes success'),(1289,94,'PUBLISH_NEW_WAR','PRE_MINION',1,'all models and sub targes success'),(1290,94,'STOP_TOMCAT','PUBLISH_REAL',1,'all models and sub targes success'),(1291,94,'CHANGE_LN','PUBLISH_REAL',1,'all models and sub targets success'),(1292,94,'START_TOMCAT','PUBLISH_REAL',1,'all models and sub targes success'),(1293,94,'CLEAN_HISTORY_DIR','SUCCESS_END',1,'all models and sub targes success'),(1294,94,'UPDATE_SRC_SVN','SUCCESS_END',1,'r36 by \'superman\' at Thu Jan 07 11:46:26 CST 2016'),(1295,94,'CLEAN_PUBLISH_DIR','CLEAN_END',0,'清除发布目录失败：/home/saas/deploy_tmp/stage.yjt2015.20160107.114057'),(1296,95,'CREATE_PUBLISH_EVENT','PRE_MASTER',1,''),(1297,95,'GET_PUBLISH_SVN','PRE_MASTER',1,''),(1298,95,'ANALYZE_PROJECT','PRE_MASTER',1,''),(1299,95,'GET_SRC_SVN','PRE_MASTER',1,''),(1300,95,'UPDATE_ETC','PRE_MASTER',1,''),(1301,95,'CREATE_PUBLISH_DIR','PRE_MINION',1,'all models and sub targes success'),(1302,95,'COPY_PUBLISH_OLD_ETC','PRE_MINION',1,''),(1303,95,'COPY_PUBLISH_OLD_WAR','PRE_MINION',1,'success'),(1304,95,'PUBLISH_NEW_ETC','PRE_MINION',1,'all models and sub targes success'),(1305,95,'PUBLISH_NEW_WAR','PRE_MINION',1,'all models and sub targes success'),(1306,95,'STOP_TOMCAT','PUBLISH_REAL',1,'all models and sub targes success'),(1307,95,'CHANGE_LN','PUBLISH_REAL',1,'all models and sub targets success'),(1308,95,'START_TOMCAT','PUBLISH_REAL',1,'all models and sub targes success'),(1309,95,'CLEAN_HISTORY_DIR','SUCCESS_END',1,'all models and sub targes success'),(1310,95,'UPDATE_SRC_SVN','SUCCESS_END',1,'r37 by \'superman\' at Thu Jan 07 14:43:47 CST 2016'),(1311,95,'CLEAN_PUBLISH_DIR','CLEAN_END',1,'清除发布目录成功'),(1312,96,'CREATE_PUBLISH_EVENT','PRE_MASTER',1,''),(1313,96,'GET_PUBLISH_SVN','PRE_MASTER',1,''),(1314,96,'ANALYZE_PROJECT','PRE_MASTER',1,''),(1315,96,'GET_SRC_SVN','PRE_MASTER',1,''),(1316,96,'UPDATE_ETC','PRE_MASTER',1,''),(1317,96,'CREATE_PUBLISH_DIR','PRE_MINION',1,'all models and sub targes success'),(1318,96,'COPY_PUBLISH_OLD_ETC','PRE_MINION',1,''),(1319,96,'COPY_PUBLISH_OLD_WAR','PRE_MINION',1,'success'),(1320,96,'PUBLISH_NEW_ETC','PRE_MINION',1,'all models and sub targes success'),(1321,96,'PUBLISH_NEW_WAR','PRE_MINION',1,'all models and sub targes success'),(1322,96,'STOP_TOMCAT','PUBLISH_REAL',1,'all models and sub targes success'),(1323,96,'CHANGE_LN','PUBLISH_REAL',1,'all models and sub targets success'),(1324,96,'START_TOMCAT','PUBLISH_REAL',1,'all models and sub targes success'),(1325,96,'CLEAN_HISTORY_DIR','SUCCESS_END',1,'all models and sub targes success'),(1326,96,'UPDATE_SRC_SVN','SUCCESS_END',1,'r38 by \'superman\' at Thu Jan 07 14:49:21 CST 2016'),(1327,96,'CLEAN_PUBLISH_DIR','CLEAN_END',1,'清除发布目录成功'),(1328,97,'CREATE_PUBLISH_EVENT','PRE_MASTER',1,''),(1329,97,'GET_PUBLISH_SVN','PRE_MASTER',1,''),(1330,97,'ANALYZE_PROJECT','PRE_MASTER',1,''),(1331,97,'GET_SRC_SVN','PRE_MASTER',1,''),(1332,97,'UPDATE_ETC','PRE_MASTER',1,''),(1333,97,'CREATE_PUBLISH_DIR','PRE_MINION',1,'all models and sub targes success'),(1334,97,'COPY_PUBLISH_OLD_ETC','PRE_MINION',1,''),(1335,97,'COPY_PUBLISH_OLD_WAR','PRE_MINION',1,'success'),(1336,97,'PUBLISH_NEW_ETC','PRE_MINION',1,'all models and sub targes success'),(1337,97,'PUBLISH_NEW_WAR','PRE_MINION',1,'all models and sub targes success'),(1338,97,'STOP_TOMCAT','PUBLISH_REAL',1,'all models and sub targes success'),(1339,97,'CHANGE_LN','PUBLISH_REAL',1,'all models and sub targets success'),(1340,97,'START_TOMCAT','PUBLISH_REAL',1,'all models and sub targes success'),(1341,97,'STOP_TOMCAT','RESTART_TOMCAT',1,'all models and sub targes success'),(1342,97,'START_TOMCAT','RESTART_TOMCAT',1,'all models and sub targes success'),(1343,97,'CLEAN_HISTORY_DIR','SUCCESS_END',1,'all models and sub targes success'),(1344,97,'UPDATE_SRC_SVN','SUCCESS_END',1,'EMPTY COMMIT'),(1345,97,'CLEAN_PUBLISH_DIR','CLEAN_END',1,'清除发布目录成功'),(1346,98,'CREATE_PUBLISH_EVENT','PRE_MASTER',1,''),(1347,98,'GET_PUBLISH_SVN','PRE_MASTER',1,''),(1348,98,'ANALYZE_PROJECT','PRE_MASTER',1,''),(1349,98,'GET_SRC_SVN','PRE_MASTER',1,''),(1350,98,'UPDATE_ETC','PRE_MASTER',1,''),(1351,98,'CREATE_PUBLISH_DIR','PRE_MINION',1,'all models and sub targes success'),(1352,98,'COPY_PUBLISH_OLD_ETC','PRE_MINION',1,''),(1353,98,'COPY_PUBLISH_OLD_WAR','PRE_MINION',1,'success'),(1354,98,'PUBLISH_NEW_ETC','PRE_MINION',1,'all models and sub targes success'),(1355,98,'PUBLISH_NEW_WAR','PRE_MINION',1,'all models and sub targes success'),(1356,98,'STOP_TOMCAT','PUBLISH_REAL',1,'all models and sub targes success'),(1357,98,'CHANGE_LN','PUBLISH_REAL',1,'all models and sub targets success'),(1358,98,'START_TOMCAT','PUBLISH_REAL',1,'all models and sub targes success'),(1359,94,'STOP_TOMCAT','FAIL_END',1,'all models and sub targes success'),(1360,94,'CHANGE_LN','FAIL_END',1,'all models and sub targets success'),(1361,94,'START_TOMCAT','FAIL_END',1,'all models and sub targes success'),(1362,94,'CLEAN_FAIL_DIR','FAIL_END',1,'all models and sub targes success'),(1363,99,'CREATE_PUBLISH_EVENT','PRE_MASTER',1,''),(1364,99,'GET_PUBLISH_SVN','PRE_MASTER',1,''),(1365,100,'CREATE_PUBLISH_EVENT','PRE_MASTER',1,''),(1366,100,'GET_PUBLISH_SVN','PRE_MASTER',1,''),(1367,99,'ANALYZE_PROJECT','PRE_MASTER',NULL,''),(1368,100,'ANALYZE_PROJECT','PRE_MASTER',NULL,''),(1369,98,'STOP_TOMCAT','FAIL_END',1,'all models and sub targes success'),(1370,98,'CHANGE_LN','FAIL_END',1,'all models and sub targets success'),(1371,98,'START_TOMCAT','FAIL_END',1,'all models and sub targes success'),(1372,98,'CLEAN_FAIL_DIR','FAIL_END',1,'all models and sub targes success'),(1373,98,'CLEAN_PUBLISH_DIR','CLEAN_END',1,'清除发布目录成功'),(1374,101,'CREATE_PUBLISH_EVENT','PRE_MASTER',1,''),(1375,101,'GET_PUBLISH_SVN','PRE_MASTER',1,''),(1376,101,'ANALYZE_PROJECT','PRE_MASTER',1,''),(1377,101,'GET_SRC_SVN','PRE_MASTER',1,''),(1378,101,'UPDATE_ETC','PRE_MASTER',NULL,''),(1379,101,'CLEAN_FAIL_DIR','CANCEL_END',1,'all models and sub targes success'),(1380,101,'CLEAN_PUBLISH_DIR','CLEAN_END',1,'清除发布目录成功'),(1381,102,'CREATE_PUBLISH_EVENT','PRE_MASTER',1,''),(1382,102,'GET_PUBLISH_SVN','PRE_MASTER',1,''),(1383,102,'ANALYZE_PROJECT','PRE_MASTER',1,''),(1384,102,'GET_SRC_SVN','PRE_MASTER',1,''),(1385,102,'UPDATE_ETC','PRE_MASTER',1,''),(1386,102,'CREATE_PUBLISH_DIR','PRE_MINION',1,'all models and sub targes success'),(1387,102,'COPY_PUBLISH_OLD_ETC','PRE_MINION',1,''),(1388,102,'COPY_PUBLISH_OLD_WAR','PRE_MINION',1,'success'),(1389,102,'PUBLISH_NEW_ETC','PRE_MINION',1,'all models and sub targes success'),(1390,102,'PUBLISH_NEW_WAR','PRE_MINION',1,'all models and sub targes success'),(1391,102,'STOP_TOMCAT','PUBLISH_REAL',1,'all models and sub targes success'),(1392,102,'CHANGE_LN','PUBLISH_REAL',1,'all models and sub targets success'),(1393,102,'START_TOMCAT','PUBLISH_REAL',1,'all models and sub targes success'),(1394,102,'STOP_TOMCAT','RESTART_TOMCAT',1,'all models and sub targes success'),(1395,102,'START_TOMCAT','RESTART_TOMCAT',1,'all models and sub targes success'),(1396,103,'CREATE_PUBLISH_EVENT','PRE_MASTER',1,''),(1397,103,'GET_PUBLISH_SVN','PRE_MASTER',1,''),(1398,103,'ANALYZE_PROJECT','PRE_MASTER',1,''),(1399,103,'GET_SRC_SVN','PRE_MASTER',1,''),(1400,103,'UPDATE_ETC','PRE_MASTER',1,''),(1401,103,'CREATE_PUBLISH_DIR','PRE_MINION',1,'all models and sub targes success'),(1402,103,'COPY_PUBLISH_OLD_ETC','PRE_MINION',1,''),(1403,103,'COPY_PUBLISH_OLD_WAR','PRE_MINION',1,'success'),(1404,103,'PUBLISH_NEW_ETC','PRE_MINION',1,'all models and sub targes success'),(1405,103,'PUBLISH_NEW_WAR','PRE_MINION',1,'all models and sub targes success'),(1406,103,'STOP_TOMCAT','PUBLISH_REAL',1,'all models and sub targes success'),(1407,103,'CHANGE_LN','PUBLISH_REAL',1,'all models and sub targets success'),(1408,103,'START_TOMCAT','PUBLISH_REAL',1,'all models and sub targes success'),(1409,103,'CLEAN_HISTORY_DIR','SUCCESS_END',1,'all models and sub targes success'),(1410,103,'UPDATE_SRC_SVN','SUCCESS_END',1,'EMPTY COMMIT'),(1411,103,'CLEAN_PUBLISH_DIR','CLEAN_END',1,'清除发布目录成功'),(1412,104,'CREATE_PUBLISH_EVENT','PRE_MASTER',1,''),(1413,104,'GET_PUBLISH_SVN','PRE_MASTER',1,''),(1414,104,'ANALYZE_PROJECT','PRE_MASTER',1,''),(1415,104,'GET_SRC_SVN','PRE_MASTER',1,''),(1416,104,'UPDATE_ETC','PRE_MASTER',1,''),(1417,104,'CREATE_PUBLISH_DIR','PRE_MINION',1,'all models and sub targes success'),(1418,104,'COPY_PUBLISH_OLD_ETC','PRE_MINION',1,''),(1419,104,'COPY_PUBLISH_OLD_WAR','PRE_MINION',1,'success'),(1420,104,'PUBLISH_NEW_ETC','PRE_MINION',1,'all models and sub targes success'),(1421,104,'PUBLISH_NEW_WAR','PRE_MINION',1,'all models and sub targes success'),(1422,104,'STOP_TOMCAT','PUBLISH_REAL',1,'all models and sub targes success'),(1423,104,'CHANGE_LN','PUBLISH_REAL',1,'all models and sub targets success'),(1424,104,'START_TOMCAT','PUBLISH_REAL',1,'all models and sub targes success'),(1425,104,'CLEAN_HISTORY_DIR','SUCCESS_END',1,'all models and sub targes success'),(1426,104,'UPDATE_SRC_SVN','SUCCESS_END',1,'EMPTY COMMIT'),(1427,104,'CLEAN_PUBLISH_DIR','CLEAN_END',1,'清除发布目录成功'),(1428,105,'CREATE_PUBLISH_EVENT','PRE_MASTER',1,''),(1429,105,'GET_PUBLISH_SVN','PRE_MASTER',1,''),(1430,105,'ANALYZE_PROJECT','PRE_MASTER',1,''),(1431,105,'GET_SRC_SVN','PRE_MASTER',1,''),(1432,105,'UPDATE_ETC','PRE_MASTER',1,''),(1433,105,'CREATE_PUBLISH_DIR','PRE_MINION',1,'all models and sub targes success'),(1434,105,'COPY_PUBLISH_OLD_ETC','PRE_MINION',1,''),(1435,105,'COPY_PUBLISH_OLD_WAR','PRE_MINION',1,'success'),(1436,105,'PUBLISH_NEW_ETC','PRE_MINION',1,'all models and sub targes success'),(1437,105,'PUBLISH_NEW_WAR','PRE_MINION',1,'all models and sub targes success'),(1438,105,'STOP_TOMCAT','PUBLISH_REAL',1,'all models and sub targes success'),(1439,105,'CHANGE_LN','PUBLISH_REAL',1,'all models and sub targets success'),(1440,105,'START_TOMCAT','PUBLISH_REAL',1,'all models and sub targes success'),(1441,106,'CREATE_PUBLISH_EVENT','PRE_MASTER',1,''),(1442,106,'GET_PUBLISH_SVN','PRE_MASTER',1,''),(1443,106,'ANALYZE_PROJECT','PRE_MASTER',1,''),(1444,106,'GET_SRC_SVN','PRE_MASTER',1,''),(1445,106,'UPDATE_ETC','PRE_MASTER',1,''),(1446,105,'CLEAN_HISTORY_DIR','SUCCESS_END',1,'all models and sub targes success'),(1447,105,'UPDATE_SRC_SVN','SUCCESS_END',1,'EMPTY COMMIT'),(1448,105,'CLEAN_PUBLISH_DIR','CLEAN_END',1,'清除发布目录成功'),(1449,106,'CREATE_PUBLISH_DIR','PRE_MINION',1,'all models and sub targes success'),(1450,106,'COPY_PUBLISH_OLD_ETC','PRE_MINION',1,''),(1451,106,'COPY_PUBLISH_OLD_WAR','PRE_MINION',1,'success'),(1452,106,'PUBLISH_NEW_ETC','PRE_MINION',1,'all models and sub targes success'),(1453,106,'PUBLISH_NEW_WAR','PRE_MINION',1,'all models and sub targes success'),(1454,106,'STOP_TOMCAT','PUBLISH_REAL',1,'all models and sub targes success'),(1455,106,'CHANGE_LN','PUBLISH_REAL',1,'all models and sub targets success'),(1456,106,'START_TOMCAT','PUBLISH_REAL',1,'all models and sub targes success'),(1457,107,'CREATE_PUBLISH_EVENT','PRE_MASTER',1,''),(1458,107,'GET_PUBLISH_SVN','PRE_MASTER',1,''),(1459,107,'ANALYZE_PROJECT','PRE_MASTER',1,''),(1460,107,'GET_SRC_SVN','PRE_MASTER',1,''),(1461,107,'UPDATE_ETC','PRE_MASTER',1,''),(1462,102,'CLEAN_HISTORY_DIR','SUCCESS_END',1,'all models and sub targes success'),(1463,102,'UPDATE_SRC_SVN','SUCCESS_END',1,'EMPTY COMMIT'),(1464,102,'CLEAN_PUBLISH_DIR','CLEAN_END',1,'清除发布目录成功'),(1465,107,'CREATE_PUBLISH_DIR','PRE_MINION',1,'all models and sub targes success'),(1466,107,'COPY_PUBLISH_OLD_ETC','PRE_MINION',1,''),(1467,107,'COPY_PUBLISH_OLD_WAR','PRE_MINION',1,'success'),(1468,107,'PUBLISH_NEW_ETC','PRE_MINION',1,'all models and sub targes success'),(1469,107,'PUBLISH_NEW_WAR','PRE_MINION',1,'all models and sub targes success'),(1470,107,'STOP_TOMCAT','PUBLISH_REAL',1,'all models and sub targes success'),(1471,107,'CHANGE_LN','PUBLISH_REAL',1,'all models and sub targets success'),(1472,107,'START_TOMCAT','PUBLISH_REAL',1,'all models and sub targes success'),(1473,107,'CLEAN_HISTORY_DIR','SUCCESS_END',1,'all models and sub targes success'),(1474,107,'UPDATE_SRC_SVN','SUCCESS_END',1,'EMPTY COMMIT'),(1475,107,'CLEAN_PUBLISH_DIR','CLEAN_END',1,'清除发布目录成功'),(1476,108,'CREATE_PUBLISH_EVENT','PRE_MASTER',1,''),(1477,108,'GET_PUBLISH_SVN','PRE_MASTER',1,''),(1478,108,'ANALYZE_PROJECT','PRE_MASTER',1,''),(1479,108,'GET_SRC_SVN','PRE_MASTER',1,''),(1480,108,'UPDATE_ETC','PRE_MASTER',1,''),(1481,108,'CREATE_PUBLISH_DIR','PRE_MINION',1,'all models and sub targes success'),(1482,108,'COPY_PUBLISH_OLD_ETC','PRE_MINION',1,''),(1483,108,'COPY_PUBLISH_OLD_WAR','PRE_MINION',1,'success'),(1484,108,'PUBLISH_NEW_ETC','PRE_MINION',1,'all models and sub targes success'),(1485,108,'PUBLISH_NEW_WAR','PRE_MINION',1,'all models and sub targes success'),(1486,108,'STOP_TOMCAT','PUBLISH_REAL',1,'all models and sub targes success'),(1487,108,'CHANGE_LN','PUBLISH_REAL',1,'all models and sub targets success'),(1488,108,'START_TOMCAT','PUBLISH_REAL',1,'all models and sub targes success'),(1489,109,'CREATE_PUBLISH_EVENT','PRE_MASTER',1,''),(1490,108,'STOP_TOMCAT','RESTART_TOMCAT',1,'all models and sub targes success'),(1491,108,'START_TOMCAT','RESTART_TOMCAT',1,'all models and sub targes success'),(1492,109,'GET_PUBLISH_SVN','PRE_MASTER',1,''),(1493,109,'ANALYZE_PROJECT','PRE_MASTER',1,''),(1494,109,'GET_SRC_SVN','PRE_MASTER',1,''),(1495,109,'UPDATE_ETC','PRE_MASTER',1,''),(1496,106,'CLEAN_HISTORY_DIR','SUCCESS_END',1,'all models and sub targes success'),(1497,106,'UPDATE_SRC_SVN','SUCCESS_END',1,'EMPTY COMMIT'),(1498,106,'CLEAN_PUBLISH_DIR','CLEAN_END',1,'清除发布目录成功'),(1499,109,'CREATE_PUBLISH_DIR','PRE_MINION',1,'all models and sub targes success'),(1500,109,'COPY_PUBLISH_OLD_ETC','PRE_MINION',1,''),(1501,109,'COPY_PUBLISH_OLD_WAR','PRE_MINION',1,'success'),(1502,109,'PUBLISH_NEW_ETC','PRE_MINION',1,'all models and sub targes success'),(1503,109,'PUBLISH_NEW_WAR','PRE_MINION',1,'all models and sub targes success'),(1504,109,'STOP_TOMCAT','PUBLISH_REAL',1,'all models and sub targes success'),(1505,109,'CHANGE_LN','PUBLISH_REAL',1,'all models and sub targets success'),(1506,109,'START_TOMCAT','PUBLISH_REAL',1,'all models and sub targes success'),(1507,109,'CLEAN_HISTORY_DIR','SUCCESS_END',1,'all models and sub targes success'),(1508,109,'UPDATE_SRC_SVN','SUCCESS_END',0,'svn commit error'),(1509,109,'CLEAN_PUBLISH_DIR','CLEAN_END',1,'清除发布目录成功'),(1510,108,'CLEAN_HISTORY_DIR','SUCCESS_END',1,'all models and sub targes success'),(1511,108,'UPDATE_SRC_SVN','SUCCESS_END',1,'EMPTY COMMIT'),(1512,108,'CLEAN_PUBLISH_DIR','CLEAN_END',1,'清除发布目录成功'),(1518,111,'CREATE_PUBLISH_EVENT','PRE_MASTER',1,''),(1519,111,'GET_PUBLISH_SVN','PRE_MASTER',1,''),(1520,111,'ANALYZE_PROJECT','PRE_MASTER',1,''),(1521,111,'GET_SRC_SVN','PRE_MASTER',1,''),(1522,111,'UPDATE_ETC','PRE_MASTER',1,''),(1523,111,'CREATE_PUBLISH_DIR','PRE_MINION',1,'all models and sub targes success'),(1524,111,'COPY_PUBLISH_OLD_ETC','PRE_MINION',1,''),(1525,111,'COPY_PUBLISH_OLD_WAR','PRE_MINION',1,'success'),(1526,111,'PUBLISH_NEW_ETC','PRE_MINION',1,'all models and sub targes success'),(1527,111,'PUBLISH_NEW_WAR','PRE_MINION',1,'all models and sub targes success'),(1528,111,'STOP_TOMCAT','PUBLISH_REAL',1,'all models and sub targes success'),(1529,111,'CHANGE_LN','PUBLISH_REAL',1,'all models and sub targets success'),(1530,111,'START_TOMCAT','PUBLISH_REAL',1,'all models and sub targes success'),(1531,111,'CLEAN_HISTORY_DIR','SUCCESS_END',1,'all models and sub targes success'),(1532,111,'UPDATE_SRC_SVN','SUCCESS_END',1,'r40 by \'superman\' at Mon Jan 11 09:55:52 CST 2016'),(1533,111,'CLEAN_PUBLISH_DIR','CLEAN_END',1,'清除发布目录成功'),(1534,112,'CREATE_PUBLISH_EVENT','PRE_MASTER',1,''),(1535,112,'GET_PUBLISH_SVN','PRE_MASTER',1,''),(1536,112,'ANALYZE_PROJECT','PRE_MASTER',1,''),(1537,112,'GET_SRC_SVN','PRE_MASTER',1,''),(1538,112,'UPDATE_ETC','PRE_MASTER',1,''),(1539,112,'CREATE_PUBLISH_DIR','PRE_MINION',1,'all models and sub targes success'),(1540,112,'COPY_PUBLISH_OLD_ETC','PRE_MINION',1,''),(1541,112,'COPY_PUBLISH_OLD_WAR','PRE_MINION',1,'success'),(1542,112,'PUBLISH_NEW_ETC','PRE_MINION',1,'all models and sub targes success'),(1543,112,'PUBLISH_NEW_WAR','PRE_MINION',1,'all models and sub targes success'),(1544,112,'STOP_TOMCAT','PUBLISH_REAL',1,'all models and sub targes success'),(1545,112,'CHANGE_LN','PUBLISH_REAL',1,'all models and sub targets success'),(1546,112,'START_TOMCAT','PUBLISH_REAL',1,'all models and sub targes success'),(1547,112,'CLEAN_HISTORY_DIR','SUCCESS_END',1,'all models and sub targes success'),(1548,112,'UPDATE_SRC_SVN','SUCCESS_END',1,'EMPTY COMMIT'),(1549,112,'CLEAN_PUBLISH_DIR','CLEAN_END',1,'清除发布目录成功'),(1550,113,'CREATE_PUBLISH_EVENT','PRE_MASTER',1,''),(1551,113,'GET_PUBLISH_SVN','PRE_MASTER',1,''),(1552,113,'ANALYZE_PROJECT','PRE_MASTER',1,''),(1553,113,'GET_SRC_SVN','PRE_MASTER',1,''),(1554,113,'UPDATE_ETC','PRE_MASTER',1,''),(1555,113,'CREATE_PUBLISH_DIR','PRE_MINION',1,'all models and sub targes success'),(1556,113,'COPY_PUBLISH_OLD_ETC','PRE_MINION',1,''),(1557,113,'COPY_PUBLISH_OLD_WAR','PRE_MINION',1,'success'),(1558,113,'PUBLISH_NEW_ETC','PRE_MINION',1,'all models and sub targes success'),(1559,113,'PUBLISH_NEW_WAR','PRE_MINION',1,'all models and sub targes success'),(1560,113,'STOP_TOMCAT','PUBLISH_REAL',1,'all models and sub targes success'),(1561,113,'CHANGE_LN','PUBLISH_REAL',1,'all models and sub targets success'),(1562,113,'START_TOMCAT','PUBLISH_REAL',1,'all models and sub targes success'),(1563,113,'CLEAN_HISTORY_DIR','SUCCESS_END',1,'all models and sub targes success'),(1564,113,'UPDATE_SRC_SVN','SUCCESS_END',1,'r42 by \'superman\' at Mon Jan 11 12:50:31 CST 2016'),(1565,113,'CLEAN_PUBLISH_DIR','CLEAN_END',1,'清除发布目录成功'),(1566,114,'CREATE_PUBLISH_EVENT','PRE_MASTER',1,''),(1567,114,'GET_PUBLISH_SVN','PRE_MASTER',1,''),(1568,114,'ANALYZE_PROJECT','PRE_MASTER',1,''),(1569,114,'GET_SRC_SVN','PRE_MASTER',1,''),(1570,114,'UPDATE_ETC','PRE_MASTER',1,''),(1571,114,'CREATE_PUBLISH_DIR','PRE_MINION',1,'all models and sub targes success'),(1572,114,'COPY_PUBLISH_OLD_ETC','PRE_MINION',1,''),(1573,114,'COPY_PUBLISH_OLD_WAR','PRE_MINION',1,'success'),(1574,114,'PUBLISH_NEW_ETC','PRE_MINION',1,'all models and sub targes success'),(1575,114,'PUBLISH_NEW_WAR','PRE_MINION',1,'all models and sub targes success'),(1576,114,'STOP_TOMCAT','PUBLISH_REAL',1,'all models and sub targes success'),(1577,114,'CHANGE_LN','PUBLISH_REAL',1,'all models and sub targets success'),(1578,114,'START_TOMCAT','PUBLISH_REAL',1,'all models and sub targes success'),(1579,114,'CLEAN_HISTORY_DIR','SUCCESS_END',1,'all models and sub targes success'),(1580,114,'UPDATE_SRC_SVN','SUCCESS_END',1,'r43 by \'superman\' at Mon Jan 11 12:59:37 CST 2016'),(1581,114,'CLEAN_PUBLISH_DIR','CLEAN_END',1,'清除发布目录成功'),(1582,115,'CREATE_PUBLISH_EVENT','PRE_MASTER',1,''),(1583,115,'GET_PUBLISH_SVN','PRE_MASTER',1,''),(1584,115,'ANALYZE_PROJECT','PRE_MASTER',1,''),(1585,115,'GET_SRC_SVN','PRE_MASTER',1,''),(1586,115,'UPDATE_ETC','PRE_MASTER',1,''),(1587,115,'CREATE_PUBLISH_DIR','PRE_MINION',1,'all models and sub targes success'),(1588,115,'COPY_PUBLISH_OLD_ETC','PRE_MINION',1,''),(1589,115,'COPY_PUBLISH_OLD_WAR','PRE_MINION',1,'success'),(1590,115,'PUBLISH_NEW_ETC','PRE_MINION',1,'all models and sub targes success'),(1591,115,'PUBLISH_NEW_WAR','PRE_MINION',1,'all models and sub targes success'),(1592,115,'STOP_TOMCAT','PUBLISH_REAL',1,'all models and sub targes success'),(1593,115,'CHANGE_LN','PUBLISH_REAL',1,'all models and sub targets success'),(1594,115,'START_TOMCAT','PUBLISH_REAL',1,'all models and sub targes success'),(1595,115,'CLEAN_HISTORY_DIR','SUCCESS_END',1,'all models and sub targes success'),(1596,115,'UPDATE_SRC_SVN','SUCCESS_END',1,'r46 by \'superman\' at Mon Jan 11 13:47:42 CST 2016'),(1597,115,'CLEAN_PUBLISH_DIR','CLEAN_END',1,'清除发布目录成功'),(1598,116,'CREATE_PUBLISH_EVENT','PRE_MASTER',1,''),(1599,116,'GET_PUBLISH_SVN','PRE_MASTER',1,''),(1600,116,'ANALYZE_PROJECT','PRE_MASTER',1,''),(1601,116,'GET_SRC_SVN','PRE_MASTER',1,''),(1602,116,'UPDATE_ETC','PRE_MASTER',1,''),(1603,116,'CREATE_PUBLISH_DIR','PRE_MINION',1,'all models and sub targes success'),(1604,116,'COPY_PUBLISH_OLD_ETC','PRE_MINION',1,''),(1605,116,'COPY_PUBLISH_OLD_WAR','PRE_MINION',1,'success'),(1606,116,'PUBLISH_NEW_ETC','PRE_MINION',1,'all models and sub targes success'),(1607,116,'PUBLISH_NEW_WAR','PRE_MINION',1,'all models and sub targes success'),(1608,116,'STOP_TOMCAT','PUBLISH_REAL',1,'all models and sub targes success'),(1609,116,'CHANGE_LN','PUBLISH_REAL',1,'all models and sub targets success'),(1610,116,'START_TOMCAT','PUBLISH_REAL',1,'all models and sub targes success'),(1611,116,'CLEAN_HISTORY_DIR','SUCCESS_END',1,'all models and sub targes success'),(1612,116,'UPDATE_SRC_SVN','SUCCESS_END',1,'r47 by \'superman\' at Mon Jan 11 16:10:08 CST 2016'),(1613,116,'CLEAN_PUBLISH_DIR','CLEAN_END',1,'清除发布目录成功'),(1616,117,'CREATE_PUBLISH_EVENT','PRE_MASTER',1,''),(1617,117,'GET_PUBLISH_SVN','PRE_MASTER',1,''),(1618,117,'ANALYZE_PROJECT','PRE_MASTER',1,''),(1619,117,'GET_SRC_SVN','PRE_MASTER',1,''),(1620,117,'UPDATE_ETC','PRE_MASTER',1,''),(1621,117,'CREATE_PUBLISH_DIR','PRE_MINION',1,'all models and sub targes success'),(1622,117,'COPY_PUBLISH_OLD_ETC','PRE_MINION',1,''),(1623,117,'COPY_PUBLISH_OLD_WAR','PRE_MINION',1,'success'),(1624,117,'PUBLISH_NEW_ETC','PRE_MINION',1,'all models and sub targes success'),(1625,117,'PUBLISH_NEW_WAR','PRE_MINION',1,'all models and sub targes success'),(1626,117,'STOP_TOMCAT','PUBLISH_REAL',1,'all models and sub targes success'),(1627,117,'CHANGE_LN','PUBLISH_REAL',1,'all models and sub targets success'),(1628,117,'START_TOMCAT','PUBLISH_REAL',1,'all models and sub targes success'),(1629,117,'CLEAN_HISTORY_DIR','SUCCESS_END',1,'all models and sub targes success'),(1630,117,'UPDATE_SRC_SVN','SUCCESS_END',1,'r51 by \'superman\' at Tue Jan 12 11:25:36 CST 2016'),(1631,117,'CLEAN_PUBLISH_DIR','CLEAN_END',1,'清除发布目录成功'),(1632,118,'CREATE_PUBLISH_EVENT','PRE_MASTER',1,''),(1633,118,'GET_PUBLISH_SVN','PRE_MASTER',1,''),(1634,118,'ANALYZE_PROJECT','PRE_MASTER',1,''),(1635,118,'GET_SRC_SVN','PRE_MASTER',1,''),(1636,118,'UPDATE_ETC','PRE_MASTER',1,''),(1637,118,'CREATE_PUBLISH_DIR','PRE_MINION',1,'all models and sub targes success'),(1638,118,'COPY_PUBLISH_OLD_ETC','PRE_MINION',1,''),(1639,118,'COPY_PUBLISH_OLD_WAR','PRE_MINION',1,'success'),(1640,118,'PUBLISH_NEW_ETC','PRE_MINION',1,'all models and sub targes success'),(1641,118,'PUBLISH_NEW_WAR','PRE_MINION',1,'all models and sub targes success'),(1642,118,'STOP_TOMCAT','PUBLISH_REAL',1,'all models and sub targes success'),(1643,118,'CHANGE_LN','PUBLISH_REAL',1,'all models and sub targets success'),(1644,118,'START_TOMCAT','PUBLISH_REAL',1,'all models and sub targes success'),(1645,119,'CREATE_PUBLISH_EVENT','PRE_MASTER',1,''),(1646,118,'CLEAN_HISTORY_DIR','SUCCESS_END',1,'all models and sub targes success'),(1647,118,'UPDATE_SRC_SVN','SUCCESS_END',1,'r54 by \'superman\' at Tue Jan 12 13:52:29 CST 2016'),(1648,118,'CLEAN_PUBLISH_DIR','CLEAN_END',1,'清除发布目录成功'),(1649,119,'GET_PUBLISH_SVN','PRE_MASTER',1,''),(1650,119,'ANALYZE_PROJECT','PRE_MASTER',1,''),(1651,119,'GET_SRC_SVN','PRE_MASTER',1,''),(1652,119,'UPDATE_ETC','PRE_MASTER',1,''),(1653,119,'CREATE_PUBLISH_DIR','PRE_MINION',1,'all models and sub targes success'),(1654,119,'COPY_PUBLISH_OLD_ETC','PRE_MINION',1,''),(1655,119,'COPY_PUBLISH_OLD_WAR','PRE_MINION',1,'success'),(1656,119,'PUBLISH_NEW_ETC','PRE_MINION',1,'all models and sub targes success'),(1657,119,'PUBLISH_NEW_WAR','PRE_MINION',1,'all models and sub targes success'),(1658,119,'STOP_TOMCAT','PUBLISH_REAL',1,'all models and sub targes success'),(1659,119,'CHANGE_LN','PUBLISH_REAL',1,'all models and sub targets success'),(1660,119,'START_TOMCAT','PUBLISH_REAL',1,'all models and sub targes success'),(1661,119,'STOP_TOMCAT','RESTART_TOMCAT',1,'all models and sub targes success'),(1662,119,'START_TOMCAT','RESTART_TOMCAT',1,'all models and sub targes success'),(1663,119,'CLEAN_HISTORY_DIR','SUCCESS_END',1,'all models and sub targes success'),(1664,119,'UPDATE_SRC_SVN','SUCCESS_END',1,'EMPTY COMMIT'),(1665,119,'CLEAN_PUBLISH_DIR','CLEAN_END',1,'清除发布目录成功'),(1666,120,'CREATE_PUBLISH_EVENT','PRE_MASTER',1,''),(1667,120,'GET_PUBLISH_SVN','PRE_MASTER',1,''),(1668,120,'ANALYZE_PROJECT','PRE_MASTER',1,''),(1669,120,'GET_SRC_SVN','PRE_MASTER',1,''),(1670,120,'UPDATE_ETC','PRE_MASTER',1,''),(1671,120,'CREATE_PUBLISH_DIR','PRE_MINION',1,'all models and sub targes success'),(1672,120,'COPY_PUBLISH_OLD_ETC','PRE_MINION',1,''),(1673,120,'COPY_PUBLISH_OLD_WAR','PRE_MINION',1,'success'),(1674,120,'PUBLISH_NEW_ETC','PRE_MINION',1,'all models and sub targes success'),(1675,120,'PUBLISH_NEW_WAR','PRE_MINION',1,'all models and sub targes success'),(1676,120,'STOP_TOMCAT','PUBLISH_REAL',1,'all models and sub targes success'),(1677,120,'CHANGE_LN','PUBLISH_REAL',1,'all models and sub targets success'),(1678,120,'START_TOMCAT','PUBLISH_REAL',1,'all models and sub targes success'),(1679,121,'CREATE_PUBLISH_EVENT','PRE_MASTER',1,''),(1680,121,'GET_PUBLISH_SVN','PRE_MASTER',1,''),(1681,121,'ANALYZE_PROJECT','PRE_MASTER',1,''),(1682,121,'GET_SRC_SVN','PRE_MASTER',1,''),(1683,121,'UPDATE_ETC','PRE_MASTER',1,''),(1684,121,'CREATE_PUBLISH_DIR','PRE_MINION',1,'all models and sub targes success'),(1685,121,'COPY_PUBLISH_OLD_ETC','PRE_MINION',1,''),(1686,121,'COPY_PUBLISH_OLD_WAR','PRE_MINION',1,'success'),(1687,121,'PUBLISH_NEW_ETC','PRE_MINION',1,'all models and sub targes success'),(1688,121,'PUBLISH_NEW_WAR','PRE_MINION',1,'all models and sub targes success'),(1689,121,'STOP_TOMCAT','PUBLISH_REAL',1,'all models and sub targes success'),(1690,121,'CHANGE_LN','PUBLISH_REAL',1,'all models and sub targets success'),(1691,121,'START_TOMCAT','PUBLISH_REAL',1,'all models and sub targes success'),(1692,121,'CLEAN_HISTORY_DIR','SUCCESS_END',1,'all models and sub targes success'),(1693,121,'UPDATE_SRC_SVN','SUCCESS_END',1,'r55 by \'superman\' at Tue Jan 12 16:09:19 CST 2016'),(1694,121,'CLEAN_PUBLISH_DIR','CLEAN_END',1,'清除发布目录成功'),(1695,120,'CLEAN_HISTORY_DIR','SUCCESS_END',1,'all models and sub targes success'),(1696,120,'UPDATE_SRC_SVN','SUCCESS_END',1,'EMPTY COMMIT'),(1697,120,'CLEAN_PUBLISH_DIR','CLEAN_END',1,'清除发布目录成功'),(1698,122,'CREATE_PUBLISH_EVENT','PRE_MASTER',1,''),(1699,122,'GET_PUBLISH_SVN','PRE_MASTER',1,''),(1700,122,'ANALYZE_PROJECT','PRE_MASTER',1,''),(1701,122,'GET_SRC_SVN','PRE_MASTER',1,''),(1702,122,'UPDATE_ETC','PRE_MASTER',1,''),(1703,122,'CREATE_PUBLISH_DIR','PRE_MINION',1,'all models and sub targes success'),(1704,122,'COPY_PUBLISH_OLD_ETC','PRE_MINION',1,''),(1705,122,'COPY_PUBLISH_OLD_WAR','PRE_MINION',1,'success'),(1706,122,'PUBLISH_NEW_ETC','PRE_MINION',1,'all models and sub targes success'),(1707,122,'PUBLISH_NEW_WAR','PRE_MINION',1,'all models and sub targes success'),(1708,122,'STOP_TOMCAT','PUBLISH_REAL',1,'all models and sub targes success'),(1709,122,'CHANGE_LN','PUBLISH_REAL',1,'all models and sub targets success'),(1710,122,'START_TOMCAT','PUBLISH_REAL',1,'all models and sub targes success'),(1711,122,'CLEAN_HISTORY_DIR','SUCCESS_END',1,'all models and sub targes success'),(1712,122,'UPDATE_SRC_SVN','SUCCESS_END',1,'r56 by \'superman\' at Tue Jan 12 16:33:26 CST 2016'),(1713,122,'CLEAN_PUBLISH_DIR','CLEAN_END',1,'清除发布目录成功'),(1714,123,'CREATE_PUBLISH_EVENT','PRE_MASTER',1,''),(1715,123,'GET_PUBLISH_SVN','PRE_MASTER',1,''),(1716,123,'ANALYZE_PROJECT','PRE_MASTER',1,''),(1717,123,'GET_SRC_SVN','PRE_MASTER',1,''),(1718,123,'UPDATE_ETC','PRE_MASTER',1,''),(1719,123,'CREATE_PUBLISH_DIR','PRE_MINION',1,'all models and sub targes success'),(1720,123,'COPY_PUBLISH_OLD_ETC','PRE_MINION',1,''),(1721,123,'COPY_PUBLISH_OLD_WAR','PRE_MINION',1,'success'),(1722,123,'PUBLISH_NEW_ETC','PRE_MINION',1,'all models and sub targes success'),(1723,123,'PUBLISH_NEW_WAR','PRE_MINION',1,'all models and sub targes success'),(1724,123,'STOP_TOMCAT','PUBLISH_REAL',1,'all models and sub targes success'),(1725,123,'CHANGE_LN','PUBLISH_REAL',1,'all models and sub targets success'),(1726,123,'START_TOMCAT','PUBLISH_REAL',1,'all models and sub targes success'),(1727,124,'CREATE_PUBLISH_EVENT','PRE_MASTER',1,''),(1728,124,'GET_PUBLISH_SVN','PRE_MASTER',1,''),(1729,124,'ANALYZE_PROJECT','PRE_MASTER',1,''),(1730,124,'GET_SRC_SVN','PRE_MASTER',1,''),(1731,124,'UPDATE_ETC','PRE_MASTER',1,''),(1732,124,'CREATE_PUBLISH_DIR','PRE_MINION',1,'all models and sub targes success'),(1733,124,'COPY_PUBLISH_OLD_ETC','PRE_MINION',1,''),(1734,124,'COPY_PUBLISH_OLD_WAR','PRE_MINION',1,'success'),(1735,124,'PUBLISH_NEW_ETC','PRE_MINION',1,'all models and sub targes success'),(1736,124,'PUBLISH_NEW_WAR','PRE_MINION',1,'all models and sub targes success'),(1737,124,'STOP_TOMCAT','PUBLISH_REAL',1,'all models and sub targes success'),(1738,124,'CHANGE_LN','PUBLISH_REAL',1,'all models and sub targets success'),(1739,124,'START_TOMCAT','PUBLISH_REAL',1,'all models and sub targes success'),(1740,124,'CLEAN_HISTORY_DIR','SUCCESS_END',1,'all models and sub targes success'),(1741,124,'UPDATE_SRC_SVN','SUCCESS_END',1,'r57 by \'superman\' at Tue Jan 12 17:26:12 CST 2016'),(1742,124,'CLEAN_PUBLISH_DIR','CLEAN_END',1,'清除发布目录成功'),(1743,123,'STOP_TOMCAT','RESTART_TOMCAT',1,'all models and sub targes success'),(1744,123,'START_TOMCAT','RESTART_TOMCAT',1,'all models and sub targes success'),(1745,125,'CREATE_PUBLISH_EVENT','PRE_MASTER',1,''),(1746,125,'GET_PUBLISH_SVN','PRE_MASTER',1,''),(1747,125,'ANALYZE_PROJECT','PRE_MASTER',1,''),(1748,125,'GET_SRC_SVN','PRE_MASTER',1,''),(1749,125,'UPDATE_ETC','PRE_MASTER',1,''),(1750,125,'CREATE_PUBLISH_DIR','PRE_MINION',1,'all models and sub targes success'),(1751,125,'COPY_PUBLISH_OLD_ETC','PRE_MINION',1,''),(1752,125,'COPY_PUBLISH_OLD_WAR','PRE_MINION',1,'success'),(1753,125,'PUBLISH_NEW_ETC','PRE_MINION',1,'all models and sub targes success'),(1754,125,'PUBLISH_NEW_WAR','PRE_MINION',1,'all models and sub targes success'),(1755,125,'CLEAN_FAIL_DIR','CANCEL_END',1,'all models and sub targes success'),(1756,125,'CLEAN_PUBLISH_DIR','CLEAN_END',1,'清除发布目录成功'),(1757,126,'CREATE_PUBLISH_EVENT','PRE_MASTER',1,''),(1758,126,'GET_PUBLISH_SVN','PRE_MASTER',1,''),(1759,126,'ANALYZE_PROJECT','PRE_MASTER',1,''),(1760,126,'GET_SRC_SVN','PRE_MASTER',1,''),(1761,126,'UPDATE_ETC','PRE_MASTER',1,''),(1762,126,'CREATE_PUBLISH_DIR','PRE_MINION',1,'all models and sub targes success'),(1763,126,'COPY_PUBLISH_OLD_ETC','PRE_MINION',1,''),(1764,126,'COPY_PUBLISH_OLD_WAR','PRE_MINION',1,'success'),(1765,126,'PUBLISH_NEW_ETC','PRE_MINION',1,'all models and sub targes success'),(1766,126,'PUBLISH_NEW_WAR','PRE_MINION',1,'all models and sub targes success'),(1767,126,'STOP_TOMCAT','PUBLISH_REAL',1,'all models and sub targes success'),(1768,126,'CHANGE_LN','PUBLISH_REAL',1,'all models and sub targets success'),(1769,126,'START_TOMCAT','PUBLISH_REAL',1,'all models and sub targes success'),(1770,126,'CLEAN_HISTORY_DIR','SUCCESS_END',1,'all models and sub targes success'),(1771,126,'UPDATE_SRC_SVN','SUCCESS_END',1,'EMPTY COMMIT'),(1772,126,'CLEAN_PUBLISH_DIR','CLEAN_END',1,'清除发布目录成功'),(1773,123,'CLEAN_HISTORY_DIR','SUCCESS_END',1,'all models and sub targes success'),(1774,123,'UPDATE_SRC_SVN','SUCCESS_END',1,'EMPTY COMMIT'),(1775,123,'CLEAN_PUBLISH_DIR','CLEAN_END',1,'清除发布目录成功'),(1776,127,'CREATE_PUBLISH_EVENT','PRE_MASTER',1,''),(1777,127,'GET_PUBLISH_SVN','PRE_MASTER',1,''),(1778,127,'ANALYZE_PROJECT','PRE_MASTER',1,''),(1779,127,'GET_SRC_SVN','PRE_MASTER',1,''),(1780,127,'UPDATE_ETC','PRE_MASTER',1,''),(1781,127,'CREATE_PUBLISH_DIR','PRE_MINION',1,'all models and sub targes success'),(1782,127,'COPY_PUBLISH_OLD_ETC','PRE_MINION',1,''),(1783,127,'COPY_PUBLISH_OLD_WAR','PRE_MINION',1,'success'),(1784,127,'PUBLISH_NEW_ETC','PRE_MINION',1,'all models and sub targes success'),(1785,127,'PUBLISH_NEW_WAR','PRE_MINION',1,'all models and sub targes success'),(1786,127,'STOP_TOMCAT','PUBLISH_REAL',1,'all models and sub targes success'),(1787,127,'CHANGE_LN','PUBLISH_REAL',1,'all models and sub targets success'),(1788,127,'START_TOMCAT','PUBLISH_REAL',1,'all models and sub targes success'),(1789,127,'STOP_TOMCAT','FAIL_END',1,'all models and sub targes success'),(1790,127,'CHANGE_LN','FAIL_END',1,'all models and sub targets success'),(1791,127,'START_TOMCAT','FAIL_END',1,'all models and sub targes success'),(1792,127,'CLEAN_FAIL_DIR','FAIL_END',1,'all models and sub targes success'),(1793,127,'CLEAN_PUBLISH_DIR','CLEAN_END',1,'清除发布目录成功'),(1798,128,'CREATE_PUBLISH_EVENT','PRE_MASTER',1,''),(1799,128,'GET_PUBLISH_SVN','PRE_MASTER',1,''),(1800,128,'ANALYZE_PROJECT','PRE_MASTER',1,''),(1801,128,'GET_SRC_SVN','PRE_MASTER',1,''),(1802,128,'UPDATE_ETC','PRE_MASTER',1,''),(1803,128,'CREATE_PUBLISH_DIR','PRE_MINION',1,'all models and sub targes success'),(1804,128,'COPY_PUBLISH_OLD_ETC','PRE_MINION',1,''),(1805,128,'COPY_PUBLISH_OLD_WAR','PRE_MINION',1,'success'),(1806,128,'PUBLISH_NEW_ETC','PRE_MINION',1,'all models and sub targes success'),(1807,128,'PUBLISH_NEW_WAR','PRE_MINION',1,'all models and sub targes success'),(1808,128,'STOP_TOMCAT','PUBLISH_REAL',1,'all models and sub targes success'),(1809,128,'CHANGE_LN','PUBLISH_REAL',1,'all models and sub targets success'),(1810,128,'START_TOMCAT','PUBLISH_REAL',1,'all models and sub targes success'),(1811,129,'CREATE_PUBLISH_EVENT','PRE_MASTER',1,''),(1812,129,'GET_PUBLISH_SVN','PRE_MASTER',1,''),(1813,128,'CLEAN_HISTORY_DIR','SUCCESS_END',1,'all models and sub targes success'),(1814,128,'UPDATE_SRC_SVN','SUCCESS_END',1,'EMPTY COMMIT'),(1815,128,'CLEAN_PUBLISH_DIR','CLEAN_END',1,'清除发布目录成功'),(1816,129,'ANALYZE_PROJECT','PRE_MASTER',1,''),(1817,129,'GET_SRC_SVN','PRE_MASTER',1,''),(1818,129,'UPDATE_ETC','PRE_MASTER',1,''),(1819,129,'CREATE_PUBLISH_DIR','PRE_MINION',1,'all models and sub targes success'),(1820,129,'COPY_PUBLISH_OLD_ETC','PRE_MINION',1,''),(1821,129,'COPY_PUBLISH_OLD_WAR','PRE_MINION',1,'success'),(1822,129,'PUBLISH_NEW_ETC','PRE_MINION',1,'all models and sub targes success'),(1823,129,'PUBLISH_NEW_WAR','PRE_MINION',1,'all models and sub targes success'),(1824,129,'STOP_TOMCAT','PUBLISH_REAL',1,'all models and sub targes success'),(1825,129,'CHANGE_LN','PUBLISH_REAL',1,'all models and sub targets success'),(1826,129,'START_TOMCAT','PUBLISH_REAL',1,'all models and sub targes success'),(1827,129,'CLEAN_HISTORY_DIR','SUCCESS_END',1,'all models and sub targes success'),(1828,129,'UPDATE_SRC_SVN','SUCCESS_END',1,'EMPTY COMMIT'),(1829,129,'CLEAN_PUBLISH_DIR','CLEAN_END',1,'清除发布目录成功'),(1830,129,'STOP_TOMCAT','RESTART_TOMCAT',1,'all models and sub targes success'),(1831,129,'START_TOMCAT','RESTART_TOMCAT',1,'all models and sub targes success'),(1832,130,'CREATE_PUBLISH_EVENT','PRE_MASTER',1,''),(1833,130,'GET_PUBLISH_SVN','PRE_MASTER',1,''),(1834,130,'ANALYZE_PROJECT','PRE_MASTER',1,''),(1835,130,'GET_SRC_SVN','PRE_MASTER',1,''),(1836,130,'UPDATE_ETC','PRE_MASTER',1,''),(1837,130,'CREATE_PUBLISH_DIR','PRE_MINION',1,'all models and sub targes success'),(1838,130,'COPY_PUBLISH_OLD_ETC','PRE_MINION',1,''),(1839,130,'COPY_PUBLISH_OLD_WAR','PRE_MINION',1,'success'),(1840,130,'PUBLISH_NEW_ETC','PRE_MINION',1,'all models and sub targes success'),(1841,130,'PUBLISH_NEW_WAR','PRE_MINION',1,'all models and sub targes success'),(1842,130,'STOP_TOMCAT','PUBLISH_REAL',1,'all models and sub targes success'),(1843,130,'CHANGE_LN','PUBLISH_REAL',1,'all models and sub targets success'),(1844,130,'START_TOMCAT','PUBLISH_REAL',1,'all models and sub targes success'),(1845,130,'CLEAN_HISTORY_DIR','SUCCESS_END',1,'all models and sub targes success'),(1846,130,'UPDATE_SRC_SVN','SUCCESS_END',1,'EMPTY COMMIT'),(1847,130,'CLEAN_PUBLISH_DIR','CLEAN_END',1,'清除发布目录成功'),(1848,130,'STOP_TOMCAT','RESTART_TOMCAT',1,'all models and sub targes success'),(1849,130,'START_TOMCAT','RESTART_TOMCAT',1,'all models and sub targes success'),(1850,131,'CREATE_PUBLISH_EVENT','PRE_MASTER',1,''),(1851,131,'GET_PUBLISH_SVN','PRE_MASTER',1,''),(1852,131,'ANALYZE_PROJECT','PRE_MASTER',1,''),(1853,131,'GET_SRC_SVN','PRE_MASTER',1,''),(1854,131,'UPDATE_ETC','PRE_MASTER',1,''),(1855,132,'CREATE_PUBLISH_EVENT','PRE_MASTER',1,''),(1856,132,'GET_PUBLISH_SVN','PRE_MASTER',1,''),(1857,131,'CREATE_PUBLISH_DIR','PRE_MINION',1,'all models and sub targes success'),(1858,131,'COPY_PUBLISH_OLD_ETC','PRE_MINION',1,''),(1859,131,'COPY_PUBLISH_OLD_WAR','PRE_MINION',1,'success'),(1860,131,'PUBLISH_NEW_ETC','PRE_MINION',1,'all models and sub targes success'),(1861,131,'PUBLISH_NEW_WAR','PRE_MINION',1,'all models and sub targes success'),(1862,132,'ANALYZE_PROJECT','PRE_MASTER',1,''),(1863,132,'GET_SRC_SVN','PRE_MASTER',1,''),(1864,132,'UPDATE_ETC','PRE_MASTER',1,''),(1865,131,'STOP_TOMCAT','PUBLISH_REAL',1,'all models and sub targes success'),(1866,131,'CHANGE_LN','PUBLISH_REAL',1,'all models and sub targets success'),(1867,131,'START_TOMCAT','PUBLISH_REAL',1,'all models and sub targes success'),(1868,132,'CREATE_PUBLISH_DIR','PRE_MINION',1,'all models and sub targes success'),(1869,132,'COPY_PUBLISH_OLD_ETC','PRE_MINION',1,''),(1870,132,'COPY_PUBLISH_OLD_WAR','PRE_MINION',1,'success'),(1871,132,'PUBLISH_NEW_ETC','PRE_MINION',1,'all models and sub targes success'),(1872,132,'PUBLISH_NEW_WAR','PRE_MINION',1,'all models and sub targes success'),(1873,132,'STOP_TOMCAT','PUBLISH_REAL',1,'all models and sub targes success'),(1874,132,'CHANGE_LN','PUBLISH_REAL',1,'all models and sub targets success'),(1875,132,'START_TOMCAT','PUBLISH_REAL',1,'all models and sub targes success'),(1876,133,'CREATE_PUBLISH_EVENT','PRE_MASTER',1,''),(1877,133,'GET_PUBLISH_SVN','PRE_MASTER',1,''),(1878,133,'ANALYZE_PROJECT','PRE_MASTER',1,''),(1879,133,'GET_SRC_SVN','PRE_MASTER',1,''),(1880,133,'UPDATE_ETC','PRE_MASTER',1,''),(1881,133,'CREATE_PUBLISH_DIR','PRE_MINION',1,'all models and sub targes success'),(1882,133,'COPY_PUBLISH_OLD_ETC','PRE_MINION',1,''),(1883,133,'COPY_PUBLISH_OLD_WAR','PRE_MINION',1,'success'),(1884,133,'PUBLISH_NEW_ETC','PRE_MINION',1,'all models and sub targes success'),(1885,133,'PUBLISH_NEW_WAR','PRE_MINION',1,'all models and sub targes success'),(1886,133,'STOP_TOMCAT','PUBLISH_REAL',1,'all models and sub targes success'),(1887,133,'CHANGE_LN','PUBLISH_REAL',1,'all models and sub targets success'),(1888,133,'START_TOMCAT','PUBLISH_REAL',1,'all models and sub targes success'),(1889,131,'STOP_TOMCAT','RESTART_TOMCAT',1,'all models and sub targes success'),(1890,131,'START_TOMCAT','RESTART_TOMCAT',1,'all models and sub targes success'),(1891,134,'CREATE_PUBLISH_EVENT','PRE_MASTER',1,''),(1892,134,'GET_PUBLISH_SVN','PRE_MASTER',1,''),(1893,134,'ANALYZE_PROJECT','PRE_MASTER',1,''),(1894,134,'GET_SRC_SVN','PRE_MASTER',1,''),(1895,134,'UPDATE_ETC','PRE_MASTER',1,''),(1896,134,'CREATE_PUBLISH_DIR','PRE_MINION',1,'all models and sub targes success'),(1897,134,'COPY_PUBLISH_OLD_ETC','PRE_MINION',1,''),(1898,134,'COPY_PUBLISH_OLD_WAR','PRE_MINION',1,'success'),(1899,134,'PUBLISH_NEW_ETC','PRE_MINION',1,'all models and sub targes success'),(1900,134,'PUBLISH_NEW_WAR','PRE_MINION',1,'all models and sub targes success'),(1901,134,'STOP_TOMCAT','PUBLISH_REAL',1,'all models and sub targes success'),(1902,134,'CHANGE_LN','PUBLISH_REAL',1,'all models and sub targets success'),(1903,134,'START_TOMCAT','PUBLISH_REAL',1,'all models and sub targes success'),(1904,135,'CREATE_PUBLISH_EVENT','PRE_MASTER',1,''),(1905,135,'GET_PUBLISH_SVN','PRE_MASTER',1,''),(1906,131,'CLEAN_HISTORY_DIR','SUCCESS_END',1,'all models and sub targes success'),(1907,131,'UPDATE_SRC_SVN','SUCCESS_END',1,'EMPTY COMMIT'),(1908,131,'CLEAN_PUBLISH_DIR','CLEAN_END',1,'清除发布目录成功'),(1909,132,'CLEAN_HISTORY_DIR','SUCCESS_END',1,'all models and sub targes success'),(1910,132,'UPDATE_SRC_SVN','SUCCESS_END',1,'r58 by \'superman\' at Thu Jan 14 16:34:37 CST 2016'),(1911,132,'CLEAN_PUBLISH_DIR','CLEAN_END',1,'清除发布目录成功'),(1912,134,'CLEAN_HISTORY_DIR','SUCCESS_END',1,'all models and sub targes success'),(1913,134,'UPDATE_SRC_SVN','SUCCESS_END',1,'r59 by \'superman\' at Thu Jan 14 16:34:49 CST 2016'),(1914,134,'CLEAN_PUBLISH_DIR','CLEAN_END',1,'清除发布目录成功'),(1915,136,'CREATE_PUBLISH_EVENT','PRE_MASTER',1,''),(1916,136,'GET_PUBLISH_SVN','PRE_MASTER',1,''),(1917,136,'ANALYZE_PROJECT','PRE_MASTER',1,''),(1918,136,'GET_SRC_SVN','PRE_MASTER',1,''),(1919,136,'UPDATE_ETC','PRE_MASTER',1,''),(1920,136,'CREATE_PUBLISH_DIR','PRE_MINION',1,'all models and sub targes success'),(1921,136,'COPY_PUBLISH_OLD_ETC','PRE_MINION',1,''),(1922,136,'COPY_PUBLISH_OLD_WAR','PRE_MINION',1,'success'),(1923,136,'PUBLISH_NEW_ETC','PRE_MINION',1,'all models and sub targes success'),(1924,136,'PUBLISH_NEW_WAR','PRE_MINION',1,'all models and sub targes success'),(1925,136,'STOP_TOMCAT','PUBLISH_REAL',1,'all models and sub targes success'),(1926,136,'CHANGE_LN','PUBLISH_REAL',1,'all models and sub targets success'),(1927,136,'START_TOMCAT','PUBLISH_REAL',1,'all models and sub targes success'),(1928,133,'CLEAN_HISTORY_DIR','SUCCESS_END',1,'all models and sub targes success'),(1929,133,'UPDATE_SRC_SVN','SUCCESS_END',1,'EMPTY COMMIT'),(1930,133,'CLEAN_PUBLISH_DIR','CLEAN_END',1,'清除发布目录成功'),(1931,136,'CLEAN_HISTORY_DIR','SUCCESS_END',1,'all models and sub targes success'),(1932,136,'UPDATE_SRC_SVN','SUCCESS_END',1,'EMPTY COMMIT'),(1933,136,'CLEAN_PUBLISH_DIR','CLEAN_END',1,'清除发布目录成功'),(1934,135,'ANALYZE_PROJECT','PRE_MASTER',1,''),(1935,135,'GET_SRC_SVN','PRE_MASTER',1,''),(1936,135,'UPDATE_ETC','PRE_MASTER',1,''),(1937,135,'CREATE_PUBLISH_DIR','PRE_MINION',1,'all models and sub targes success'),(1938,135,'COPY_PUBLISH_OLD_ETC','PRE_MINION',1,''),(1939,135,'COPY_PUBLISH_OLD_WAR','PRE_MINION',1,'success'),(1940,135,'PUBLISH_NEW_ETC','PRE_MINION',1,'all models and sub targes success'),(1941,135,'PUBLISH_NEW_WAR','PRE_MINION',1,'all models and sub targes success'),(1942,135,'STOP_TOMCAT','PUBLISH_REAL',1,'all models and sub targes success'),(1943,135,'CHANGE_LN','PUBLISH_REAL',1,'all models and sub targets success'),(1944,135,'START_TOMCAT','PUBLISH_REAL',1,'all models and sub targes success'),(1945,137,'CREATE_PUBLISH_EVENT','PRE_MASTER',1,''),(1946,135,'STOP_TOMCAT','RESTART_TOMCAT',1,'all models and sub targes success'),(1947,135,'START_TOMCAT','RESTART_TOMCAT',1,'all models and sub targes success'),(1948,137,'GET_PUBLISH_SVN','PRE_MASTER',1,''),(1949,137,'ANALYZE_PROJECT','PRE_MASTER',1,''),(1950,137,'GET_SRC_SVN','PRE_MASTER',1,''),(1951,137,'UPDATE_ETC','PRE_MASTER',1,''),(1952,137,'CREATE_PUBLISH_DIR','PRE_MINION',1,'all models and sub targes success'),(1953,137,'COPY_PUBLISH_OLD_ETC','PRE_MINION',1,''),(1954,137,'COPY_PUBLISH_OLD_WAR','PRE_MINION',1,'success'),(1955,137,'PUBLISH_NEW_ETC','PRE_MINION',1,'all models and sub targes success'),(1956,137,'PUBLISH_NEW_WAR','PRE_MINION',1,'all models and sub targes success'),(1957,137,'STOP_TOMCAT','PUBLISH_REAL',1,'all models and sub targes success'),(1958,137,'CHANGE_LN','PUBLISH_REAL',1,'all models and sub targets success'),(1959,137,'START_TOMCAT','PUBLISH_REAL',1,'all models and sub targes success'),(1960,138,'CREATE_PUBLISH_EVENT','PRE_MASTER',1,''),(1965,137,'CLEAN_HISTORY_DIR','SUCCESS_END',1,'all models and sub targes success'),(1966,137,'UPDATE_SRC_SVN','SUCCESS_END',1,'EMPTY COMMIT'),(1967,137,'CLEAN_PUBLISH_DIR','CLEAN_END',1,'清除发布目录成功'),(1968,139,'CREATE_PUBLISH_EVENT','PRE_MASTER',1,''),(1969,139,'GET_PUBLISH_SVN','PRE_MASTER',1,''),(1970,139,'ANALYZE_PROJECT','PRE_MASTER',1,''),(1971,139,'GET_SRC_SVN','PRE_MASTER',1,''),(1972,139,'UPDATE_ETC','PRE_MASTER',1,''),(1973,139,'CREATE_PUBLISH_DIR','PRE_MINION',1,'all models and sub targes success'),(1974,139,'COPY_PUBLISH_OLD_ETC','PRE_MINION',1,''),(1975,139,'COPY_PUBLISH_OLD_WAR','PRE_MINION',1,'success'),(1976,139,'PUBLISH_NEW_ETC','PRE_MINION',1,'all models and sub targes success'),(1977,139,'PUBLISH_NEW_WAR','PRE_MINION',1,'all models and sub targes success'),(1978,140,'CREATE_PUBLISH_EVENT','PRE_MASTER',1,''),(1979,140,'GET_PUBLISH_SVN','PRE_MASTER',1,''),(1980,140,'ANALYZE_PROJECT','PRE_MASTER',1,''),(1981,140,'GET_SRC_SVN','PRE_MASTER',1,''),(1982,140,'UPDATE_ETC','PRE_MASTER',1,''),(1983,140,'CREATE_PUBLISH_DIR','PRE_MINION',1,'all models and sub targes success'),(1984,140,'COPY_PUBLISH_OLD_ETC','PRE_MINION',1,''),(1985,140,'COPY_PUBLISH_OLD_WAR','PRE_MINION',1,'success'),(1986,140,'PUBLISH_NEW_ETC','PRE_MINION',1,'all models and sub targes success'),(1987,140,'PUBLISH_NEW_WAR','PRE_MINION',1,'all models and sub targes success'),(1988,139,'STOP_TOMCAT','PUBLISH_REAL',1,'all models and sub targes success'),(1989,139,'CHANGE_LN','PUBLISH_REAL',1,'all models and sub targets success'),(1990,139,'START_TOMCAT','PUBLISH_REAL',1,'all models and sub targes success'),(1991,140,'STOP_TOMCAT','PUBLISH_REAL',1,'all models and sub targes success'),(1992,140,'CHANGE_LN','PUBLISH_REAL',1,'all models and sub targets success'),(1993,140,'START_TOMCAT','PUBLISH_REAL',1,'all models and sub targes success'),(1998,138,'GET_PUBLISH_SVN','PRE_MASTER',1,''),(1999,138,'ANALYZE_PROJECT','PRE_MASTER',1,''),(2000,138,'GET_SRC_SVN','PRE_MASTER',1,''),(2001,138,'UPDATE_ETC','PRE_MASTER',1,''),(2002,135,'CLEAN_HISTORY_DIR','SUCCESS_END',1,'all models and sub targes success'),(2003,135,'UPDATE_SRC_SVN','SUCCESS_END',1,'r60 by \'superman\' at Thu Jan 14 18:58:50 CST 2016'),(2004,135,'CLEAN_PUBLISH_DIR','CLEAN_END',1,'清除发布目录成功'),(2005,138,'CREATE_PUBLISH_DIR','PRE_MINION',1,'all models and sub targes success'),(2006,138,'COPY_PUBLISH_OLD_ETC','PRE_MINION',1,''),(2007,138,'COPY_PUBLISH_OLD_WAR','PRE_MINION',1,'success'),(2008,138,'PUBLISH_NEW_ETC','PRE_MINION',1,'all models and sub targes success'),(2009,138,'PUBLISH_NEW_WAR','PRE_MINION',1,'all models and sub targes success'),(2010,138,'STOP_TOMCAT','PUBLISH_REAL',1,'all models and sub targes success'),(2011,138,'CHANGE_LN','PUBLISH_REAL',1,'all models and sub targets success'),(2012,138,'START_TOMCAT','PUBLISH_REAL',1,'all models and sub targes success'),(2013,138,'CLEAN_HISTORY_DIR','SUCCESS_END',1,'all models and sub targes success'),(2014,138,'UPDATE_SRC_SVN','SUCCESS_END',1,'EMPTY COMMIT'),(2015,138,'CLEAN_PUBLISH_DIR','CLEAN_END',1,'清除发布目录成功'),(2016,138,'STOP_TOMCAT','RESTART_TOMCAT',1,'all models and sub targes success'),(2017,138,'START_TOMCAT','RESTART_TOMCAT',1,'all models and sub targes success'),(2018,139,'CLEAN_HISTORY_DIR','SUCCESS_END',1,'all models and sub targes success'),(2019,139,'UPDATE_SRC_SVN','SUCCESS_END',1,'EMPTY COMMIT'),(2020,139,'CLEAN_PUBLISH_DIR','CLEAN_END',1,'清除发布目录成功'),(2021,140,'CLEAN_HISTORY_DIR','SUCCESS_END',1,'all models and sub targes success'),(2022,140,'UPDATE_SRC_SVN','SUCCESS_END',1,'EMPTY COMMIT'),(2023,140,'CLEAN_PUBLISH_DIR','CLEAN_END',1,'清除发布目录成功'),(2024,141,'CREATE_PUBLISH_EVENT','PRE_MASTER',1,''),(2025,141,'GET_PUBLISH_SVN','PRE_MASTER',1,''),(2026,141,'ANALYZE_PROJECT','PRE_MASTER',1,''),(2027,141,'GET_SRC_SVN','PRE_MASTER',1,''),(2028,141,'UPDATE_ETC','PRE_MASTER',1,''),(2029,141,'CREATE_PUBLISH_DIR','PRE_MINION',1,'all models and sub targes success'),(2030,141,'COPY_PUBLISH_OLD_ETC','PRE_MINION',1,''),(2031,141,'COPY_PUBLISH_OLD_WAR','PRE_MINION',1,'success'),(2032,141,'PUBLISH_NEW_ETC','PRE_MINION',1,'all models and sub targes success'),(2033,141,'PUBLISH_NEW_WAR','PRE_MINION',1,'all models and sub targes success'),(2034,141,'STOP_TOMCAT','PUBLISH_REAL',1,'all models and sub targes success'),(2035,141,'CHANGE_LN','PUBLISH_REAL',1,'all models and sub targets success'),(2036,141,'START_TOMCAT','PUBLISH_REAL',1,'all models and sub targes success'),(2037,142,'CREATE_PUBLISH_EVENT','PRE_MASTER',1,''),(2038,142,'GET_PUBLISH_SVN','PRE_MASTER',1,''),(2039,142,'ANALYZE_PROJECT','PRE_MASTER',1,''),(2040,142,'GET_SRC_SVN','PRE_MASTER',1,''),(2041,142,'UPDATE_ETC','PRE_MASTER',1,''),(2042,142,'CREATE_PUBLISH_DIR','PRE_MINION',1,'all models and sub targes success'),(2043,142,'COPY_PUBLISH_OLD_ETC','PRE_MINION',1,''),(2044,142,'COPY_PUBLISH_OLD_WAR','PRE_MINION',1,'success'),(2045,142,'PUBLISH_NEW_ETC','PRE_MINION',1,'all models and sub targes success'),(2046,142,'PUBLISH_NEW_WAR','PRE_MINION',1,'all models and sub targes success'),(2047,142,'STOP_TOMCAT','PUBLISH_REAL',1,'all models and sub targes success'),(2048,142,'CHANGE_LN','PUBLISH_REAL',1,'all models and sub targets success'),(2049,142,'START_TOMCAT','PUBLISH_REAL',1,'all models and sub targes success'),(2050,142,'STOP_TOMCAT','RESTART_TOMCAT',1,'all models and sub targes success'),(2051,142,'START_TOMCAT','RESTART_TOMCAT',1,'all models and sub targes success'),(2052,143,'CREATE_PUBLISH_EVENT','PRE_MASTER',1,''),(2053,143,'GET_PUBLISH_SVN','PRE_MASTER',1,''),(2054,143,'ANALYZE_PROJECT','PRE_MASTER',1,''),(2055,143,'GET_SRC_SVN','PRE_MASTER',1,''),(2056,143,'UPDATE_ETC','PRE_MASTER',NULL,''),(2057,143,'CLEAN_FAIL_DIR','CANCEL_END',1,'all models and sub targes success'),(2058,143,'CLEAN_PUBLISH_DIR','CLEAN_END',1,'清除发布目录成功'),(2059,142,'CLEAN_HISTORY_DIR','SUCCESS_END',1,'all models and sub targes success'),(2060,142,'UPDATE_SRC_SVN','SUCCESS_END',1,'EMPTY COMMIT'),(2061,142,'CLEAN_PUBLISH_DIR','CLEAN_END',1,'清除发布目录成功'),(2062,144,'CREATE_PUBLISH_EVENT','PRE_MASTER',1,''),(2063,144,'GET_PUBLISH_SVN','PRE_MASTER',1,''),(2064,144,'ANALYZE_PROJECT','PRE_MASTER',1,''),(2065,144,'GET_SRC_SVN','PRE_MASTER',1,''),(2066,144,'UPDATE_ETC','PRE_MASTER',1,''),(2067,144,'CREATE_PUBLISH_DIR','PRE_MINION',1,'all models and sub targes success'),(2068,144,'COPY_PUBLISH_OLD_ETC','PRE_MINION',1,''),(2069,144,'COPY_PUBLISH_OLD_WAR','PRE_MINION',1,'success'),(2070,144,'PUBLISH_NEW_ETC','PRE_MINION',1,'all models and sub targes success'),(2071,144,'PUBLISH_NEW_WAR','PRE_MINION',1,'all models and sub targes success'),(2072,144,'STOP_TOMCAT','PUBLISH_REAL',1,'all models and sub targes success'),(2073,144,'CHANGE_LN','PUBLISH_REAL',1,'all models and sub targets success'),(2074,144,'START_TOMCAT','PUBLISH_REAL',1,'all models and sub targes success'),(2075,144,'STOP_TOMCAT','RESTART_TOMCAT',1,'all models and sub targes success'),(2076,144,'START_TOMCAT','RESTART_TOMCAT',1,'all models and sub targes success'),(2077,144,'CLEAN_HISTORY_DIR','SUCCESS_END',1,'all models and sub targes success'),(2078,144,'UPDATE_SRC_SVN','SUCCESS_END',1,'EMPTY COMMIT'),(2079,144,'CLEAN_PUBLISH_DIR','CLEAN_END',1,'清除发布目录成功'),(2080,145,'CREATE_PUBLISH_EVENT','PRE_MASTER',1,''),(2081,145,'GET_PUBLISH_SVN','PRE_MASTER',1,''),(2082,145,'ANALYZE_PROJECT','PRE_MASTER',1,''),(2083,145,'GET_SRC_SVN','PRE_MASTER',1,''),(2084,145,'UPDATE_ETC','PRE_MASTER',1,''),(2085,145,'CREATE_PUBLISH_DIR','PRE_MINION',1,'all models and sub targes success'),(2086,145,'COPY_PUBLISH_OLD_ETC','PRE_MINION',1,''),(2087,145,'COPY_PUBLISH_OLD_WAR','PRE_MINION',1,'success'),(2088,145,'PUBLISH_NEW_ETC','PRE_MINION',1,'all models and sub targes success'),(2089,145,'PUBLISH_NEW_WAR','PRE_MINION',1,'all models and sub targes success'),(2090,145,'STOP_TOMCAT','PUBLISH_REAL',1,'all models and sub targes success'),(2091,145,'CHANGE_LN','PUBLISH_REAL',1,'all models and sub targets success'),(2092,145,'START_TOMCAT','PUBLISH_REAL',1,'all models and sub targes success'),(2093,145,'STOP_TOMCAT','RESTART_TOMCAT',1,'all models and sub targes success'),(2094,145,'START_TOMCAT','RESTART_TOMCAT',1,'all models and sub targes success'),(2095,146,'CREATE_PUBLISH_EVENT','PRE_MASTER',1,''),(2096,146,'GET_PUBLISH_SVN','PRE_MASTER',1,''),(2097,146,'ANALYZE_PROJECT','PRE_MASTER',1,''),(2098,146,'GET_SRC_SVN','PRE_MASTER',1,''),(2099,146,'UPDATE_ETC','PRE_MASTER',1,''),(2100,141,'CLEAN_HISTORY_DIR','SUCCESS_END',1,'all models and sub targes success'),(2101,141,'UPDATE_SRC_SVN','SUCCESS_END',1,'r61 by \'superman\' at Thu Jan 14 22:00:41 CST 2016'),(2102,141,'CLEAN_PUBLISH_DIR','CLEAN_END',1,'清除发布目录成功'),(2103,146,'CREATE_PUBLISH_DIR','PRE_MINION',1,'all models and sub targes success'),(2104,146,'COPY_PUBLISH_OLD_ETC','PRE_MINION',1,''),(2105,146,'COPY_PUBLISH_OLD_WAR','PRE_MINION',1,'success'),(2106,146,'PUBLISH_NEW_ETC','PRE_MINION',1,'all models and sub targes success'),(2107,146,'PUBLISH_NEW_WAR','PRE_MINION',1,'all models and sub targes success'),(2108,146,'STOP_TOMCAT','PUBLISH_REAL',1,'all models and sub targes success'),(2109,146,'CHANGE_LN','PUBLISH_REAL',1,'all models and sub targets success'),(2110,146,'START_TOMCAT','PUBLISH_REAL',1,'all models and sub targes success'),(2111,146,'CLEAN_HISTORY_DIR','SUCCESS_END',1,'all models and sub targes success'),(2112,146,'UPDATE_SRC_SVN','SUCCESS_END',1,'svn commit error'),(2113,147,'CREATE_PUBLISH_EVENT','PRE_MASTER',1,''),(2114,147,'GET_PUBLISH_SVN','PRE_MASTER',1,''),(2115,147,'ANALYZE_PROJECT','PRE_MASTER',1,''),(2116,147,'GET_SRC_SVN','PRE_MASTER',1,''),(2117,147,'UPDATE_ETC','PRE_MASTER',1,''),(2118,147,'CREATE_PUBLISH_DIR','PRE_MINION',1,'all models and sub targes success'),(2119,147,'COPY_PUBLISH_OLD_ETC','PRE_MINION',1,''),(2120,147,'COPY_PUBLISH_OLD_WAR','PRE_MINION',1,'success'),(2121,147,'PUBLISH_NEW_ETC','PRE_MINION',1,'all models and sub targes success'),(2122,147,'PUBLISH_NEW_WAR','PRE_MINION',1,'all models and sub targes success'),(2123,147,'STOP_TOMCAT','PUBLISH_REAL',1,'all models and sub targes success'),(2124,147,'CHANGE_LN','PUBLISH_REAL',1,'all models and sub targets success'),(2125,147,'START_TOMCAT','PUBLISH_REAL',1,'all models and sub targes success'),(2126,147,'CLEAN_HISTORY_DIR','SUCCESS_END',1,'all models and sub targes success'),(2127,147,'UPDATE_SRC_SVN','SUCCESS_END',1,'r62 by \'superman\' at Thu Jan 14 22:17:14 CST 2016'),(2128,147,'CLEAN_PUBLISH_DIR','CLEAN_END',1,'清除发布目录成功'),(2129,148,'CREATE_PUBLISH_EVENT','PRE_MASTER',1,''),(2130,148,'GET_PUBLISH_SVN','PRE_MASTER',1,''),(2131,148,'ANALYZE_PROJECT','PRE_MASTER',1,''),(2132,148,'GET_SRC_SVN','PRE_MASTER',1,''),(2133,148,'UPDATE_ETC','PRE_MASTER',1,''),(2134,148,'CREATE_PUBLISH_DIR','PRE_MINION',1,'all models and sub targes success'),(2135,148,'COPY_PUBLISH_OLD_ETC','PRE_MINION',1,''),(2136,148,'COPY_PUBLISH_OLD_WAR','PRE_MINION',1,'success'),(2137,148,'PUBLISH_NEW_ETC','PRE_MINION',1,'all models and sub targes success'),(2138,148,'PUBLISH_NEW_WAR','PRE_MINION',1,'all models and sub targes success'),(2139,148,'STOP_TOMCAT','PUBLISH_REAL',1,'all models and sub targes success'),(2140,148,'CHANGE_LN','PUBLISH_REAL',1,'all models and sub targets success'),(2141,148,'START_TOMCAT','PUBLISH_REAL',1,'all models and sub targes success'),(2142,148,'CLEAN_HISTORY_DIR','SUCCESS_END',1,'all models and sub targes success'),(2143,148,'UPDATE_SRC_SVN','SUCCESS_END',1,'EMPTY COMMIT'),(2144,148,'CLEAN_PUBLISH_DIR','CLEAN_END',1,'清除发布目录成功'),(2145,149,'CREATE_PUBLISH_EVENT','PRE_MASTER',1,''),(2146,149,'GET_PUBLISH_SVN','PRE_MASTER',1,''),(2147,149,'ANALYZE_PROJECT','PRE_MASTER',1,''),(2148,149,'GET_SRC_SVN','PRE_MASTER',1,''),(2149,149,'UPDATE_ETC','PRE_MASTER',1,''),(2150,149,'CREATE_PUBLISH_DIR','PRE_MINION',1,'all models and sub targes success'),(2151,149,'COPY_PUBLISH_OLD_ETC','PRE_MINION',1,''),(2152,149,'COPY_PUBLISH_OLD_WAR','PRE_MINION',1,'success'),(2153,149,'PUBLISH_NEW_ETC','PRE_MINION',1,'all models and sub targes success'),(2154,149,'PUBLISH_NEW_WAR','PRE_MINION',1,'all models and sub targes success'),(2155,149,'STOP_TOMCAT','PUBLISH_REAL',1,'all models and sub targes success'),(2156,149,'CHANGE_LN','PUBLISH_REAL',1,'all models and sub targets success'),(2157,149,'START_TOMCAT','PUBLISH_REAL',1,'all models and sub targes success'),(2158,149,'CLEAN_HISTORY_DIR','SUCCESS_END',1,'all models and sub targes success'),(2159,149,'UPDATE_SRC_SVN','SUCCESS_END',1,'EMPTY COMMIT'),(2160,149,'CLEAN_PUBLISH_DIR','CLEAN_END',1,'清除发布目录成功'),(2161,150,'CREATE_PUBLISH_EVENT','PRE_MASTER',1,''),(2162,150,'GET_PUBLISH_SVN','PRE_MASTER',1,''),(2163,150,'ANALYZE_PROJECT','PRE_MASTER',1,''),(2164,150,'GET_SRC_SVN','PRE_MASTER',1,''),(2165,150,'UPDATE_ETC','PRE_MASTER',1,''),(2166,150,'CREATE_PUBLISH_DIR','PRE_MINION',1,'all models and sub targes success'),(2167,150,'COPY_PUBLISH_OLD_ETC','PRE_MINION',1,''),(2168,150,'COPY_PUBLISH_OLD_WAR','PRE_MINION',1,'success'),(2169,150,'PUBLISH_NEW_ETC','PRE_MINION',1,'all models and sub targes success'),(2170,150,'PUBLISH_NEW_WAR','PRE_MINION',1,'all models and sub targes success'),(2171,150,'STOP_TOMCAT','PUBLISH_REAL',1,'all models and sub targes success'),(2172,150,'CHANGE_LN','PUBLISH_REAL',1,'all models and sub targets success'),(2173,150,'START_TOMCAT','PUBLISH_REAL',1,'all models and sub targes success'),(2174,150,'STOP_TOMCAT','RESTART_TOMCAT',1,'all models and sub targes success'),(2175,150,'START_TOMCAT','RESTART_TOMCAT',1,'all models and sub targes success'),(2176,150,'CLEAN_HISTORY_DIR','SUCCESS_END',1,'all models and sub targes success'),(2177,150,'UPDATE_SRC_SVN','SUCCESS_END',1,'EMPTY COMMIT'),(2178,150,'CLEAN_PUBLISH_DIR','CLEAN_END',1,'清除发布目录成功'),(2179,151,'CREATE_PUBLISH_EVENT','PRE_MASTER',1,''),(2180,151,'GET_PUBLISH_SVN','PRE_MASTER',1,''),(2181,151,'ANALYZE_PROJECT','PRE_MASTER',1,''),(2182,151,'GET_SRC_SVN','PRE_MASTER',1,''),(2183,151,'UPDATE_ETC','PRE_MASTER',1,''),(2184,151,'CREATE_PUBLISH_DIR','PRE_MINION',1,'all models and sub targes success'),(2185,151,'COPY_PUBLISH_OLD_ETC','PRE_MINION',1,''),(2186,151,'COPY_PUBLISH_OLD_WAR','PRE_MINION',1,'success'),(2187,151,'PUBLISH_NEW_ETC','PRE_MINION',1,'all models and sub targes success'),(2188,151,'PUBLISH_NEW_WAR','PRE_MINION',1,'all models and sub targes success'),(2189,151,'STOP_TOMCAT','PUBLISH_REAL',1,'all models and sub targes success'),(2190,151,'CHANGE_LN','PUBLISH_REAL',1,'all models and sub targets success'),(2191,151,'START_TOMCAT','PUBLISH_REAL',1,'all models and sub targes success'),(2192,151,'CLEAN_HISTORY_DIR','SUCCESS_END',1,'all models and sub targes success'),(2193,151,'UPDATE_SRC_SVN','SUCCESS_END',1,'EMPTY COMMIT'),(2194,151,'CLEAN_PUBLISH_DIR','CLEAN_END',1,'清除发布目录成功'),(2195,151,'STOP_TOMCAT','FAIL_END',1,'all models and sub targes success'),(2196,151,'CHANGE_LN','FAIL_END',0,'success count:1,  targets count:2'),(2197,152,'CREATE_PUBLISH_EVENT','PRE_MASTER',1,''),(2198,152,'GET_PUBLISH_SVN','PRE_MASTER',1,''),(2199,152,'ANALYZE_PROJECT','PRE_MASTER',1,''),(2200,152,'GET_SRC_SVN','PRE_MASTER',1,''),(2201,152,'UPDATE_ETC','PRE_MASTER',1,''),(2202,152,'CREATE_PUBLISH_DIR','PRE_MINION',1,'all models and sub targes success'),(2203,152,'COPY_PUBLISH_OLD_ETC','PRE_MINION',1,''),(2204,152,'COPY_PUBLISH_OLD_WAR','PRE_MINION',1,'success'),(2205,152,'PUBLISH_NEW_ETC','PRE_MINION',1,'all models and sub targes success'),(2206,152,'PUBLISH_NEW_WAR','PRE_MINION',1,'all models and sub targes success'),(2207,152,'STOP_TOMCAT','PUBLISH_REAL',1,'all models and sub targes success'),(2208,152,'CHANGE_LN','PUBLISH_REAL',1,'all models and sub targets success'),(2209,152,'START_TOMCAT','PUBLISH_REAL',1,'all models and sub targes success'),(2210,152,'CLEAN_HISTORY_DIR','SUCCESS_END',1,'all models and sub targes success'),(2211,152,'UPDATE_SRC_SVN','SUCCESS_END',1,'EMPTY COMMIT'),(2212,152,'CLEAN_PUBLISH_DIR','CLEAN_END',1,'清除发布目录成功'),(2213,153,'CREATE_PUBLISH_EVENT','PRE_MASTER',1,''),(2214,153,'GET_PUBLISH_SVN','PRE_MASTER',1,''),(2215,153,'ANALYZE_PROJECT','PRE_MASTER',1,''),(2216,153,'GET_SRC_SVN','PRE_MASTER',1,''),(2217,153,'UPDATE_ETC','PRE_MASTER',1,''),(2218,153,'CREATE_PUBLISH_DIR','PRE_MINION',1,'all models and sub targes success'),(2219,153,'COPY_PUBLISH_OLD_ETC','PRE_MINION',1,''),(2220,153,'COPY_PUBLISH_OLD_WAR','PRE_MINION',1,'success'),(2221,153,'PUBLISH_NEW_ETC','PRE_MINION',1,'all models and sub targes success'),(2222,153,'PUBLISH_NEW_WAR','PRE_MINION',1,'all models and sub targes success'),(2223,153,'STOP_TOMCAT','PUBLISH_REAL',1,'all models and sub targes success'),(2224,153,'CHANGE_LN','PUBLISH_REAL',1,'all models and sub targets success'),(2225,153,'START_TOMCAT','PUBLISH_REAL',1,'all models and sub targes success'),(2226,153,'CLEAN_HISTORY_DIR','SUCCESS_END',1,'all models and sub targes success'),(2227,153,'UPDATE_SRC_SVN','SUCCESS_END',1,'EMPTY COMMIT'),(2228,153,'CLEAN_PUBLISH_DIR','CLEAN_END',1,'清除发布目录成功'),(2229,154,'CREATE_PUBLISH_EVENT','PRE_MASTER',1,''),(2230,154,'GET_PUBLISH_SVN','PRE_MASTER',1,''),(2231,154,'ANALYZE_PROJECT','PRE_MASTER',1,''),(2232,154,'GET_SRC_SVN','PRE_MASTER',1,''),(2233,154,'UPDATE_ETC','PRE_MASTER',1,''),(2234,154,'CREATE_PUBLISH_DIR','PRE_MINION',1,'all models and sub targes success'),(2235,154,'COPY_PUBLISH_OLD_ETC','PRE_MINION',1,''),(2236,154,'COPY_PUBLISH_OLD_WAR','PRE_MINION',1,'success'),(2237,154,'PUBLISH_NEW_ETC','PRE_MINION',1,'all models and sub targes success'),(2238,154,'PUBLISH_NEW_WAR','PRE_MINION',1,'all models and sub targes success'),(2239,154,'STOP_TOMCAT','PUBLISH_REAL',1,'all models and sub targes success'),(2240,154,'CHANGE_LN','PUBLISH_REAL',1,'all models and sub targets success'),(2241,154,'START_TOMCAT','PUBLISH_REAL',1,'all models and sub targes success'),(2242,154,'CLEAN_HISTORY_DIR','SUCCESS_END',1,'all models and sub targes success'),(2243,154,'UPDATE_SRC_SVN','SUCCESS_END',1,'EMPTY COMMIT'),(2244,154,'CLEAN_PUBLISH_DIR','CLEAN_END',1,'清除发布目录成功'),(2245,155,'CREATE_PUBLISH_EVENT','PRE_MASTER',1,''),(2246,155,'GET_PUBLISH_SVN','PRE_MASTER',1,''),(2247,155,'ANALYZE_PROJECT','PRE_MASTER',1,''),(2248,155,'GET_SRC_SVN','PRE_MASTER',1,''),(2249,155,'UPDATE_ETC','PRE_MASTER',1,''),(2250,155,'CREATE_PUBLISH_DIR','PRE_MINION',1,'all models and sub targes success'),(2251,155,'COPY_PUBLISH_OLD_ETC','PRE_MINION',1,''),(2252,155,'COPY_PUBLISH_OLD_WAR','PRE_MINION',1,'success'),(2253,155,'PUBLISH_NEW_ETC','PRE_MINION',1,'all models and sub targes success'),(2254,155,'PUBLISH_NEW_WAR','PRE_MINION',1,'all models and sub targes success'),(2255,155,'STOP_TOMCAT','PUBLISH_REAL',1,'all models and sub targes success'),(2256,155,'CHANGE_LN','PUBLISH_REAL',1,'all models and sub targets success'),(2257,155,'START_TOMCAT','PUBLISH_REAL',1,'all models and sub targes success'),(2258,155,'CLEAN_HISTORY_DIR','SUCCESS_END',1,'all models and sub targes success'),(2259,155,'UPDATE_SRC_SVN','SUCCESS_END',1,'EMPTY COMMIT'),(2260,155,'CLEAN_PUBLISH_DIR','CLEAN_END',1,'清除发布目录成功'),(2261,156,'CREATE_PUBLISH_EVENT','PRE_MASTER',1,''),(2262,156,'GET_PUBLISH_SVN','PRE_MASTER',1,''),(2263,156,'ANALYZE_PROJECT','PRE_MASTER',1,''),(2264,156,'GET_SRC_SVN','PRE_MASTER',1,''),(2265,156,'UPDATE_ETC','PRE_MASTER',1,''),(2266,156,'CREATE_PUBLISH_DIR','PRE_MINION',1,'all models and sub targes success'),(2267,156,'COPY_PUBLISH_OLD_ETC','PRE_MINION',1,''),(2268,156,'COPY_PUBLISH_OLD_WAR','PRE_MINION',1,'success'),(2269,156,'PUBLISH_NEW_ETC','PRE_MINION',1,'all models and sub targes success'),(2270,156,'PUBLISH_NEW_WAR','PRE_MINION',1,'all models and sub targes success'),(2271,156,'STOP_TOMCAT','PUBLISH_REAL',1,'all models and sub targes success'),(2272,156,'CHANGE_LN','PUBLISH_REAL',1,'all models and sub targets success'),(2273,156,'START_TOMCAT','PUBLISH_REAL',1,'all models and sub targes success'),(2274,156,'STOP_TOMCAT','RESTART_TOMCAT',1,'all models and sub targes success'),(2275,156,'START_TOMCAT','RESTART_TOMCAT',1,'all models and sub targes success'),(2276,156,'STOP_TOMCAT','FAIL_END',1,'all models and sub targes success'),(2277,156,'CHANGE_LN','FAIL_END',1,'all models and sub targets success'),(2278,156,'START_TOMCAT','FAIL_END',1,'all models and sub targes success'),(2279,156,'CLEAN_FAIL_DIR','FAIL_END',1,'all models and sub targes success'),(2280,156,'CLEAN_PUBLISH_DIR','CLEAN_END',1,'清除发布目录成功'),(2281,157,'CREATE_PUBLISH_EVENT','PRE_MASTER',1,''),(2282,157,'GET_PUBLISH_SVN','PRE_MASTER',1,''),(2283,157,'ANALYZE_PROJECT','PRE_MASTER',1,''),(2284,157,'GET_SRC_SVN','PRE_MASTER',1,''),(2285,157,'UPDATE_ETC','PRE_MASTER',1,''),(2286,157,'CREATE_PUBLISH_DIR','PRE_MINION',1,'all models and sub targes success'),(2287,157,'COPY_PUBLISH_OLD_ETC','PRE_MINION',1,''),(2288,157,'COPY_PUBLISH_OLD_WAR','PRE_MINION',1,'success'),(2289,157,'PUBLISH_NEW_ETC','PRE_MINION',1,'all models and sub targes success'),(2290,157,'PUBLISH_NEW_WAR','PRE_MINION',1,'all models and sub targes success'),(2291,157,'STOP_TOMCAT','PUBLISH_REAL',1,'all models and sub targes success'),(2292,157,'CHANGE_LN','PUBLISH_REAL',1,'all models and sub targets success'),(2293,157,'START_TOMCAT','PUBLISH_REAL',1,'all models and sub targes success'),(2294,157,'STOP_TOMCAT','RESTART_TOMCAT',1,'all models and sub targes success'),(2295,157,'START_TOMCAT','RESTART_TOMCAT',1,'all models and sub targes success'),(2296,157,'STOP_TOMCAT','FAIL_END',1,'all models and sub targes success'),(2297,157,'CHANGE_LN','FAIL_END',1,'all models and sub targets success'),(2298,157,'START_TOMCAT','FAIL_END',1,'all models and sub targes success'),(2299,157,'CLEAN_FAIL_DIR','FAIL_END',1,'all models and sub targes success'),(2300,157,'CLEAN_PUBLISH_DIR','CLEAN_END',1,'清除发布目录成功'),(2301,158,'CREATE_PUBLISH_EVENT','PRE_MASTER',1,''),(2302,159,'CREATE_PUBLISH_EVENT','PRE_MASTER',1,''),(2303,159,'GET_PUBLISH_SVN','PRE_MASTER',1,''),(2304,159,'ANALYZE_PROJECT','PRE_MASTER',1,''),(2305,159,'GET_SRC_SVN','PRE_MASTER',1,''),(2306,159,'UPDATE_ETC','PRE_MASTER',1,''),(2307,159,'CREATE_PUBLISH_DIR','PRE_MINION',1,'all models and sub targes success'),(2308,159,'COPY_PUBLISH_OLD_ETC','PRE_MINION',1,''),(2309,159,'COPY_PUBLISH_OLD_WAR','PRE_MINION',1,'success'),(2310,159,'PUBLISH_NEW_ETC','PRE_MINION',1,'all models and sub targes success'),(2311,159,'PUBLISH_NEW_WAR','PRE_MINION',1,'all models and sub targes success'),(2312,159,'STOP_TOMCAT','PUBLISH_REAL',1,'all models and sub targes success'),(2313,159,'CHANGE_LN','PUBLISH_REAL',1,'all models and sub targets success'),(2314,159,'START_TOMCAT','PUBLISH_REAL',1,'all models and sub targes success'),(2315,159,'STOP_TOMCAT','RESTART_TOMCAT',1,'all models and sub targes success'),(2316,159,'START_TOMCAT','RESTART_TOMCAT',1,'all models and sub targes success'),(2317,159,'STOP_TOMCAT','FAIL_END',1,'all models and sub targes success'),(2318,159,'CHANGE_LN','FAIL_END',1,'all models and sub targets success'),(2319,159,'START_TOMCAT','FAIL_END',1,'all models and sub targes success'),(2320,159,'CLEAN_FAIL_DIR','FAIL_END',1,'all models and sub targes success'),(2321,159,'CLEAN_PUBLISH_DIR','CLEAN_END',1,'清除发布目录成功'),(2322,160,'CREATE_PUBLISH_EVENT','PRE_MASTER',1,''),(2323,160,'GET_PUBLISH_SVN','PRE_MASTER',1,''),(2324,160,'ANALYZE_PROJECT','PRE_MASTER',1,''),(2325,160,'GET_SRC_SVN','PRE_MASTER',1,''),(2326,160,'UPDATE_ETC','PRE_MASTER',1,''),(2327,160,'CREATE_PUBLISH_DIR','PRE_MINION',1,'all models and sub targes success'),(2328,160,'COPY_PUBLISH_OLD_ETC','PRE_MINION',1,''),(2329,160,'COPY_PUBLISH_OLD_WAR','PRE_MINION',1,'success'),(2330,160,'PUBLISH_NEW_ETC','PRE_MINION',1,'all models and sub targes success'),(2331,160,'PUBLISH_NEW_WAR','PRE_MINION',1,'all models and sub targes success'),(2332,160,'STOP_TOMCAT','PUBLISH_REAL',1,'all models and sub targes success'),(2333,160,'CHANGE_LN','PUBLISH_REAL',1,'all models and sub targets success'),(2334,160,'START_TOMCAT','PUBLISH_REAL',1,'all models and sub targes success'),(2335,160,'STOP_TOMCAT','RESTART_TOMCAT',1,'all models and sub targes success'),(2336,160,'START_TOMCAT','RESTART_TOMCAT',1,'all models and sub targes success'),(2337,160,'CLEAN_HISTORY_DIR','SUCCESS_END',1,'all models and sub targes success'),(2338,160,'UPDATE_SRC_SVN','SUCCESS_END',1,'EMPTY COMMIT'),(2339,160,'CLEAN_PUBLISH_DIR','CLEAN_END',1,'清除发布目录成功'),(2340,161,'CREATE_PUBLISH_EVENT','PRE_MASTER',1,''),(2341,161,'GET_PUBLISH_SVN','PRE_MASTER',1,''),(2342,161,'ANALYZE_PROJECT','PRE_MASTER',1,''),(2343,161,'GET_SRC_SVN','PRE_MASTER',1,''),(2344,161,'UPDATE_ETC','PRE_MASTER',1,''),(2345,161,'CREATE_PUBLISH_DIR','PRE_MINION',1,'all models and sub targes success'),(2346,161,'COPY_PUBLISH_OLD_ETC','PRE_MINION',1,''),(2347,161,'COPY_PUBLISH_OLD_WAR','PRE_MINION',1,'success'),(2348,161,'PUBLISH_NEW_ETC','PRE_MINION',1,'all models and sub targes success'),(2349,161,'PUBLISH_NEW_WAR','PRE_MINION',1,'all models and sub targes success'),(2350,161,'STOP_TOMCAT','PUBLISH_REAL',1,'all models and sub targes success'),(2351,161,'CHANGE_LN','PUBLISH_REAL',1,'all models and sub targets success'),(2352,161,'START_TOMCAT','PUBLISH_REAL',1,'all models and sub targes success'),(2353,161,'STOP_TOMCAT','RESTART_TOMCAT',1,'all models and sub targes success'),(2354,161,'START_TOMCAT','RESTART_TOMCAT',1,'all models and sub targes success'),(2355,162,'CREATE_PUBLISH_EVENT','PRE_MASTER',1,''),(2356,162,'GET_PUBLISH_SVN','PRE_MASTER',1,''),(2357,162,'ANALYZE_PROJECT','PRE_MASTER',1,''),(2358,162,'GET_SRC_SVN','PRE_MASTER',1,''),(2359,162,'UPDATE_ETC','PRE_MASTER',1,''),(2360,162,'CREATE_PUBLISH_DIR','PRE_MINION',1,'all models and sub targes success'),(2361,162,'COPY_PUBLISH_OLD_ETC','PRE_MINION',1,''),(2362,162,'COPY_PUBLISH_OLD_WAR','PRE_MINION',1,'success'),(2363,162,'PUBLISH_NEW_ETC','PRE_MINION',1,'all models and sub targes success'),(2364,162,'PUBLISH_NEW_WAR','PRE_MINION',1,'all models and sub targes success'),(2365,162,'STOP_TOMCAT','PUBLISH_REAL',1,'all models and sub targes success'),(2366,162,'CHANGE_LN','PUBLISH_REAL',1,'all models and sub targets success'),(2367,162,'START_TOMCAT','PUBLISH_REAL',1,'all models and sub targes success'),(2368,162,'STOP_TOMCAT','RESTART_TOMCAT',1,'all models and sub targes success'),(2369,162,'START_TOMCAT','RESTART_TOMCAT',1,'all models and sub targes success'),(2370,163,'CREATE_PUBLISH_EVENT','PRE_MASTER',1,''),(2371,163,'GET_PUBLISH_SVN','PRE_MASTER',1,''),(2372,163,'ANALYZE_PROJECT','PRE_MASTER',1,''),(2373,163,'GET_SRC_SVN','PRE_MASTER',1,''),(2374,163,'UPDATE_ETC','PRE_MASTER',1,''),(2375,163,'CREATE_PUBLISH_DIR','PRE_MINION',1,'all models and sub targes success'),(2376,163,'COPY_PUBLISH_OLD_ETC','PRE_MINION',1,''),(2377,163,'COPY_PUBLISH_OLD_WAR','PRE_MINION',1,'success'),(2378,163,'PUBLISH_NEW_ETC','PRE_MINION',1,'all models and sub targes success'),(2379,163,'PUBLISH_NEW_WAR','PRE_MINION',1,'all models and sub targes success'),(2380,163,'STOP_TOMCAT','PUBLISH_REAL',1,'all models and sub targes success'),(2381,163,'CHANGE_LN','PUBLISH_REAL',1,'all models and sub targets success'),(2382,163,'START_TOMCAT','PUBLISH_REAL',1,'all models and sub targes success'),(2383,163,'STOP_TOMCAT','RESTART_TOMCAT',1,'all models and sub targes success'),(2384,163,'START_TOMCAT','RESTART_TOMCAT',1,'all models and sub targes success'),(2385,164,'CREATE_PUBLISH_EVENT','PRE_MASTER',1,''),(2386,164,'GET_PUBLISH_SVN','PRE_MASTER',1,''),(2387,164,'ANALYZE_PROJECT','PRE_MASTER',1,''),(2388,164,'GET_SRC_SVN','PRE_MASTER',1,''),(2389,164,'UPDATE_ETC','PRE_MASTER',1,''),(2390,163,'CLEAN_HISTORY_DIR','SUCCESS_END',1,'all models and sub targes success'),(2391,163,'UPDATE_SRC_SVN','SUCCESS_END',1,'EMPTY COMMIT'),(2392,163,'CLEAN_PUBLISH_DIR','CLEAN_END',1,'清除发布目录成功'),(2393,164,'CREATE_PUBLISH_DIR','PRE_MINION',1,'all models and sub targes success'),(2394,164,'COPY_PUBLISH_OLD_ETC','PRE_MINION',1,''),(2395,164,'COPY_PUBLISH_OLD_WAR','PRE_MINION',1,'success'),(2396,164,'PUBLISH_NEW_ETC','PRE_MINION',1,'all models and sub targes success'),(2397,164,'PUBLISH_NEW_WAR','PRE_MINION',1,'all models and sub targes success'),(2398,164,'STOP_TOMCAT','PUBLISH_REAL',1,'all models and sub targes success'),(2399,164,'CHANGE_LN','PUBLISH_REAL',1,'all models and sub targets success'),(2400,164,'START_TOMCAT','PUBLISH_REAL',1,'all models and sub targes success'),(2401,165,'CREATE_PUBLISH_EVENT','PRE_MASTER',1,''),(2402,165,'GET_PUBLISH_SVN','PRE_MASTER',1,''),(2403,165,'ANALYZE_PROJECT','PRE_MASTER',1,''),(2404,165,'GET_SRC_SVN','PRE_MASTER',1,''),(2405,165,'UPDATE_ETC','PRE_MASTER',1,''),(2406,161,'CLEAN_HISTORY_DIR','SUCCESS_END',1,'all models and sub targes success'),(2407,161,'UPDATE_SRC_SVN','SUCCESS_END',1,'EMPTY COMMIT'),(2408,161,'CLEAN_PUBLISH_DIR','CLEAN_END',1,'清除发布目录成功'),(2409,165,'CREATE_PUBLISH_DIR','PRE_MINION',1,'all models and sub targes success'),(2410,165,'COPY_PUBLISH_OLD_ETC','PRE_MINION',1,''),(2411,165,'COPY_PUBLISH_OLD_WAR','PRE_MINION',1,'success'),(2412,165,'PUBLISH_NEW_ETC','PRE_MINION',1,'all models and sub targes success'),(2413,165,'PUBLISH_NEW_WAR','PRE_MINION',1,'all models and sub targes success'),(2414,165,'STOP_TOMCAT','PUBLISH_REAL',1,'all models and sub targes success'),(2415,165,'CHANGE_LN','PUBLISH_REAL',1,'all models and sub targets success'),(2416,165,'START_TOMCAT','PUBLISH_REAL',1,'all models and sub targes success'),(2417,166,'CREATE_PUBLISH_EVENT','PRE_MASTER',1,''),(2418,162,'CLEAN_HISTORY_DIR','SUCCESS_END',1,'all models and sub targes success'),(2419,162,'UPDATE_SRC_SVN','SUCCESS_END',1,'EMPTY COMMIT'),(2420,162,'CLEAN_PUBLISH_DIR','CLEAN_END',1,'清除发布目录成功'),(2421,166,'GET_PUBLISH_SVN','PRE_MASTER',1,''),(2422,166,'ANALYZE_PROJECT','PRE_MASTER',1,''),(2423,166,'GET_SRC_SVN','PRE_MASTER',1,''),(2424,166,'UPDATE_ETC','PRE_MASTER',1,''),(2425,166,'CREATE_PUBLISH_DIR','PRE_MINION',1,'all models and sub targes success'),(2426,166,'COPY_PUBLISH_OLD_ETC','PRE_MINION',1,''),(2427,166,'COPY_PUBLISH_OLD_WAR','PRE_MINION',1,'success'),(2428,166,'PUBLISH_NEW_ETC','PRE_MINION',1,'all models and sub targes success'),(2429,166,'PUBLISH_NEW_WAR','PRE_MINION',1,'all models and sub targes success'),(2430,166,'STOP_TOMCAT','PUBLISH_REAL',1,'all models and sub targes success'),(2431,166,'CHANGE_LN','PUBLISH_REAL',1,'all models and sub targets success'),(2432,166,'START_TOMCAT','PUBLISH_REAL',1,'all models and sub targes success'),(2433,166,'STOP_TOMCAT','RESTART_TOMCAT',1,'all models and sub targes success'),(2434,166,'START_TOMCAT','RESTART_TOMCAT',1,'all models and sub targes success'),(2435,166,'CLEAN_HISTORY_DIR','SUCCESS_END',1,'all models and sub targes success'),(2436,166,'UPDATE_SRC_SVN','SUCCESS_END',1,'EMPTY COMMIT'),(2437,166,'CLEAN_PUBLISH_DIR','CLEAN_END',1,'清除发布目录成功'),(2438,165,'CLEAN_HISTORY_DIR','SUCCESS_END',1,'all models and sub targes success'),(2439,165,'UPDATE_SRC_SVN','SUCCESS_END',1,'EMPTY COMMIT'),(2440,165,'CLEAN_PUBLISH_DIR','CLEAN_END',1,'清除发布目录成功'),(2441,167,'CREATE_PUBLISH_EVENT','PRE_MASTER',1,''),(2442,167,'GET_PUBLISH_SVN','PRE_MASTER',1,''),(2443,167,'ANALYZE_PROJECT','PRE_MASTER',1,''),(2444,167,'GET_SRC_SVN','PRE_MASTER',1,''),(2445,167,'UPDATE_ETC','PRE_MASTER',1,''),(2446,164,'CLEAN_HISTORY_DIR','SUCCESS_END',1,'all models and sub targes success'),(2447,164,'UPDATE_SRC_SVN','SUCCESS_END',1,'EMPTY COMMIT'),(2448,164,'CLEAN_PUBLISH_DIR','CLEAN_END',1,'清除发布目录成功'),(2449,167,'CREATE_PUBLISH_DIR','PRE_MINION',1,'all models and sub targes success'),(2450,167,'COPY_PUBLISH_OLD_ETC','PRE_MINION',1,''),(2451,167,'COPY_PUBLISH_OLD_WAR','PRE_MINION',1,'success'),(2452,167,'PUBLISH_NEW_ETC','PRE_MINION',1,'all models and sub targes success'),(2453,167,'PUBLISH_NEW_WAR','PRE_MINION',1,'all models and sub targes success'),(2454,167,'STOP_TOMCAT','PUBLISH_REAL',1,'all models and sub targes success'),(2455,167,'CHANGE_LN','PUBLISH_REAL',1,'all models and sub targets success'),(2456,167,'START_TOMCAT','PUBLISH_REAL',1,'all models and sub targes success'),(2457,167,'STOP_TOMCAT','RESTART_TOMCAT',1,'all models and sub targes success'),(2458,167,'START_TOMCAT','RESTART_TOMCAT',1,'all models and sub targes success'),(2459,168,'CREATE_PUBLISH_EVENT','PRE_MASTER',1,''),(2460,168,'GET_PUBLISH_SVN','PRE_MASTER',1,''),(2461,168,'ANALYZE_PROJECT','PRE_MASTER',1,''),(2462,168,'GET_SRC_SVN','PRE_MASTER',1,''),(2463,168,'UPDATE_ETC','PRE_MASTER',1,''),(2464,167,'CLEAN_HISTORY_DIR','SUCCESS_END',1,'all models and sub targes success'),(2465,167,'UPDATE_SRC_SVN','SUCCESS_END',1,'EMPTY COMMIT'),(2466,167,'CLEAN_PUBLISH_DIR','CLEAN_END',1,'清除发布目录成功'),(2467,168,'CREATE_PUBLISH_DIR','PRE_MINION',1,'all models and sub targes success'),(2468,168,'COPY_PUBLISH_OLD_ETC','PRE_MINION',1,''),(2469,168,'COPY_PUBLISH_OLD_WAR','PRE_MINION',1,'success'),(2470,168,'PUBLISH_NEW_ETC','PRE_MINION',1,'all models and sub targes success'),(2471,168,'PUBLISH_NEW_WAR','PRE_MINION',1,'all models and sub targes success'),(2472,168,'STOP_TOMCAT','PUBLISH_REAL',1,'all models and sub targes success'),(2473,168,'CHANGE_LN','PUBLISH_REAL',1,'all models and sub targets success'),(2474,168,'START_TOMCAT','PUBLISH_REAL',1,'all models and sub targes success'),(2475,168,'STOP_TOMCAT','RESTART_TOMCAT',1,'all models and sub targes success'),(2476,168,'START_TOMCAT','RESTART_TOMCAT',1,'all models and sub targes success'),(2477,169,'CREATE_PUBLISH_EVENT','PRE_MASTER',1,''),(2478,169,'GET_PUBLISH_SVN','PRE_MASTER',1,''),(2479,169,'ANALYZE_PROJECT','PRE_MASTER',1,''),(2480,169,'GET_SRC_SVN','PRE_MASTER',1,''),(2481,169,'UPDATE_ETC','PRE_MASTER',1,''),(2482,169,'CREATE_PUBLISH_DIR','PRE_MINION',1,'all models and sub targes success'),(2483,169,'COPY_PUBLISH_OLD_ETC','PRE_MINION',1,''),(2484,169,'COPY_PUBLISH_OLD_WAR','PRE_MINION',1,'success'),(2485,169,'PUBLISH_NEW_ETC','PRE_MINION',1,'all models and sub targes success'),(2486,169,'PUBLISH_NEW_WAR','PRE_MINION',1,'all models and sub targes success'),(2487,169,'STOP_TOMCAT','PUBLISH_REAL',1,'all models and sub targes success'),(2488,169,'CHANGE_LN','PUBLISH_REAL',1,'all models and sub targets success'),(2489,169,'START_TOMCAT','PUBLISH_REAL',1,'all models and sub targes success'),(2490,169,'STOP_TOMCAT','FAIL_END',1,'all models and sub targes success'),(2491,169,'CHANGE_LN','FAIL_END',1,'all models and sub targets success'),(2492,169,'START_TOMCAT','FAIL_END',1,'all models and sub targes success'),(2493,169,'CLEAN_FAIL_DIR','FAIL_END',1,'all models and sub targes success'),(2494,169,'CLEAN_PUBLISH_DIR','CLEAN_END',1,'清除发布目录成功'),(2499,170,'CREATE_PUBLISH_EVENT','PRE_MASTER',1,''),(2500,170,'GET_PUBLISH_SVN','PRE_MASTER',1,''),(2501,170,'ANALYZE_PROJECT','PRE_MASTER',1,''),(2502,170,'GET_SRC_SVN','PRE_MASTER',1,''),(2503,170,'UPDATE_ETC','PRE_MASTER',1,''),(2504,170,'CREATE_PUBLISH_DIR','PRE_MINION',1,'all models and sub targes success'),(2505,170,'COPY_PUBLISH_OLD_ETC','PRE_MINION',1,''),(2506,170,'COPY_PUBLISH_OLD_WAR','PRE_MINION',1,'success'),(2507,170,'PUBLISH_NEW_ETC','PRE_MINION',1,'all models and sub targes success'),(2508,170,'PUBLISH_NEW_WAR','PRE_MINION',1,'all models and sub targes success'),(2509,170,'STOP_TOMCAT','PUBLISH_REAL',1,'all models and sub targes success'),(2510,170,'CHANGE_LN','PUBLISH_REAL',1,'all models and sub targets success'),(2511,170,'START_TOMCAT','PUBLISH_REAL',1,'all models and sub targes success'),(2512,170,'CLEAN_HISTORY_DIR','SUCCESS_END',1,'all models and sub targes success'),(2513,170,'UPDATE_SRC_SVN','SUCCESS_END',1,'EMPTY COMMIT'),(2514,170,'CLEAN_PUBLISH_DIR','CLEAN_END',1,'清除发布目录成功'),(2515,171,'CREATE_PUBLISH_EVENT','PRE_MASTER',1,''),(2516,171,'GET_PUBLISH_SVN','PRE_MASTER',1,''),(2517,171,'ANALYZE_PROJECT','PRE_MASTER',NULL,''),(2518,172,'CREATE_PUBLISH_EVENT','PRE_MASTER',1,''),(2519,172,'GET_PUBLISH_SVN','PRE_MASTER',1,''),(2520,172,'ANALYZE_PROJECT','PRE_MASTER',1,''),(2521,172,'GET_SRC_SVN','PRE_MASTER',1,''),(2522,172,'UPDATE_ETC','PRE_MASTER',1,''),(2523,145,'CLEAN_HISTORY_DIR','SUCCESS_END',1,'all models and sub targes success'),(2524,145,'UPDATE_SRC_SVN','SUCCESS_END',1,'EMPTY COMMIT'),(2525,145,'CLEAN_PUBLISH_DIR','CLEAN_END',1,'清除发布目录成功'),(2526,172,'CREATE_PUBLISH_DIR','PRE_MINION',1,'all models and sub targes success'),(2527,172,'COPY_PUBLISH_OLD_ETC','PRE_MINION',1,''),(2528,172,'COPY_PUBLISH_OLD_WAR','PRE_MINION',1,'success'),(2529,172,'PUBLISH_NEW_ETC','PRE_MINION',1,'all models and sub targes success'),(2530,172,'PUBLISH_NEW_WAR','PRE_MINION',1,'all models and sub targes success'),(2531,172,'STOP_TOMCAT','PUBLISH_REAL',1,'all models and sub targes success'),(2532,172,'CHANGE_LN','PUBLISH_REAL',1,'all models and sub targets success'),(2533,172,'START_TOMCAT','PUBLISH_REAL',1,'all models and sub targes success'),(2534,172,'STOP_TOMCAT','RESTART_TOMCAT',1,'all models and sub targes success'),(2535,172,'START_TOMCAT','RESTART_TOMCAT',1,'all models and sub targes success'),(2536,173,'CREATE_PUBLISH_EVENT','PRE_MASTER',1,''),(2537,173,'GET_PUBLISH_SVN','PRE_MASTER',1,''),(2538,173,'ANALYZE_PROJECT','PRE_MASTER',1,''),(2539,173,'GET_SRC_SVN','PRE_MASTER',1,''),(2540,173,'UPDATE_ETC','PRE_MASTER',1,''),(2541,173,'CREATE_PUBLISH_DIR','PRE_MINION',1,'all models and sub targes success'),(2542,173,'COPY_PUBLISH_OLD_ETC','PRE_MINION',1,''),(2543,173,'COPY_PUBLISH_OLD_WAR','PRE_MINION',1,'success'),(2544,173,'PUBLISH_NEW_ETC','PRE_MINION',1,'all models and sub targes success'),(2545,173,'PUBLISH_NEW_WAR','PRE_MINION',1,'all models and sub targes success'),(2546,173,'STOP_TOMCAT','PUBLISH_REAL',1,'all models and sub targes success'),(2547,173,'CHANGE_LN','PUBLISH_REAL',1,'all models and sub targets success'),(2548,173,'START_TOMCAT','PUBLISH_REAL',1,'all models and sub targes success'),(2549,173,'CLEAN_HISTORY_DIR','SUCCESS_END',1,'all models and sub targes success'),(2550,173,'UPDATE_SRC_SVN','SUCCESS_END',1,'EMPTY COMMIT'),(2551,173,'CLEAN_PUBLISH_DIR','CLEAN_END',1,'清除发布目录成功'),(2552,174,'CREATE_PUBLISH_EVENT','PRE_MASTER',1,''),(2553,174,'GET_PUBLISH_SVN','PRE_MASTER',1,''),(2554,174,'ANALYZE_PROJECT','PRE_MASTER',1,''),(2555,174,'GET_SRC_SVN','PRE_MASTER',1,''),(2556,174,'UPDATE_ETC','PRE_MASTER',1,''),(2557,174,'CREATE_PUBLISH_DIR','PRE_MINION',1,'all models and sub targes success'),(2558,174,'COPY_PUBLISH_OLD_ETC','PRE_MINION',1,''),(2559,174,'COPY_PUBLISH_OLD_WAR','PRE_MINION',1,'success'),(2560,174,'PUBLISH_NEW_ETC','PRE_MINION',1,'all models and sub targes success'),(2561,174,'PUBLISH_NEW_WAR','PRE_MINION',1,'all models and sub targes success'),(2562,174,'STOP_TOMCAT','PUBLISH_REAL',1,'all models and sub targes success'),(2563,174,'CHANGE_LN','PUBLISH_REAL',1,'all models and sub targets success'),(2564,174,'START_TOMCAT','PUBLISH_REAL',1,'all models and sub targes success'),(2565,174,'CLEAN_HISTORY_DIR','SUCCESS_END',1,'all models and sub targes success'),(2566,174,'UPDATE_SRC_SVN','SUCCESS_END',1,'EMPTY COMMIT'),(2567,174,'CLEAN_PUBLISH_DIR','CLEAN_END',1,'清除发布目录成功'),(2568,175,'CREATE_PUBLISH_EVENT','PRE_MASTER',1,''),(2569,175,'GET_PUBLISH_SVN','PRE_MASTER',1,''),(2570,175,'ANALYZE_PROJECT','PRE_MASTER',1,''),(2571,175,'GET_SRC_SVN','PRE_MASTER',1,''),(2572,175,'UPDATE_ETC','PRE_MASTER',1,''),(2573,175,'CREATE_PUBLISH_DIR','PRE_MINION',1,'all models and sub targes success'),(2574,175,'COPY_PUBLISH_OLD_ETC','PRE_MINION',1,''),(2575,175,'COPY_PUBLISH_OLD_WAR','PRE_MINION',1,'success'),(2576,175,'PUBLISH_NEW_ETC','PRE_MINION',1,'all models and sub targes success'),(2577,175,'PUBLISH_NEW_WAR','PRE_MINION',1,'all models and sub targes success'),(2578,175,'STOP_TOMCAT','PUBLISH_REAL',1,'all models and sub targes success'),(2579,175,'CHANGE_LN','PUBLISH_REAL',1,'all models and sub targets success'),(2580,175,'START_TOMCAT','PUBLISH_REAL',1,'all models and sub targes success'),(2581,175,'CLEAN_HISTORY_DIR','SUCCESS_END',1,'all models and sub targes success'),(2582,175,'UPDATE_SRC_SVN','SUCCESS_END',1,'EMPTY COMMIT'),(2583,175,'CLEAN_PUBLISH_DIR','CLEAN_END',1,'清除发布目录成功'),(2584,172,'CLEAN_HISTORY_DIR','SUCCESS_END',1,'all models and sub targes success'),(2585,172,'UPDATE_SRC_SVN','SUCCESS_END',1,'EMPTY COMMIT'),(2586,172,'CLEAN_PUBLISH_DIR','CLEAN_END',1,'清除发布目录成功'),(2587,176,'CREATE_PUBLISH_EVENT','PRE_MASTER',1,''),(2588,177,'CREATE_PUBLISH_EVENT','PRE_MASTER',1,''),(2589,177,'GET_PUBLISH_SVN','PRE_MASTER',1,''),(2590,177,'ANALYZE_PROJECT','PRE_MASTER',1,''),(2591,177,'GET_SRC_SVN','PRE_MASTER',1,''),(2592,177,'UPDATE_ETC','PRE_MASTER',1,''),(2593,177,'CREATE_PUBLISH_DIR','PRE_MINION',1,'all models and sub targes success'),(2594,177,'COPY_PUBLISH_OLD_ETC','PRE_MINION',1,''),(2595,177,'COPY_PUBLISH_OLD_WAR','PRE_MINION',1,'success'),(2596,177,'PUBLISH_NEW_ETC','PRE_MINION',1,'all models and sub targes success'),(2597,177,'PUBLISH_NEW_WAR','PRE_MINION',1,'all models and sub targes success'),(2598,177,'STOP_TOMCAT','PUBLISH_REAL',1,'all models and sub targes success'),(2599,177,'CHANGE_LN','PUBLISH_REAL',1,'all models and sub targets success'),(2600,177,'START_TOMCAT','PUBLISH_REAL',1,'all models and sub targes success'),(2601,177,'CLEAN_HISTORY_DIR','SUCCESS_END',1,'all models and sub targes success'),(2602,177,'UPDATE_SRC_SVN','SUCCESS_END',1,'EMPTY COMMIT'),(2603,177,'CLEAN_PUBLISH_DIR','CLEAN_END',1,'清除发布目录成功'),(2604,178,'CREATE_PUBLISH_EVENT','PRE_MASTER',1,''),(2605,178,'GET_PUBLISH_SVN','PRE_MASTER',1,''),(2606,178,'ANALYZE_PROJECT','PRE_MASTER',1,''),(2607,178,'GET_SRC_SVN','PRE_MASTER',1,''),(2608,178,'UPDATE_ETC','PRE_MASTER',1,''),(2609,178,'CREATE_PUBLISH_DIR','PRE_MINION',1,'all models and sub targes success'),(2610,178,'COPY_PUBLISH_OLD_ETC','PRE_MINION',1,''),(2611,178,'COPY_PUBLISH_OLD_WAR','PRE_MINION',1,'success'),(2612,178,'PUBLISH_NEW_ETC','PRE_MINION',1,'all models and sub targes success'),(2613,178,'PUBLISH_NEW_WAR','PRE_MINION',1,'all models and sub targes success'),(2614,178,'STOP_TOMCAT','PUBLISH_REAL',1,'all models and sub targes success'),(2615,178,'CHANGE_LN','PUBLISH_REAL',1,'all models and sub targets success'),(2616,178,'START_TOMCAT','PUBLISH_REAL',1,'all models and sub targes success'),(2617,178,'STOP_TOMCAT','RESTART_TOMCAT',1,'all models and sub targes success'),(2618,178,'START_TOMCAT','RESTART_TOMCAT',1,'all models and sub targes success'),(2619,179,'CREATE_PUBLISH_EVENT','PRE_MASTER',1,''),(2620,179,'GET_PUBLISH_SVN','PRE_MASTER',1,''),(2621,179,'ANALYZE_PROJECT','PRE_MASTER',1,''),(2622,179,'GET_SRC_SVN','PRE_MASTER',1,''),(2623,179,'UPDATE_ETC','PRE_MASTER',1,''),(2624,178,'CLEAN_HISTORY_DIR','SUCCESS_END',1,'all models and sub targes success'),(2625,178,'UPDATE_SRC_SVN','SUCCESS_END',1,'EMPTY COMMIT'),(2626,178,'CLEAN_PUBLISH_DIR','CLEAN_END',1,'清除发布目录成功'),(2627,179,'CREATE_PUBLISH_DIR','PRE_MINION',1,'all models and sub targes success'),(2628,179,'COPY_PUBLISH_OLD_ETC','PRE_MINION',1,''),(2629,179,'COPY_PUBLISH_OLD_WAR','PRE_MINION',1,'success'),(2630,179,'PUBLISH_NEW_ETC','PRE_MINION',1,'all models and sub targes success'),(2631,179,'PUBLISH_NEW_WAR','PRE_MINION',1,'all models and sub targes success'),(2632,179,'STOP_TOMCAT','PUBLISH_REAL',1,'all models and sub targes success'),(2633,179,'CHANGE_LN','PUBLISH_REAL',1,'all models and sub targets success'),(2634,179,'START_TOMCAT','PUBLISH_REAL',1,'all models and sub targes success'),(2635,180,'CREATE_PUBLISH_EVENT','PRE_MASTER',1,''),(2636,180,'GET_PUBLISH_SVN','PRE_MASTER',1,''),(2637,180,'ANALYZE_PROJECT','PRE_MASTER',1,''),(2638,180,'GET_SRC_SVN','PRE_MASTER',1,''),(2639,180,'UPDATE_ETC','PRE_MASTER',1,''),(2640,179,'CLEAN_HISTORY_DIR','SUCCESS_END',1,'all models and sub targes success'),(2641,179,'UPDATE_SRC_SVN','SUCCESS_END',1,'EMPTY COMMIT'),(2642,179,'CLEAN_PUBLISH_DIR','CLEAN_END',1,'清除发布目录成功'),(2643,180,'CREATE_PUBLISH_DIR','PRE_MINION',1,'all models and sub targes success'),(2644,180,'COPY_PUBLISH_OLD_ETC','PRE_MINION',1,''),(2645,180,'COPY_PUBLISH_OLD_WAR','PRE_MINION',1,'success'),(2646,180,'PUBLISH_NEW_ETC','PRE_MINION',1,'all models and sub targes success'),(2647,180,'PUBLISH_NEW_WAR','PRE_MINION',1,'all models and sub targes success'),(2648,180,'STOP_TOMCAT','PUBLISH_REAL',1,'all models and sub targes success'),(2649,180,'CHANGE_LN','PUBLISH_REAL',1,'all models and sub targets success'),(2650,180,'START_TOMCAT','PUBLISH_REAL',1,'all models and sub targes success'),(2651,180,'CLEAN_HISTORY_DIR','SUCCESS_END',1,'all models and sub targes success'),(2652,180,'UPDATE_SRC_SVN','SUCCESS_END',1,'EMPTY COMMIT'),(2653,180,'CLEAN_PUBLISH_DIR','CLEAN_END',1,'清除发布目录成功'),(2654,181,'CREATE_PUBLISH_EVENT','PRE_MASTER',1,''),(2655,181,'GET_PUBLISH_SVN','PRE_MASTER',1,''),(2656,181,'ANALYZE_PROJECT','PRE_MASTER',1,''),(2657,181,'GET_SRC_SVN','PRE_MASTER',1,''),(2658,181,'UPDATE_ETC','PRE_MASTER',1,''),(2659,181,'CREATE_PUBLISH_DIR','PRE_MINION',1,'all models and sub targes success'),(2660,181,'COPY_PUBLISH_OLD_ETC','PRE_MINION',1,''),(2661,181,'COPY_PUBLISH_OLD_WAR','PRE_MINION',1,'success'),(2662,181,'PUBLISH_NEW_ETC','PRE_MINION',1,'all models and sub targes success'),(2663,181,'PUBLISH_NEW_WAR','PRE_MINION',1,'all models and sub targes success'),(2664,181,'STOP_TOMCAT','PUBLISH_REAL',1,'all models and sub targes success'),(2665,181,'CHANGE_LN','PUBLISH_REAL',1,'all models and sub targets success'),(2666,181,'START_TOMCAT','PUBLISH_REAL',1,'all models and sub targes success'),(2667,182,'CREATE_PUBLISH_EVENT','PRE_MASTER',1,''),(2668,182,'GET_PUBLISH_SVN','PRE_MASTER',1,''),(2669,182,'ANALYZE_PROJECT','PRE_MASTER',1,''),(2670,182,'GET_SRC_SVN','PRE_MASTER',1,''),(2671,182,'UPDATE_ETC','PRE_MASTER',1,''),(2672,182,'CREATE_PUBLISH_DIR','PRE_MINION',1,'all models and sub targes success'),(2673,182,'COPY_PUBLISH_OLD_ETC','PRE_MINION',1,''),(2674,182,'COPY_PUBLISH_OLD_WAR','PRE_MINION',1,'success'),(2675,182,'PUBLISH_NEW_ETC','PRE_MINION',1,'all models and sub targes success'),(2676,182,'PUBLISH_NEW_WAR','PRE_MINION',1,'all models and sub targes success'),(2677,182,'STOP_TOMCAT','PUBLISH_REAL',1,'all models and sub targes success'),(2678,182,'CHANGE_LN','PUBLISH_REAL',1,'all models and sub targets success'),(2679,182,'START_TOMCAT','PUBLISH_REAL',1,'all models and sub targes success'),(2680,183,'CREATE_PUBLISH_EVENT','PRE_MASTER',1,''),(2681,183,'GET_PUBLISH_SVN','PRE_MASTER',1,''),(2682,183,'ANALYZE_PROJECT','PRE_MASTER',1,''),(2683,183,'GET_SRC_SVN','PRE_MASTER',1,''),(2684,183,'UPDATE_ETC','PRE_MASTER',1,''),(2685,181,'CLEAN_HISTORY_DIR','SUCCESS_END',1,'all models and sub targes success'),(2686,181,'UPDATE_SRC_SVN','SUCCESS_END',1,'EMPTY COMMIT'),(2687,181,'CLEAN_PUBLISH_DIR','CLEAN_END',1,'清除发布目录成功'),(2688,183,'CREATE_PUBLISH_DIR','PRE_MINION',1,'all models and sub targes success'),(2689,183,'COPY_PUBLISH_OLD_ETC','PRE_MINION',1,''),(2690,183,'COPY_PUBLISH_OLD_WAR','PRE_MINION',1,'success'),(2691,183,'PUBLISH_NEW_ETC','PRE_MINION',1,'all models and sub targes success'),(2692,183,'PUBLISH_NEW_WAR','PRE_MINION',1,'all models and sub targes success'),(2693,183,'STOP_TOMCAT','PUBLISH_REAL',1,'all models and sub targes success'),(2694,183,'CHANGE_LN','PUBLISH_REAL',1,'all models and sub targets success'),(2695,183,'START_TOMCAT','PUBLISH_REAL',1,'all models and sub targes success'),(2696,183,'CLEAN_HISTORY_DIR','SUCCESS_END',1,'all models and sub targes success'),(2697,183,'UPDATE_SRC_SVN','SUCCESS_END',1,'EMPTY COMMIT'),(2698,183,'CLEAN_PUBLISH_DIR','CLEAN_END',1,'清除发布目录成功'),(2699,184,'CREATE_PUBLISH_EVENT','PRE_MASTER',1,''),(2700,184,'GET_PUBLISH_SVN','PRE_MASTER',1,''),(2701,184,'ANALYZE_PROJECT','PRE_MASTER',1,''),(2702,184,'GET_SRC_SVN','PRE_MASTER',1,''),(2703,184,'UPDATE_ETC','PRE_MASTER',1,''),(2704,184,'CREATE_PUBLISH_DIR','PRE_MINION',1,'all models and sub targes success'),(2705,184,'COPY_PUBLISH_OLD_ETC','PRE_MINION',1,''),(2706,184,'COPY_PUBLISH_OLD_WAR','PRE_MINION',1,'success'),(2707,184,'PUBLISH_NEW_ETC','PRE_MINION',1,'all models and sub targes success'),(2708,184,'PUBLISH_NEW_WAR','PRE_MINION',1,'all models and sub targes success'),(2709,184,'STOP_TOMCAT','PUBLISH_REAL',1,'all models and sub targes success'),(2710,184,'CHANGE_LN','PUBLISH_REAL',1,'all models and sub targets success'),(2711,184,'START_TOMCAT','PUBLISH_REAL',1,'all models and sub targes success'),(2712,184,'CLEAN_HISTORY_DIR','SUCCESS_END',1,'all models and sub targes success'),(2713,184,'UPDATE_SRC_SVN','SUCCESS_END',1,'EMPTY COMMIT'),(2714,184,'CLEAN_PUBLISH_DIR','CLEAN_END',1,'清除发布目录成功'),(2715,182,'CLEAN_HISTORY_DIR','SUCCESS_END',1,'all models and sub targes success'),(2716,182,'UPDATE_SRC_SVN','SUCCESS_END',1,'EMPTY COMMIT'),(2717,182,'CLEAN_PUBLISH_DIR','CLEAN_END',1,'清除发布目录成功'),(2718,185,'CREATE_PUBLISH_EVENT','PRE_MASTER',1,''),(2719,185,'GET_PUBLISH_SVN','PRE_MASTER',1,''),(2720,185,'ANALYZE_PROJECT','PRE_MASTER',1,''),(2721,185,'GET_SRC_SVN','PRE_MASTER',1,''),(2722,185,'UPDATE_ETC','PRE_MASTER',1,''),(2723,185,'CREATE_PUBLISH_DIR','PRE_MINION',1,'all models and sub targes success'),(2724,185,'COPY_PUBLISH_OLD_ETC','PRE_MINION',1,''),(2725,185,'COPY_PUBLISH_OLD_WAR','PRE_MINION',1,'success'),(2726,185,'PUBLISH_NEW_ETC','PRE_MINION',1,'all models and sub targes success'),(2727,185,'PUBLISH_NEW_WAR','PRE_MINION',1,'all models and sub targes success'),(2728,185,'STOP_TOMCAT','PUBLISH_REAL',1,'all models and sub targes success'),(2729,185,'CHANGE_LN','PUBLISH_REAL',1,'all models and sub targets success'),(2730,185,'START_TOMCAT','PUBLISH_REAL',1,'all models and sub targes success'),(2731,185,'CLEAN_HISTORY_DIR','SUCCESS_END',1,'all models and sub targes success'),(2732,185,'UPDATE_SRC_SVN','SUCCESS_END',1,'EMPTY COMMIT'),(2733,185,'CLEAN_PUBLISH_DIR','CLEAN_END',1,'清除发布目录成功'),(2734,186,'CREATE_PUBLISH_EVENT','PRE_MASTER',1,''),(2735,186,'GET_PUBLISH_SVN','PRE_MASTER',1,''),(2736,186,'ANALYZE_PROJECT','PRE_MASTER',1,''),(2737,186,'GET_SRC_SVN','PRE_MASTER',1,''),(2738,186,'UPDATE_ETC','PRE_MASTER',1,''),(2739,186,'CREATE_PUBLISH_DIR','PRE_MINION',1,'all models and sub targes success'),(2740,186,'COPY_PUBLISH_OLD_ETC','PRE_MINION',1,''),(2741,186,'COPY_PUBLISH_OLD_WAR','PRE_MINION',1,'success'),(2742,186,'PUBLISH_NEW_ETC','PRE_MINION',1,'all models and sub targes success'),(2743,186,'PUBLISH_NEW_WAR','PRE_MINION',1,'all models and sub targes success'),(2744,186,'STOP_TOMCAT','PUBLISH_REAL',1,'all models and sub targes success'),(2745,186,'CHANGE_LN','PUBLISH_REAL',1,'all models and sub targets success'),(2746,186,'START_TOMCAT','PUBLISH_REAL',1,'all models and sub targes success'),(2747,187,'CREATE_PUBLISH_EVENT','PRE_MASTER',1,''),(2748,187,'GET_PUBLISH_SVN','PRE_MASTER',1,''),(2749,187,'ANALYZE_PROJECT','PRE_MASTER',1,''),(2750,187,'GET_SRC_SVN','PRE_MASTER',1,''),(2751,187,'UPDATE_ETC','PRE_MASTER',1,''),(2752,168,'CLEAN_HISTORY_DIR','SUCCESS_END',1,'all models and sub targes success'),(2753,168,'UPDATE_SRC_SVN','SUCCESS_END',1,'EMPTY COMMIT'),(2754,168,'CLEAN_PUBLISH_DIR','CLEAN_END',1,'清除发布目录成功'),(2755,187,'CREATE_PUBLISH_DIR','PRE_MINION',1,'all models and sub targes success'),(2756,187,'COPY_PUBLISH_OLD_ETC','PRE_MINION',1,''),(2757,187,'COPY_PUBLISH_OLD_WAR','PRE_MINION',1,'success'),(2758,187,'PUBLISH_NEW_ETC','PRE_MINION',1,'all models and sub targes success'),(2759,187,'PUBLISH_NEW_WAR','PRE_MINION',1,'all models and sub targes success'),(2760,187,'STOP_TOMCAT','PUBLISH_REAL',1,'all models and sub targes success'),(2761,187,'CHANGE_LN','PUBLISH_REAL',1,'all models and sub targets success'),(2762,187,'START_TOMCAT','PUBLISH_REAL',1,'all models and sub targes success'),(2763,187,'STOP_TOMCAT','RESTART_TOMCAT',1,'all models and sub targes success'),(2764,187,'START_TOMCAT','RESTART_TOMCAT',1,'all models and sub targes success'),(2765,187,'CLEAN_HISTORY_DIR','SUCCESS_END',1,'all models and sub targes success'),(2766,187,'UPDATE_SRC_SVN','SUCCESS_END',1,'EMPTY COMMIT'),(2767,187,'CLEAN_PUBLISH_DIR','CLEAN_END',1,'清除发布目录成功'),(2768,188,'CREATE_PUBLISH_EVENT','PRE_MASTER',1,''),(2769,188,'GET_PUBLISH_SVN','PRE_MASTER',1,''),(2770,188,'ANALYZE_PROJECT','PRE_MASTER',1,''),(2771,188,'GET_SRC_SVN','PRE_MASTER',1,''),(2772,188,'UPDATE_ETC','PRE_MASTER',1,''),(2773,188,'CREATE_PUBLISH_DIR','PRE_MINION',1,'all models and sub targes success'),(2774,188,'COPY_PUBLISH_OLD_ETC','PRE_MINION',1,''),(2775,188,'COPY_PUBLISH_OLD_WAR','PRE_MINION',1,'success'),(2776,188,'PUBLISH_NEW_ETC','PRE_MINION',1,'all models and sub targes success'),(2777,188,'PUBLISH_NEW_WAR','PRE_MINION',1,'all models and sub targes success'),(2778,188,'STOP_TOMCAT','PUBLISH_REAL',1,'all models and sub targes success'),(2779,188,'CHANGE_LN','PUBLISH_REAL',1,'all models and sub targets success'),(2780,188,'START_TOMCAT','PUBLISH_REAL',1,'all models and sub targes success'),(2781,188,'STOP_TOMCAT','RESTART_TOMCAT',1,'all models and sub targes success'),(2782,188,'START_TOMCAT','RESTART_TOMCAT',1,'all models and sub targes success'),(2783,188,'CLEAN_HISTORY_DIR','SUCCESS_END',1,'all models and sub targes success'),(2784,188,'UPDATE_SRC_SVN','SUCCESS_END',1,'EMPTY COMMIT'),(2785,188,'CLEAN_PUBLISH_DIR','CLEAN_END',1,'清除发布目录成功'),(2786,189,'CREATE_PUBLISH_EVENT','PRE_MASTER',1,''),(2787,189,'GET_PUBLISH_SVN','PRE_MASTER',1,''),(2788,189,'ANALYZE_PROJECT','PRE_MASTER',1,''),(2789,189,'GET_SRC_SVN','PRE_MASTER',1,''),(2790,189,'UPDATE_ETC','PRE_MASTER',1,''),(2791,189,'CREATE_PUBLISH_DIR','PRE_MINION',1,'all models and sub targes success'),(2792,189,'COPY_PUBLISH_OLD_ETC','PRE_MINION',1,''),(2793,189,'COPY_PUBLISH_OLD_WAR','PRE_MINION',1,'success'),(2794,189,'PUBLISH_NEW_ETC','PRE_MINION',1,'all models and sub targes success'),(2795,189,'PUBLISH_NEW_WAR','PRE_MINION',1,'all models and sub targes success'),(2796,189,'STOP_TOMCAT','PUBLISH_REAL',1,'all models and sub targes success'),(2797,189,'CHANGE_LN','PUBLISH_REAL',1,'all models and sub targets success'),(2798,189,'START_TOMCAT','PUBLISH_REAL',1,'all models and sub targes success');
/*!40000 ALTER TABLE `nebula_publish_schedule` ENABLE KEYS */;
UNLOCK TABLES;

--
-- Table structure for table `nebula_publish_sequence`
--

DROP TABLE IF EXISTS `nebula_publish_sequence`;
/*!40101 SET @saved_cs_client     = @@character_set_client */;
/*!40101 SET character_set_client = utf8 */;
CREATE TABLE `nebula_publish_sequence` (
  `id` int(11) NOT NULL AUTO_INCREMENT,
  `action_name` varchar(50) NOT NULL COMMENT '发布动作名称',
  `action_desc` varchar(50) DEFAULT NULL COMMENT '发布动作描述',
  `action_class` varchar(255) DEFAULT NULL COMMENT '发布action类名',
  `action_seq_id` int(5) DEFAULT NULL COMMENT '发布顺序',
  `action_group` varchar(50) DEFAULT NULL COMMENT '发布过程分组',
  PRIMARY KEY (`id`),
  UNIQUE KEY `unique_action_seq_id` (`action_seq_id`)
) ENGINE=InnoDB AUTO_INCREMENT=26 DEFAULT CHARSET=utf8 ROW_FORMAT=DYNAMIC;
/*!40101 SET character_set_client = @saved_cs_client */;

--
-- Dumping data for table `nebula_publish_sequence`
--

LOCK TABLES `nebula_publish_sequence` WRITE;
/*!40000 ALTER TABLE `nebula_publish_sequence` DISABLE KEYS */;
INSERT INTO `nebula_publish_sequence` VALUES (1,'CREATE_PUBLISH_EVENT',NULL,NULL,1,'PRE_MASTER'),(2,'GET_PUBLISH_SVN',NULL,'GetPublishSvnAction',2,'PRE_MASTER'),(3,'ANALYZE_PROJECT',NULL,'PublishRelationAction',3,'PRE_MASTER'),(4,'GET_SRC_SVN',NULL,'GetSrcSvnAction',4,'PRE_MASTER'),(5,'UPDATE_ETC',NULL,NULL,5,'PRE_MASTER'),(6,'CREATE_PUBLISH_DIR',NULL,'CreateDirAciton',11,'PRE_MINION'),(7,'COPY_PUBLISH_OLD_ETC',NULL,'CpEtcAction',12,'PRE_MINION'),(8,'COPY_PUBLISH_OLD_WAR',NULL,'CpWarAction',13,'PRE_MINION'),(9,'PUBLISH_NEW_ETC',NULL,'PublishEtcAction',14,'PRE_MINION'),(10,'PUBLISH_NEW_WAR',NULL,'PublishWarAction',15,'PRE_MINION'),(11,'STOP_TOMCAT',NULL,'StopTomcatAction',21,'PUBLISH_REAL'),(12,'CHANGE_LN',NULL,'ChangeLnAction',22,'PUBLISH_REAL'),(13,'START_TOMCAT',NULL,'StartTomcatAction',23,'PUBLISH_REAL'),(14,'CLEAN_HISTORY_DIR',NULL,'CleanHistoryDirAction',31,'SUCCESS_END'),(15,'UPDATE_SRC_SVN',NULL,'UpdateSrcSvnAction',32,'SUCCESS_END'),(17,'STOP_TOMCAT',NULL,'StopTomcatAction',41,'FAIL_END'),(18,'CHANGE_LN',NULL,'ChangeFailLnAction',42,'FAIL_END'),(19,'START_TOMCAT',NULL,'StartTomcatAction',43,'FAIL_END'),(20,'CLEAN_PUBLISH_DIR',NULL,'CleanPublishDirAction',51,'CLEAN_END'),(21,'STOP_TOMCAT',NULL,'StopTomcatAction',61,'RESTART_TOMCAT'),(22,'START_TOMCAT',NULL,'StartTomcatAction',62,'RESTART_TOMCAT'),(23,'CLEAN_FAIL_DIR',NULL,'CleanFailDirAction',71,'CANCEL_END'),(25,'CLEAN_FAIL_DIR',NULL,'CleanFailDirAction',44,'FAIL_END');
/*!40000 ALTER TABLE `nebula_publish_sequence` ENABLE KEYS */;
UNLOCK TABLES;

--
-- Table structure for table `nebula_publish_svn_baseline`
--

DROP TABLE IF EXISTS `nebula_publish_svn_baseline`;
/*!40101 SET @saved_cs_client     = @@character_set_client */;
/*!40101 SET character_set_client = utf8 */;
CREATE TABLE `nebula_publish_svn_baseline` (
  `id` int(11) NOT NULL AUTO_INCREMENT COMMENT '自增id',
  `product_name` varchar(255) DEFAULT NULL COMMENT '产品英文名称',
  `product_env` varchar(50) DEFAULT NULL COMMENT '产品环境',
  `product_src_svn` varchar(255) DEFAULT NULL COMMENT '产品源svn地址',
  `publish_event_id` int(11) DEFAULT NULL COMMENT '发布事件id',
  `src_svn_version` varchar(255) DEFAULT NULL COMMENT '源svn版本号',
  PRIMARY KEY (`id`)
) ENGINE=InnoDB AUTO_INCREMENT=133 DEFAULT CHARSET=utf8 ROW_FORMAT=DYNAMIC;
/*!40101 SET character_set_client = @saved_cs_client */;

--
-- Dumping data for table `nebula_publish_svn_baseline`
--

LOCK TABLES `nebula_publish_svn_baseline` WRITE;
/*!40000 ALTER TABLE `nebula_publish_svn_baseline` DISABLE KEYS */;
INSERT INTO `nebula_publish_svn_baseline` VALUES (1,'ywpt','test','svn://10.162.21.208/group/ywpt',2,'EMPTY COMMIT'),(2,'ywpt','test','svn://10.162.21.208/group/ywpt',3,'r13 by \'superman\' at Tue Dec 01 13:59:18 CST 2015'),(3,'ywpt','test','svn://10.162.21.208/group/ywpt',7,'EMPTY COMMIT'),(4,'ywpt','test','svn://10.162.21.208/group/ywpt',8,'r14 by \'superman\' at Wed Dec 02 16:20:08 CST 2015'),(5,'ywpt','test','svn://10.162.21.208/group/ywpt',13,'EMPTY COMMIT'),(6,'p','stage','svn://10.162.21.208/pm/p',9,'EMPTY COMMIT'),(7,'ywpt','test','svn://10.162.21.208/group/ywpt',23,'r15 by \'superman\' at Thu Dec 03 16:02:43 CST 2015'),(8,'ywpt','test','svn://10.162.21.208/group/ywpt',28,'EMPTY COMMIT'),(9,'ywpt','test','svn://10.162.21.208/group/ywpt',29,'EMPTY COMMIT'),(10,'p','stage','svn://10.162.21.208/pm/p',25,'r16 by \'superman\' at Thu Dec 03 18:31:39 CST 2015'),(11,'ywpt','test','svn://10.162.21.208/group/ywpt',31,'r17 by \'superman\' at Fri Dec 04 13:04:56 CST 2015'),(12,'ywpt','test','svn://10.162.21.208/group/ywpt',35,'EMPTY COMMIT'),(13,'ywpt','test','svn://10.162.21.208/group/ywpt',36,'r18 by \'superman\' at Wed Dec 09 10:55:30 CST 2015'),(14,'ywpt','test','svn://10.162.21.208/group/ywpt',37,'EMPTY COMMIT'),(15,'ywpt','test','svn://10.162.21.208/group/ywpt',39,'r19 by \'superman\' at Tue Dec 15 11:24:31 CST 2015'),(16,'ywpt','test','svn://10.162.21.208/group/ywpt',40,'EMPTY COMMIT'),(17,'ywpt','test','svn://10.162.21.208/group/ywpt',41,'EMPTY COMMIT'),(18,'p','stage','svn://10.162.21.208/pm/p',42,'r20 by \'superman\' at Tue Dec 15 16:09:31 CST 2015'),(19,'p','stage','svn://10.162.21.208/pm/p',43,'EMPTY COMMIT'),(20,'p','stage','svn://10.162.21.208/pm/p',44,'r21 by \'superman\' at Tue Dec 15 17:09:40 CST 2015'),(21,'p','stage','svn://10.162.21.208/pm/p',46,'EMPTY COMMIT'),(22,'ywpt','test','svn://10.162.21.208/group/ywpt',47,'r22 by \'superman\' at Wed Dec 16 10:59:55 CST 2015'),(23,'ywpt','test','svn://10.162.21.208/group/ywpt',48,'EMPTY COMMIT'),(24,'p','stage','svn://10.162.21.208/pm/p',50,'r23 by \'superman\' at Wed Dec 16 13:51:37 CST 2015'),(25,'p','stage','svn://10.162.21.208/pm/p',52,'EMPTY COMMIT'),(26,'ywpt','test','svn://10.162.21.208/group/ywpt',56,'EMPTY COMMIT'),(27,'p','stage','svn://10.162.21.208/pm/p',54,'EMPTY COMMIT'),(28,'p','stage','svn://10.162.21.208/pm/p',60,'EMPTY COMMIT'),(29,'p','stage','svn://10.162.21.208/pm/p',61,'EMPTY COMMIT'),(30,'p','stage','svn://10.162.21.208/pm/p',62,'EMPTY COMMIT'),(31,'p','stage','svn://10.162.21.208/pm/p',63,'EMPTY COMMIT'),(32,'p','stage','svn://10.162.21.208/pm/p',64,'EMPTY COMMIT'),(33,'p','stage','svn://10.162.21.208/pm/p',66,'EMPTY COMMIT'),(34,'p','stage','svn://10.162.21.208/pm/p',67,'EMPTY COMMIT'),(35,'monitor','stage','svn://10.162.21.208/group/monitor',70,'r24 by \'superman\' at Wed Dec 30 12:16:58 CST 2015'),(36,'monitor','stage','svn://10.162.21.208/group/monitor',71,'r25 by \'superman\' at Wed Dec 30 13:36:23 CST 2015'),(37,'monitor','stage','svn://10.162.21.208/group/monitor',72,'EMPTY COMMIT'),(38,'monitor','stage','svn://10.162.21.208/group/monitor',73,'r26 by \'superman\' at Wed Dec 30 17:13:33 CST 2015'),(39,'monitor','stage','svn://10.162.21.208/group/monitor',74,'r27 by \'superman\' at Wed Dec 30 17:53:02 CST 2015'),(40,'monitor','stage','svn://10.162.21.208/group/monitor',75,'EMPTY COMMIT'),(41,'monitor','stage','svn://10.162.21.208/group/monitor',76,'EMPTY COMMIT'),(42,'p','stage','svn://10.162.21.208/pm/p',77,'EMPTY COMMIT'),(43,'message_center','stage','svn://10.162.21.208/group/message_center',78,'r29 by \'superman\' at Thu Dec 31 11:53:37 CST 2015'),(44,'message_center','stage','svn://10.162.21.208/group/message_center',81,'r30 by \'superman\' at Thu Dec 31 16:28:41 CST 2015'),(45,'p','stage','svn://10.162.21.208/pm/p',80,'EMPTY COMMIT'),(46,'p','stage','svn://10.162.21.208/pm/p',82,'EMPTY COMMIT'),(47,'p','stage','svn://10.162.21.208/pm/p',83,'EMPTY COMMIT'),(48,'p','stage','svn://10.162.21.208/pm/p',84,'EMPTY COMMIT'),(49,'p','stage','svn://10.162.21.208/pm/p',88,'EMPTY COMMIT'),(50,'wxqy','stage','svn://10.162.21.208/gm/wxqy',89,'r32 by \'superman\' at Wed Jan 06 15:06:42 CST 2016'),(51,'wxqy','stage','svn://10.162.21.208/gm/wxqy',90,'r33 by \'superman\' at Wed Jan 06 15:18:46 CST 2016'),(52,'wxqy','stage','svn://10.162.21.208/gm/wxqy',91,'EMPTY COMMIT'),(53,'yjt2015','stage','svn://10.162.21.208/gm/yjt2015',92,'r34 by \'superman\' at Thu Jan 07 11:00:35 CST 2016'),(54,'yjt2015','stage','svn://10.162.21.208/gm/yjt2015',93,'r35 by \'superman\' at Thu Jan 07 11:10:17 CST 2016'),(55,'yjt2015','stage','svn://10.162.21.208/gm/yjt2015',94,'r36 by \'superman\' at Thu Jan 07 11:46:26 CST 2016'),(56,'wx','stage','svn://10.162.21.208/gm/wx',95,'r37 by \'superman\' at Thu Jan 07 14:43:47 CST 2016'),(57,'wx','stage','svn://10.162.21.208/gm/wx',96,'r38 by \'superman\' at Thu Jan 07 14:49:21 CST 2016'),(58,'wx','stage','svn://10.162.21.208/gm/wx',97,'EMPTY COMMIT'),(59,'yjt2015','stage','svn://10.162.21.208/gm/yjt2015',103,'EMPTY COMMIT'),(60,'yjt2015','stage','svn://10.162.21.208/gm/yjt2015',104,'EMPTY COMMIT'),(61,'yjt2015','stage','svn://10.162.21.208/gm/yjt2015',105,'EMPTY COMMIT'),(62,'wx','stage','svn://10.162.21.208/gm/wx',102,'EMPTY COMMIT'),(63,'wx','stage','svn://10.162.21.208/gm/wx',107,'EMPTY COMMIT'),(64,'yjt2015','stage','svn://10.162.21.208/gm/yjt2015',106,'EMPTY COMMIT'),(65,'yjt2015','stage','svn://10.162.21.208/gm/yjt2015',109,'EMPTY COMMIT'),(66,'ywpt','test','svn://10.162.21.208/group/ywpt',108,'EMPTY COMMIT'),(67,'webim','stage','svn://10.162.21.208/gm/webim',111,'r40 by \'superman\' at Mon Jan 11 09:55:52 CST 2016'),(68,'webim','stage','svn://10.162.21.208/gm/webim',112,'EMPTY COMMIT'),(69,'pmwxcn','stage','svn://10.162.21.208/pm/pmwxcn',113,'r42 by \'superman\' at Mon Jan 11 12:50:31 CST 2016'),(70,'pmwxen','stage','svn://10.162.21.208/pm/pmwxen',114,'r43 by \'superman\' at Mon Jan 11 12:59:37 CST 2016'),(71,'base','stage','svn://10.162.21.208/group/base',115,'r46 by \'superman\' at Mon Jan 11 13:47:42 CST 2016'),(72,'diamond','stage','svn://10.162.21.208/group/diamond',116,'r47 by \'superman\' at Mon Jan 11 16:10:08 CST 2016'),(73,'gm_impdata','stage','svn://10.162.21.208/gm/gm_impdata',117,'r51 by \'superman\' at Tue Jan 12 11:25:36 CST 2016'),(74,'gmdcas2','stage','svn://svn.ywpt.com/gm/gmdcas2',118,'r54 by \'superman\' at Tue Jan 12 13:52:29 CST 2016'),(75,'p','stage','svn://10.162.21.208/pm/p',119,'EMPTY COMMIT'),(76,'hq_yypt','stage','svn://10.162.21.208/group/hq_yypt',121,'r55 by \'superman\' at Tue Jan 12 16:09:19 CST 2016'),(77,'gmdcas2','stage','svn://10.162.21.208/gm/gmdcas2',120,'EMPTY COMMIT'),(78,'pm_yypt','stage','svn://10.162.21.208/pm/pm_yypt',122,'r56 by \'superman\' at Tue Jan 12 16:33:26 CST 2016'),(79,'yypt_adv','stage','svn://10.162.21.208/gm/yypt_adv',124,'r57 by \'superman\' at Tue Jan 12 17:26:12 CST 2016'),(80,'monitor','stage','svn://10.162.21.208/group/monitor',126,'EMPTY COMMIT'),(81,'p','stage','svn://10.162.21.208/pm/p',123,'EMPTY COMMIT'),(82,'monitor','stage','svn://10.162.21.208/group/monitor',128,'EMPTY COMMIT'),(83,'monitor','stage','svn://10.162.21.208/group/monitor',129,'EMPTY COMMIT'),(84,'monitor','stage','svn://10.162.21.208/group/monitor',130,'EMPTY COMMIT'),(85,'p','stage','svn://10.162.21.208/pm/p',131,'EMPTY COMMIT'),(86,'pmwxcn','stage','svn://10.162.21.208/pm/pmwxcn',132,'r58 by \'superman\' at Thu Jan 14 16:34:37 CST 2016'),(87,'pm_yypt','stage','svn://10.162.21.208/pm/pm_yypt',134,'r59 by \'superman\' at Thu Jan 14 16:34:49 CST 2016'),(88,'monitor','stage','svn://10.162.21.208/group/monitor',133,'EMPTY COMMIT'),(89,'base','stage','svn://10.162.21.208/group/base',136,'EMPTY COMMIT'),(90,'pm_yypt','stage','svn://10.162.21.208/pm/pm_yypt',137,'EMPTY COMMIT'),(91,'webim','stage','svn://10.162.21.208/gm/webim',135,'r60 by \'superman\' at Thu Jan 14 18:58:50 CST 2016'),(92,'webim','stage','svn://10.162.21.208/gm/webim',138,'EMPTY COMMIT'),(93,'wx','stage','svn://10.162.21.208/gm/wx',139,'EMPTY COMMIT'),(94,'wxqy','stage','svn://10.162.21.208/gm/wxqy',140,'EMPTY COMMIT'),(95,'webim','stage','svn://10.162.21.208/gm/webim',142,'EMPTY COMMIT'),(96,'webim','stage','svn://10.162.21.208/gm/webim',144,'EMPTY COMMIT'),(97,'wx','stage','svn://10.162.21.208/gm/wx',141,'r61 by \'superman\' at Thu Jan 14 22:00:41 CST 2016'),(98,'wx','stage','svn://10.162.21.208/gm/wx',147,'r62 by \'superman\' at Thu Jan 14 22:17:14 CST 2016'),(99,'wxqy','stage','svn://10.162.21.208/gm/wxqy',148,'EMPTY COMMIT'),(100,'diamond','stage','svn://10.162.21.208/group/diamond',149,'EMPTY COMMIT'),(101,'yypt_adv','stage','svn://10.162.21.208/gm/yypt_adv',150,'EMPTY COMMIT'),(102,'ywpt','stage','svn://10.162.21.208/group/ywpt',151,'EMPTY COMMIT'),(103,'diamond','stage','svn://10.162.21.208/group/diamond',152,'EMPTY COMMIT'),(104,'diamond','stage','svn://10.162.21.208/group/diamond',153,'EMPTY COMMIT'),(105,'diamond','stage','svn://10.162.21.208/group/diamond',154,'EMPTY COMMIT'),(106,'diamond','stage','svn://10.162.21.208/group/diamond',155,'EMPTY COMMIT'),(107,'p','stage','svn://10.162.21.208/pm/p',160,'EMPTY COMMIT'),(108,'wxqy','stage','svn://10.162.21.208/gm/wxqy',163,'EMPTY COMMIT'),(109,'yjt2015','stage','svn://10.162.21.208/gm/yjt2015',161,'EMPTY COMMIT'),(110,'wx','stage','svn://10.162.21.208/gm/wx',162,'EMPTY COMMIT'),(111,'wx','stage','svn://10.162.21.208/gm/wx',166,'EMPTY COMMIT'),(112,'yjt2015','stage','svn://10.162.21.208/gm/yjt2015',165,'EMPTY COMMIT'),(113,'wxqy','stage','svn://10.162.21.208/gm/wxqy',164,'EMPTY COMMIT'),(114,'wxqy','stage','svn://10.162.21.208/gm/wxqy',167,'EMPTY COMMIT'),(115,'yjt2015','stage','svn://10.162.21.208/gm/yjt2015',170,'EMPTY COMMIT'),(116,'webim','stage','svn://10.162.21.208/gm/webim',145,'EMPTY COMMIT'),(117,'ywpt','test','svn://10.162.21.208/group/ywpt',173,'EMPTY COMMIT'),(118,'ywpt','test','svn://10.162.21.208/group/ywpt',174,'EMPTY COMMIT'),(119,'ywpt','test','svn://10.162.21.208/group/ywpt',175,'EMPTY COMMIT'),(120,'webim','stage','svn://10.162.21.208/gm/webim',172,'EMPTY COMMIT'),(121,'ywpt','test','svn://10.162.21.208/group/ywpt',177,'EMPTY COMMIT'),(122,'wx','stage','svn://10.162.21.208/gm/wx',178,'EMPTY COMMIT'),(123,'wx','stage','svn://10.162.21.208/gm/wx',179,'EMPTY COMMIT'),(124,'wx','stage','svn://10.162.21.208/gm/wx',180,'EMPTY COMMIT'),(125,'wx','stage','svn://10.162.21.208/gm/wx',181,'EMPTY COMMIT'),(126,'wx','stage','svn://10.162.21.208/gm/wx',183,'EMPTY COMMIT'),(127,'wx','stage','svn://10.162.21.208/gm/wx',184,'EMPTY COMMIT'),(128,'webim','stage','svn://10.162.21.208/gm/webim',182,'EMPTY COMMIT'),(129,'webim','stage','svn://10.162.21.208/gm/webim',185,'EMPTY COMMIT'),(130,'wxqy','stage','svn://10.162.21.208/gm/wxqy',168,'EMPTY COMMIT'),(131,'wxqy','stage','svn://10.162.21.208/gm/wxqy',187,'EMPTY COMMIT'),(132,'wxqy','stage','svn://10.162.21.208/gm/wxqy',188,'EMPTY COMMIT');
/*!40000 ALTER TABLE `nebula_publish_svn_baseline` ENABLE KEYS */;
UNLOCK TABLES;

--
-- Table structure for table `nebula_script`
--

DROP TABLE IF EXISTS `nebula_script`;
/*!40101 SET @saved_cs_client     = @@character_set_client */;
/*!40101 SET character_set_client = utf8 */;
CREATE TABLE `nebula_script` (
  `id` int(11) NOT NULL AUTO_INCREMENT COMMENT '脚本id',
  `script_name` varchar(100) DEFAULT NULL COMMENT '脚本名称',
  `script_path` varchar(100) DEFAULT NULL COMMENT '脚本路径',
  `script_context` text COMMENT '脚本内容',
  `script_type` varchar(50) DEFAULT NULL COMMENT '脚本类型，publish/check',
  PRIMARY KEY (`id`)
) ENGINE=InnoDB DEFAULT CHARSET=utf8 ROW_FORMAT=DYNAMIC;
/*!40101 SET character_set_client = @saved_cs_client */;

--
-- Dumping data for table `nebula_script`
--

LOCK TABLES `nebula_script` WRITE;
/*!40000 ALTER TABLE `nebula_script` DISABLE KEYS */;
/*!40000 ALTER TABLE `nebula_script` ENABLE KEYS */;
UNLOCK TABLES;

--
-- Table structure for table `nebula_script_edit_log`
--

DROP TABLE IF EXISTS `nebula_script_edit_log`;
/*!40101 SET @saved_cs_client     = @@character_set_client */;
/*!40101 SET character_set_client = utf8 */;
CREATE TABLE `nebula_script_edit_log` (
  `id` int(11) NOT NULL AUTO_INCREMENT COMMENT '自增id',
  `script_id` int(11) DEFAULT NULL COMMENT '脚本id',
  `log_action` varchar(255) DEFAULT NULL COMMENT '动作，create/delete/update',
  `log_info` varchar(255) DEFAULT NULL COMMENT '日志信息',
  `log_datetime` datetime DEFAULT NULL COMMENT '日志时间',
  `opt_emp_id` int(11) DEFAULT NULL COMMENT '操作者工号',
  PRIMARY KEY (`id`)
) ENGINE=InnoDB DEFAULT CHARSET=utf8 ROW_FORMAT=DYNAMIC;
/*!40101 SET character_set_client = @saved_cs_client */;

--
-- Dumping data for table `nebula_script_edit_log`
--

LOCK TABLES `nebula_script_edit_log` WRITE;
/*!40000 ALTER TABLE `nebula_script_edit_log` DISABLE KEYS */;
/*!40000 ALTER TABLE `nebula_script_edit_log` ENABLE KEYS */;
UNLOCK TABLES;

--
-- Table structure for table `nebula_script_group`
--

DROP TABLE IF EXISTS `nebula_script_group`;
/*!40101 SET @saved_cs_client     = @@character_set_client */;
/*!40101 SET character_set_client = utf8 */;
CREATE TABLE `nebula_script_group` (
  `id` int(11) NOT NULL AUTO_INCREMENT COMMENT '脚本组id',
  `script_group_name` varchar(100) DEFAULT NULL COMMENT '脚本组名称',
  PRIMARY KEY (`id`)
) ENGINE=InnoDB DEFAULT CHARSET=utf8 ROW_FORMAT=DYNAMIC;
/*!40101 SET character_set_client = @saved_cs_client */;

--
-- Dumping data for table `nebula_script_group`
--

LOCK TABLES `nebula_script_group` WRITE;
/*!40000 ALTER TABLE `nebula_script_group` DISABLE KEYS */;
/*!40000 ALTER TABLE `nebula_script_group` ENABLE KEYS */;
UNLOCK TABLES;

--
-- Table structure for table `nebula_script_group_relation`
--

DROP TABLE IF EXISTS `nebula_script_group_relation`;
/*!40101 SET @saved_cs_client     = @@character_set_client */;
/*!40101 SET character_set_client = utf8 */;
CREATE TABLE `nebula_script_group_relation` (
  `id` int(11) NOT NULL AUTO_INCREMENT COMMENT '自增id',
  `script_group_id` int(11) DEFAULT NULL COMMENT '脚本组id',
  `script_id` int(11) DEFAULT NULL COMMENT '脚本id',
  `script_seq` varchar(255) DEFAULT NULL COMMENT '脚本序列，记录脚本执行顺序，在一个组内递增',
  PRIMARY KEY (`id`)
) ENGINE=InnoDB DEFAULT CHARSET=utf8 ROW_FORMAT=DYNAMIC;
/*!40101 SET character_set_client = @saved_cs_client */;

--
-- Dumping data for table `nebula_script_group_relation`
--

LOCK TABLES `nebula_script_group_relation` WRITE;
/*!40000 ALTER TABLE `nebula_script_group_relation` DISABLE KEYS */;
/*!40000 ALTER TABLE `nebula_script_group_relation` ENABLE KEYS */;
UNLOCK TABLES;

--
-- Table structure for table `nebula_script_history`
--

DROP TABLE IF EXISTS `nebula_script_history`;
/*!40101 SET @saved_cs_client     = @@character_set_client */;
/*!40101 SET character_set_client = utf8 */;
CREATE TABLE `nebula_script_history` (
  `id` int(11) NOT NULL AUTO_INCREMENT,
  `script_id` int(11) DEFAULT NULL COMMENT '脚本id，nebula_script.id',
  `script_name_h` varchar(255) DEFAULT NULL COMMENT '脚本名称',
  `script_path_h` varchar(255) DEFAULT NULL COMMENT '脚本路径',
  `script_context_h` text COMMENT '脚本内容',
  `script_type_h` varchar(255) DEFAULT NULL COMMENT '脚本类型',
  PRIMARY KEY (`id`)
) ENGINE=InnoDB DEFAULT CHARSET=utf8 ROW_FORMAT=DYNAMIC;
/*!40101 SET character_set_client = @saved_cs_client */;

--
-- Dumping data for table `nebula_script_history`
--

LOCK TABLES `nebula_script_history` WRITE;
/*!40000 ALTER TABLE `nebula_script_history` DISABLE KEYS */;
/*!40000 ALTER TABLE `nebula_script_history` ENABLE KEYS */;
UNLOCK TABLES;

--
-- Table structure for table `nebula_user_info`
--

DROP TABLE IF EXISTS `nebula_user_info`;
/*!40101 SET @saved_cs_client     = @@character_set_client */;
/*!40101 SET character_set_client = utf8 */;
CREATE TABLE `nebula_user_info` (
  `id` int(11) NOT NULL AUTO_INCREMENT COMMENT '自增id',
  `username` varchar(50) DEFAULT NULL COMMENT '用户名',
  `mobile_phone` varchar(20) DEFAULT NULL COMMENT '手机号码',
  `weixin_acc` varchar(50) DEFAULT NULL COMMENT '微信账号',
  `qq_acc` varchar(50) DEFAULT NULL COMMENT 'QQ账号',
  `email` varchar(50) DEFAULT NULL COMMENT '邮箱',
  `nickname` varchar(50) DEFAULT NULL COMMENT '昵称',
  `dept_name` varchar(255) DEFAULT NULL COMMENT '部门名称',
  `job_title` varchar(50) DEFAULT NULL COMMENT '职位',
  `emp_id` int(10) NOT NULL COMMENT '工号',
  `supervisor_emp_id` int(10) DEFAULT NULL COMMENT '主管工号',
  `is_enable` int(5) DEFAULT NULL COMMENT '是否启用',
  `password` varchar(50) DEFAULT NULL COMMENT '密码',
  `security_key` varchar(100) DEFAULT NULL COMMENT '安全key',
  PRIMARY KEY (`id`),
  UNIQUE KEY `unique_emp_id` (`emp_id`),
  UNIQUE KEY `unique_username` (`username`)
) ENGINE=InnoDB AUTO_INCREMENT=37 DEFAULT CHARSET=utf8 ROW_FORMAT=DYNAMIC;
/*!40101 SET character_set_client = @saved_cs_client */;

--
-- Dumping data for table `nebula_user_info`
--

LOCK TABLES `nebula_user_info` WRITE;
/*!40000 ALTER TABLE `nebula_user_info` DISABLE KEYS */;
INSERT INTO `nebula_user_info` VALUES (3,'tim','18667875586','59913891','59913891','timl@olymtech.com','Tim','运维','运维部经理',6,1,1,'40dcfa94ae6afbd02e7651d037d24cf0','dc5cc6ee47af92714bf34a2250c49946'),(6,'jasonshi2287','13656642287','13656642287','13656642287','jasonshi@olymtech.com','施先进','PM事业部','技术副总',88,98,1,'4f6073d2cc1510464ef15c9dbf6bacec','878561903d8b5b323bf6688fc801dcfc'),(12,'zongxinh','13251901828','shellsuperhu','516270366','zongxinh@olymtech.com','胡宗鑫','平台运维部','运维',246,6,1,'623f3d0eb9da4f067572e40fbb7a7904','d0f2eabd1877db062771db27a13ba918'),(14,'robertb2034','15888872034','15888872034','15888872034','robertb@olymtech.com','包旭军','PM事业部','项目负责人',74,88,1,'ec5f741db724d18f89e6a9ebd8d18945','248a9fc25f6bdb7bfed3a3875971b3bc'),(15,'grinningx2644','13738102644','13738102644','13738102644','grinningx@olymtech.com','肖斯斯','PM事业部','项目负责人',87,88,1,'6604fea047a3af90e1abda24962448a9','62faa14e8a1a28d96a715c035212b96e'),(17,'raymond6650','12345678','raymond6650','raymond6650','raymond6650@olymtech.com','张建强','pm','开发',100,88,1,'60901aae35534ec578cb55a84421010c','ab1a90792adfdef134e991c413b8b7fb'),(18,'van5981','123456','van5981','van5981','van5981@olymtech.com','刘伟','pm','开发',101,88,1,'a1dda4fcc4c7a2c46a325e990152982c','acb6a92e4bc4876e590122c3396984bf'),(19,'windy5137','12345678','windy5137','windy5137','windy5137@olymtech.com','陈锋','pm','开发',102,88,1,'64e17d66742197bf2ed1e877242d26a8','1c45ca0fd66f5e5d32eb082eb2353c43'),(20,'taylor513','12345678','taylor513','taylor513','taylor513@olymtech.com','滕野','pm','开发',103,88,1,'a6d1cdf04f71b645b879940154837a2f','4fc970ba1a6e4e626bc976e8d1f6d772'),(21,'tiny6225','15267876225','just_laughing_yy','543831481','tiny@olymtech.com','徐耀阳','运维','运维',47,6,1,'8464a9a4aed7a8f7716b2224ff0565c9','771d9deda1678331747a78bb1923e6f7'),(22,'hangfengw','15726818221','hangfengw','hangfengw','hangfengw@olymtech.com','王杭烽','运维','运维',269,6,1,'1822271f6407aacf380039e76574f7ae','44c7c5022a321f56cc02b35f6c492fc9'),(24,'jiaweix','jiaweix','jiaweix','jiaweix','jiaweix@olymtech.com','徐佳伟','运维','运维',216,6,1,'a6bcb4008b2226733d89c15d80fa37d9','3d581c5e2e2d4a01785c5615090f1886'),(25,'shilei@olymtech.com','18606875181','28472132','28472132','shil@olymtech.com','史磊','平台部','平台部经理',5,1,1,'5d4cf0f662a0f673c4ccc619da928041','7eeb7151bce9addb42d61135d9346b09'),(26,'jhjz1337','18516261337','18516261337','18516261337','zhjz@olymtech.com','朱志娟','GM-微信端开发部','测试组长',75,77,1,'4041ec794c921113f542cb73b10c777e','9de54ae7c8566f2ebe989bc475e6b0ab'),(27,'nezh0936','15000110936','15000110936','15000110936','wishinezh@olymtech.com','周文','GM-微信端开发部','开发部经理',77,79,1,'00ce95e2d116e52dd720fb153e832266','b4496954d09783195843ad2504c720d4'),(28,'nanc5689','15968415689','15968415689','15968415689','nanc@olymtech.com','陈楠','平台研发部','开发',18,5,1,'4971f591f3530014d416d9aefa73a09c','e9a04e3fcaf7d89fb88c1cd3b8e62877'),(29,'ianl2509','15067453509','15067453509','15067453509','jianl@olymtech.com','罗建','GM开发部','开发',28,79,1,'4dbf00d7bf4003f5352d9e444005a0c4','485cce7a686bcc0477961acaaf7b1351'),(30,'cammy9755','15325819755','15325819755','15325819755','cammy@olymtech.com','徐益光','GM开发部','经理',79,8,1,'dd0ac70c80dbb5d2745acf6d072a2eac','b4f04c6cd01f5909131fb3968b5af3c4'),(31,'linh9913','15968499913','15968499913','15968499913','maolinh@olymtech.com','侯茂林','GM产品开发部','开发工程师',7,79,1,'b8742ff3f208ad61c4d7003bf5dd6b6a','d0b9b9b1cd36a9e4afe358bac6943611'),(32,'feig9160','13736029160','13736029160','13736029160','jianfeig@olymtech.com','葛建飞','平台部','架构师',71,5,1,'1cdde67384d037ba93e8b204843baadc','55cd6da5ee43332165c98ca4f0364ec4'),(33,'bunny','111111111','222222222','1025668357','bunny@olymtech.com','王燕','平台运维部','运维工程师',49,6,1,'9dba33ff6de084dd56a8c0d2674cd6c5','37af1d1a456247de546985079ba1c0a2'),(34,'feng0627','15067450627','zixuanchan','153947167','fengc@olymtech.com','陈峰','GM','开发',29,1,1,'744288de9ae9a465402bbee3648f1a15','4094cfaa3bba2b8f5fa225b0863cdc7e'),(35,'jimq','18502128830','qsj695546958','','','乔仕举','微信','开发',202,77,1,'22d26376fa4616794400d2c4da1b8a9c','ac83adcd5531d46a0c7aa5960d260209'),(36,'qishengf','18758264328','fqsh0719','913878456','qishengf@olymtech.com','方祁生','微信','开发',134,77,1,'5e6d9a4d687237f4ccafeb957c83eb17','02e8f1b2f2b17d1ac03aac8d4b3b2589');
/*!40000 ALTER TABLE `nebula_user_info` ENABLE KEYS */;
UNLOCK TABLES;
/*!40103 SET TIME_ZONE=@OLD_TIME_ZONE */;

/*!40101 SET SQL_MODE=@OLD_SQL_MODE */;
/*!40014 SET FOREIGN_KEY_CHECKS=@OLD_FOREIGN_KEY_CHECKS */;
/*!40014 SET UNIQUE_CHECKS=@OLD_UNIQUE_CHECKS */;
/*!40101 SET CHARACTER_SET_CLIENT=@OLD_CHARACTER_SET_CLIENT */;
/*!40101 SET CHARACTER_SET_RESULTS=@OLD_CHARACTER_SET_RESULTS */;
/*!40101 SET COLLATION_CONNECTION=@OLD_COLLATION_CONNECTION */;
/*!40111 SET SQL_NOTES=@OLD_SQL_NOTES */;

-- Dump completed on 2016-01-25 10:05:29
